"customer_id","last_purchase","frequency","monetary","r_score","f_score","m_score","segment"
18102.0,"2011-12-09 11:50:00",145,608821.65,1,4,4,"Lost"
14646.0,"2011-12-08 12:12:00",151,528602.52,1,4,4,"Lost"
14156.0,"2011-11-30 10:54:00",156,313946.37,1,4,4,"Lost"
14911.0,"2011-12-08 15:54:00",398,295972.63,1,4,4,"Lost"
17450.0,"2011-12-01 13:29:00",51,246973.09,1,4,4,"Lost"
13694.0,"2011-12-06 09:32:00",143,196482.81,1,4,4,"Lost"
17511.0,"2011-12-07 10:12:00",60,175603.55,1,4,4,"Lost"
16446.0,"2011-12-09 09:15:00",2,168472.50,1,2,4,"Lost"
16684.0,"2011-12-05 14:06:00",55,147142.77,1,4,4,"Lost"
12415.0,"2011-11-15 14:22:00",28,144458.37,1,4,4,"Lost"
15061.0,"2011-12-06 12:06:00",127,137818.52,1,4,4,"Lost"
16029.0,"2011-11-01 10:27:00",107,122209.14,2,4,4,"At risk"
17949.0,"2011-12-08 18:46:00",118,118628.08,1,4,4,"Lost"
15311.0,"2011-12-09 12:00:00",208,116771.16,1,4,4,"Lost"
13089.0,"2011-12-07 09:02:00",203,116737.86,1,4,4,"Lost"
12931.0,"2011-11-18 12:39:00",57,92347.34,1,4,4,"Lost"
14298.0,"2011-12-01 13:12:00",82,91194.49,1,4,4,"Lost"
15769.0,"2011-12-02 13:52:00",46,88704.32,1,4,4,"Lost"
12346.0,"2011-01-18 10:01:00",12,77556.46,3,4,4,"Loyal"
13798.0,"2011-12-08 15:51:00",110,75836.87,1,4,4,"Lost"
15838.0,"2011-11-28 14:00:00",34,74163.00,1,4,4,"Lost"
17841.0,"2011-12-08 12:07:00",211,70884.07,1,4,4,"Lost"
16754.0,"2010-12-02 17:38:00",29,67502.47,3,4,4,"Loyal"
14096.0,"2011-12-05 17:17:00",17,65164.79,1,4,4,"Lost"
14088.0,"2011-11-29 16:16:00",16,64036.80,1,4,4,"Lost"
16422.0,"2011-11-22 14:00:00",109,63651.47,1,4,4,"Lost"
13081.0,"2011-11-28 10:54:00",28,59205.15,1,4,4,"Lost"
16013.0,"2011-12-06 10:36:00",84,57446.44,1,4,4,"Lost"
14680.0,"2011-11-14 16:59:00",58,57412.77,1,4,4,"Lost"
17389.0,"2011-12-09 09:38:00",61,57224.68,1,4,4,"Lost"
17850.0,"2010-12-02 15:27:00",155,56600.08,3,4,4,"Loyal"
12748.0,"2011-12-09 12:20:00",336,56599.39,1,4,4,"Lost"
13777.0,"2011-12-09 12:25:00",61,56478.42,1,4,4,"Lost"
13093.0,"2011-03-09 12:14:00",55,54943.65,3,4,4,"Loyal"
13408.0,"2011-12-08 09:05:00",106,51733.46,1,4,4,"Lost"
17404.0,"2011-12-05 16:26:00",23,47781.12,1,4,4,"Lost"
13881.0,"2011-12-06 12:50:00",43,45179.10,1,4,4,"Lost"
15749.0,"2011-04-18 13:20:00",3,44534.30,3,3,4,"Loyal"
16705.0,"2011-12-09 12:08:00",42,43515.05,1,4,4,"Lost"
14031.0,"2011-12-02 17:13:00",44,40999.17,1,4,4,"Lost"
15039.0,"2011-11-30 11:31:00",93,40031.43,1,4,4,"Lost"
17381.0,"2011-12-01 11:59:00",38,40002.37,1,4,4,"Lost"
12471.0,"2011-12-07 15:43:00",79,39963.79,1,4,4,"Lost"
15098.0,"2011-06-10 15:33:00",3,39916.50,3,3,4,"Loyal"
16210.0,"2011-12-08 12:36:00",35,38489.51,1,4,4,"Lost"
17675.0,"2011-12-08 18:03:00",70,38259.60,1,4,4,"Lost"
17677.0,"2011-12-08 09:56:00",54,36692.91,1,4,4,"Lost"
12921.0,"2011-11-30 16:22:00",74,35921.04,1,4,4,"Lost"
13767.0,"2011-12-07 15:00:00",73,35540.53,1,4,4,"Lost"
12678.0,"2011-10-28 13:04:00",21,34281.18,2,4,4,"At risk"
15856.0,"2011-12-05 17:09:00",52,34220.34,1,4,4,"Lost"
13902.0,"2010-03-17 13:09:00",5,34095.26,4,3,4,"Champion"
16779.0,"2011-12-07 14:54:00",53,33268.24,1,4,4,"Lost"
14258.0,"2011-11-30 15:27:00",25,32051.34,1,4,4,"Lost"
17428.0,"2011-12-09 09:45:00",45,31819.76,1,4,4,"Lost"
12709.0,"2011-11-24 15:38:00",34,31093.34,1,4,4,"Lost"
12681.0,"2011-11-25 11:33:00",45,30868.28,1,4,4,"Lost"
14606.0,"2011-12-08 19:28:00",192,30861.06,1,4,4,"Lost"
17940.0,"2011-10-21 13:27:00",16,30393.19,2,4,4,"At risk"
13078.0,"2011-12-06 15:36:00",57,29532.45,1,4,4,"Lost"
13098.0,"2011-12-08 14:14:00",28,28882.44,1,4,4,"Lost"
17857.0,"2011-12-05 13:13:00",24,28682.24,1,4,4,"Lost"
14527.0,"2011-12-07 12:19:00",122,27792.30,1,4,4,"Lost"
15513.0,"2011-11-06 14:36:00",35,27750.55,2,4,4,"At risk"
16333.0,"2011-12-02 12:19:00",22,26626.80,1,4,4,"Lost"
17865.0,"2011-11-09 12:08:00",46,26374.39,2,4,4,"At risk"
18251.0,"2011-09-13 15:03:00",9,26278.86,2,4,4,"At risk"
13802.0,"2011-07-24 10:54:00",19,26259.11,3,4,4,"Loyal"
15498.0,"2011-12-07 12:48:00",44,26039.58,1,4,4,"Lost"
12731.0,"2011-11-16 11:59:00",17,25775.71,1,4,4,"Lost"
14062.0,"2011-11-30 10:04:00",24,25604.20,1,4,4,"Lost"
12744.0,"2011-10-19 11:18:00",11,25317.06,2,4,4,"At risk"
12939.0,"2011-10-06 14:33:00",20,25264.80,2,4,4,"At risk"
14895.0,"2011-12-02 09:23:00",38,25119.54,1,4,4,"Lost"
12621.0,"2011-12-08 11:25:00",35,24775.81,1,4,4,"Lost"
16525.0,"2011-12-07 15:07:00",48,24582.64,1,4,4,"Lost"
17920.0,"2011-12-05 14:29:00",54,24516.46,1,4,4,"Lost"
13001.0,"2011-12-05 14:51:00",33,24172.10,1,4,4,"Lost"
14607.0,"2011-11-24 10:35:00",22,24137.63,1,4,4,"Lost"
12682.0,"2011-12-06 10:00:00",52,24033.91,1,4,4,"Lost"
15640.0,"2011-12-05 14:35:00",29,23957.58,1,4,4,"Lost"
12482.0,"2010-05-12 16:51:00",29,23691.40,4,4,4,"Champion"
12409.0,"2011-09-22 10:38:00",7,23419.29,2,4,4,"At risk"
16133.0,"2011-12-06 11:24:00",56,22992.26,1,4,4,"Lost"
14063.0,"2010-09-27 16:18:00",9,22710.20,4,4,4,"Champion"
14051.0,"2011-12-09 10:20:00",37,22434.00,1,4,4,"Lost"
17340.0,"2011-11-10 10:45:00",18,22404.82,2,4,4,"At risk"
16839.0,"2011-12-01 09:03:00",44,22310.49,1,4,4,"Lost"
12540.0,"2011-11-20 11:31:00",33,22254.49,1,4,4,"Lost"
15159.0,"2011-12-08 12:05:00",34,22116.73,1,4,4,"Lost"
13340.0,"2011-10-25 13:15:00",12,22100.56,2,4,4,"At risk"
13319.0,"2011-12-04 13:34:00",58,22082.50,1,4,4,"Lost"
14667.0,"2011-11-29 11:30:00",54,21927.14,1,4,4,"Lost"
12753.0,"2011-11-17 10:52:00",6,21429.39,1,3,4,"Lost"
15615.0,"2011-11-29 14:42:00",47,21373.97,1,4,4,"Lost"
17243.0,"2011-12-08 13:26:00",69,20889.86,1,4,4,"Lost"
14866.0,"2011-11-29 11:45:00",19,20850.22,1,4,4,"Lost"
17706.0,"2011-12-05 13:34:00",31,20749.98,1,4,4,"Lost"
12433.0,"2011-12-09 10:02:00",10,20581.26,1,4,4,"Lost"
15251.0,"2011-11-30 15:02:00",21,20324.54,1,4,4,"Lost"
12477.0,"2011-11-17 09:51:00",9,20276.37,1,4,4,"Lost"
18008.0,"2011-09-30 15:17:00",23,19787.13,2,4,4,"At risk"
17139.0,"2011-11-24 10:12:00",25,19584.46,1,4,4,"Lost"
16843.0,"2011-10-28 09:06:00",35,19571.43,2,4,4,"At risk"
17581.0,"2011-12-09 12:21:00",43,18757.75,1,4,4,"Lost"
12557.0,"2011-11-23 16:59:00",8,18716.14,1,4,4,"Lost"
14194.0,"2011-12-05 10:38:00",36,18670.59,1,4,4,"Lost"
13113.0,"2011-12-09 12:49:00",37,18625.73,1,4,4,"Lost"
15808.0,"2011-02-06 14:33:00",21,18409.93,3,4,4,"Loyal"
17377.0,"2011-11-16 11:17:00",78,18319.41,1,4,4,"Lost"
12357.0,"2011-11-06 16:07:00",3,18287.66,2,2,4,"At risk"
16746.0,"2011-12-05 12:33:00",42,18066.40,1,4,4,"Lost"
12647.0,"2011-11-17 12:56:00",36,17924.35,1,4,4,"Lost"
12472.0,"2011-11-07 14:01:00",19,17880.59,2,4,4,"At risk"
15078.0,"2011-12-02 15:41:00",53,17761.88,1,4,4,"Lost"
12901.0,"2011-12-01 10:07:00",28,17654.54,1,4,4,"Lost"
14952.0,"2011-10-11 10:33:00",32,17629.35,2,4,4,"At risk"
16652.0,"2011-10-12 09:38:00",16,17550.39,2,4,4,"At risk"
15189.0,"2011-12-08 13:22:00",46,17524.38,1,4,4,"Lost"
18172.0,"2011-11-25 11:12:00",52,17479.84,1,4,4,"Lost"
16019.0,"2011-10-24 11:51:00",27,17465.85,2,4,4,"At risk"
15523.0,"2011-09-16 16:29:00",16,17359.99,2,4,4,"At risk"
13027.0,"2011-08-18 09:39:00",19,17335.20,3,4,4,"Loyal"
17416.0,"2011-11-10 12:47:00",22,17298.45,2,4,4,"At risk"
13564.0,"2011-07-18 14:33:00",37,17249.55,3,4,4,"Loyal"
17735.0,"2011-12-07 16:47:00",26,17244.93,1,4,4,"Lost"
14277.0,"2011-11-24 15:01:00",9,17225.81,1,4,4,"Lost"
15358.0,"2011-12-05 09:04:00",42,17050.41,1,4,4,"Lost"
15125.0,"2011-11-14 13:57:00",24,17024.87,1,4,4,"Lost"
16656.0,"2011-11-17 14:43:00",30,16833.17,1,4,4,"Lost"
12454.0,"2011-10-14 17:13:00",5,16679.78,2,3,4,"At risk"
16553.0,"2011-06-29 15:42:00",33,16644.01,3,4,4,"Loyal"
13199.0,"2011-12-06 12:30:00",67,16432.89,1,4,4,"Lost"
14961.0,"2011-11-29 09:42:00",22,16410.15,1,4,4,"Lost"
13225.0,"2011-12-06 13:29:00",16,16260.07,1,4,4,"Lost"
16180.0,"2011-08-31 16:28:00",13,16249.87,3,4,4,"Loyal"
12980.0,"2011-07-05 09:34:00",21,16245.78,3,4,4,"Loyal"
15044.0,"2011-11-20 13:20:00",35,16204.33,1,4,4,"Lost"
14733.0,"2011-11-23 15:39:00",15,16184.97,1,4,4,"Lost"
18092.0,"2011-12-07 13:14:00",18,16179.44,1,4,4,"Lost"
17107.0,"2011-11-06 14:14:00",10,16075.42,2,4,4,"At risk"
12971.0,"2011-12-06 12:20:00",116,15972.79,1,4,4,"Lost"
17716.0,"2011-11-17 12:00:00",24,15956.97,1,4,4,"Lost"
14769.0,"2011-12-07 10:24:00",17,15771.88,1,4,4,"Lost"
14849.0,"2011-11-18 10:58:00",43,15763.45,1,4,4,"Lost"
16191.0,"2011-12-07 11:26:00",24,15688.02,1,4,4,"Lost"
15768.0,"2011-08-16 10:48:00",34,15601.09,3,4,4,"Loyal"
13488.0,"2011-11-22 14:41:00",23,15587.88,1,4,4,"Lost"
12949.0,"2011-11-09 11:25:00",22,15526.70,2,4,4,"At risk"
15601.0,"2011-11-28 15:15:00",30,14960.12,1,4,4,"Lost"
14543.0,"2011-11-11 12:45:00",39,14906.77,2,4,4,"At risk"
18087.0,"2011-09-02 15:12:00",17,14761.52,3,4,4,"Loyal"
16126.0,"2011-11-10 16:03:00",15,14646.80,2,4,4,"At risk"
17133.0,"2011-11-24 12:27:00",12,14622.33,1,4,4,"Lost"
16873.0,"2011-12-05 12:05:00",12,14617.39,1,4,4,"Lost"
15482.0,"2011-11-24 10:46:00",19,14592.56,1,4,4,"Lost"
16713.0,"2011-11-21 12:36:00",32,14560.69,1,4,4,"Lost"
17448.0,"2010-07-30 14:07:00",46,14556.97,4,4,4,"Champion"
14299.0,"2011-12-01 16:05:00",27,14499.49,1,4,4,"Lost"
12583.0,"2011-12-07 08:07:00",27,14447.44,1,4,4,"Lost"
15093.0,"2011-11-21 13:09:00",23,14326.11,1,4,4,"Lost"
12476.0,"2011-11-24 12:40:00",23,14115.41,1,4,4,"Lost"
17017.0,"2011-12-07 09:32:00",29,14110.61,1,4,4,"Lost"
15005.0,"2011-11-24 12:25:00",56,14106.20,1,4,4,"Lost"
13090.0,"2011-12-01 12:39:00",24,14103.09,1,4,4,"Lost"
12714.0,"2011-11-30 15:43:00",12,14093.71,1,4,4,"Lost"
13178.0,"2011-11-13 16:14:00",21,14059.19,2,4,4,"At risk"
17589.0,"2011-10-10 16:58:00",18,14049.87,2,4,4,"At risk"
18223.0,"2011-12-05 09:11:00",26,14000.85,1,4,4,"Lost"
15502.0,"2011-11-24 12:48:00",14,13993.47,1,4,4,"Lost"
12435.0,"2011-09-21 09:06:00",6,13925.93,2,3,4,"At risk"
15760.0,"2010-03-19 11:45:00",2,13916.34,4,2,4,"Loyal"
16558.0,"2011-12-09 10:20:00",38,13873.51,1,4,4,"Lost"
15291.0,"2011-11-14 11:02:00",40,13846.56,2,4,4,"At risk"
15032.0,"2011-03-28 15:03:00",8,13780.65,3,4,4,"Loyal"
15382.0,"2011-11-25 10:58:00",12,13733.55,1,4,4,"Lost"
12567.0,"2011-11-17 11:02:00",15,13709.86,1,4,4,"Lost"
12989.0,"2011-12-06 15:28:00",33,13551.75,1,4,4,"Lost"
13468.0,"2011-12-08 10:39:00",72,13390.51,1,4,4,"Lost"
13097.0,"2011-11-07 10:43:00",28,13389.22,2,4,4,"At risk"
16923.0,"2011-11-27 13:00:00",32,13378.36,1,4,4,"Lost"
15738.0,"2011-11-21 08:26:00",41,13372.97,1,4,4,"Lost"
13629.0,"2011-11-16 13:21:00",19,13370.86,1,4,4,"Lost"
13969.0,"2011-12-02 15:11:00",35,13365.87,1,4,4,"Lost"
14049.0,"2011-11-23 12:20:00",13,13239.03,1,4,4,"Lost"
13316.0,"2011-11-02 13:40:00",10,13191.57,2,4,4,"At risk"
16549.0,"2011-11-29 15:06:00",34,13182.19,1,4,4,"Lost"
13668.0,"2011-12-07 12:11:00",35,13089.94,1,4,4,"Lost"
18225.0,"2011-12-06 13:27:00",26,13054.26,1,4,4,"Lost"
14110.0,"2011-12-06 12:26:00",33,12987.95,1,4,4,"Lost"
16161.0,"2011-12-08 12:10:00",43,12831.80,1,4,4,"Lost"
13952.0,"2011-05-06 09:00:00",14,12823.52,3,4,4,"Loyal"
17858.0,"2011-12-04 11:56:00",30,12797.65,1,4,4,"Lost"
12683.0,"2011-12-05 16:31:00",21,12696.78,1,4,4,"Lost"
12437.0,"2011-12-08 11:35:00",39,12683.40,1,4,4,"Lost"
12451.0,"2011-11-29 08:40:00",8,12669.88,1,4,4,"Lost"
15465.0,"2011-11-20 10:11:00",32,12655.65,1,4,4,"Lost"
14040.0,"2011-10-30 12:42:00",35,12645.57,2,4,4,"At risk"
13013.0,"2011-12-08 15:01:00",29,12625.77,1,4,4,"Lost"
12536.0,"2011-10-27 14:20:00",3,12601.83,2,2,4,"At risk"
16814.0,"2011-11-25 13:27:00",36,12499.71,1,4,4,"Lost"
15194.0,"2011-12-06 15:10:00",28,12427.69,1,4,4,"Lost"
12474.0,"2011-11-22 14:39:00",31,12424.45,1,4,4,"Lost"
14936.0,"2011-11-06 10:30:00",12,12410.81,2,4,4,"At risk"
16000.0,"2011-12-07 12:17:00",3,12393.70,1,2,4,"Lost"
12481.0,"2011-11-17 08:29:00",15,12361.39,1,4,4,"Lost"
13050.0,"2011-11-25 09:18:00",35,12344.53,1,4,4,"Lost"
14739.0,"2011-12-05 16:54:00",25,12287.50,1,4,4,"Lost"
13854.0,"2011-12-01 09:06:00",39,12253.96,1,4,4,"Lost"
14735.0,"2011-12-06 12:09:00",56,12240.16,1,4,4,"Lost"
13418.0,"2011-11-28 10:23:00",31,12233.60,1,4,4,"Lost"
15023.0,"2011-12-06 17:23:00",20,12170.68,1,4,4,"Lost"
15144.0,"2011-12-01 15:12:00",29,12160.31,1,4,4,"Lost"
17338.0,"2011-11-22 14:23:00",17,12142.57,1,4,4,"Lost"
15555.0,"2011-11-27 16:19:00",36,12112.35,1,4,4,"Lost"
14415.0,"2011-12-08 14:38:00",23,12091.60,1,4,4,"Lost"
17364.0,"2011-12-09 09:00:00",28,12070.42,1,4,4,"Lost"
14505.0,"2011-11-22 15:45:00",19,12001.84,1,4,4,"Lost"
17044.0,"2011-11-14 14:28:00",12,11962.30,1,4,4,"Lost"
13458.0,"2011-12-02 15:29:00",16,11959.27,1,4,4,"Lost"
16258.0,"2011-10-25 13:30:00",15,11942.52,2,4,4,"At risk"
16523.0,"2011-12-08 09:06:00",28,11916.33,1,4,4,"Lost"
13687.0,"2010-09-27 16:30:00",1,11880.84,4,1,4,"At risk"
18226.0,"2011-10-26 13:36:00",26,11878.88,2,4,4,"At risk"
12705.0,"2011-11-24 13:17:00",14,11762.10,1,4,4,"Lost"
14426.0,"2011-11-16 12:25:00",17,11727.94,1,4,4,"Lost"
13102.0,"2011-12-08 12:52:00",37,11696.92,1,4,4,"Lost"
13004.0,"2011-11-28 11:27:00",36,11650.85,1,4,4,"Lost"
13576.0,"2011-11-29 15:34:00",28,11551.74,1,4,4,"Lost"
15218.0,"2011-11-29 11:48:00",22,11516.57,1,4,4,"Lost"
12668.0,"2011-11-28 10:56:00",10,11444.68,1,4,4,"Lost"
13680.0,"2011-12-08 13:47:00",12,11435.67,1,4,4,"Lost"
14016.0,"2011-07-01 11:29:00",11,11403.41,3,4,4,"Loyal"
17809.0,"2011-11-23 12:59:00",20,11337.39,1,4,4,"Lost"
14045.0,"2011-08-22 15:27:00",16,11313.03,3,4,4,"Loyal"
15874.0,"2011-10-07 12:31:00",21,11284.76,2,4,4,"At risk"
12539.0,"2011-11-17 13:30:00",7,11214.75,1,3,4,"Lost"
18055.0,"2011-12-02 14:25:00",14,11195.57,1,4,4,"Lost"
12524.0,"2011-11-30 15:31:00",17,11126.11,1,4,4,"Lost"
14134.0,"2010-11-22 12:26:00",15,11123.35,4,4,4,"Champion"
13941.0,"2011-11-18 09:43:00",15,11122.30,1,4,4,"Lost"
12918.0,"2010-03-23 15:22:00",1,10953.50,4,1,4,"At risk"
16985.0,"2011-11-22 13:33:00",23,10923.16,1,4,4,"Lost"
14796.0,"2011-12-08 15:31:00",27,10889.64,1,4,4,"Lost"
18052.0,"2010-05-24 11:11:00",1,10877.18,4,1,4,"At risk"
12431.0,"2011-11-04 11:55:00",27,10857.97,2,4,4,"At risk"
16033.0,"2011-12-04 12:44:00",27,10836.13,1,4,4,"Lost"
15694.0,"2011-12-09 09:44:00",24,10810.81,1,4,4,"Lost"
18229.0,"2011-11-28 09:48:00",28,10803.71,1,4,4,"Lost"
16984.0,"2011-09-12 13:43:00",9,10754.80,2,4,4,"At risk"
16327.0,"2011-11-25 13:23:00",16,10731.34,1,4,4,"Lost"
16168.0,"2011-11-29 12:45:00",66,10636.47,1,4,4,"Lost"
13324.0,"2011-11-03 16:28:00",18,10513.47,2,4,4,"At risk"
15290.0,"2011-12-05 11:39:00",26,10496.28,1,4,4,"Lost"
16782.0,"2011-11-29 13:20:00",38,10438.41,1,4,4,"Lost"
14028.0,"2010-06-07 13:33:00",3,10396.50,4,3,4,"Champion"
15296.0,"2011-10-20 11:47:00",12,10342.83,2,4,4,"At risk"
14422.0,"2011-12-09 11:26:00",19,10271.52,1,4,4,"Lost"
15719.0,"2011-11-07 12:29:00",31,10223.06,2,4,4,"At risk"
17160.0,"2011-11-08 14:05:00",17,10209.16,2,4,4,"At risk"
15805.0,"2011-11-16 16:32:00",30,10189.23,1,4,4,"Lost"
13599.0,"2011-12-08 16:10:00",33,10167.63,1,4,4,"Lost"
15547.0,"2011-12-02 12:52:00",26,10154.39,1,4,4,"Lost"
14085.0,"2011-12-07 13:46:00",33,10104.97,1,4,4,"Lost"
12839.0,"2011-12-07 12:33:00",26,10071.73,1,4,4,"Lost"
12766.0,"2011-12-06 08:46:00",9,10068.28,1,4,4,"Lost"
13985.0,"2011-12-05 17:06:00",22,10020.86,1,4,4,"Lost"
16353.0,"2011-12-06 12:23:00",38,9999.46,1,4,4,"Lost"
14755.0,"2011-11-30 11:24:00",25,9972.55,1,4,4,"Lost"
16182.0,"2011-09-28 13:23:00",9,9971.65,2,4,4,"At risk"
18260.0,"2011-06-20 12:37:00",23,9962.11,3,4,4,"Loyal"
14101.0,"2011-09-27 12:28:00",13,9961.93,2,4,4,"At risk"
16131.0,"2011-10-19 11:53:00",12,9957.42,2,4,4,"At risk"
17049.0,"2011-12-07 10:48:00",19,9947.48,1,4,4,"Lost"
14329.0,"2011-11-22 15:50:00",15,9927.22,1,4,4,"Lost"
17230.0,"2011-03-20 16:12:00",18,9924.95,3,4,4,"Loyal"
16701.0,"2011-12-01 11:10:00",26,9916.73,1,4,4,"Lost"
12758.0,"2011-08-15 10:22:00",7,9903.24,3,4,4,"Loyal"
18109.0,"2011-12-08 11:36:00",38,9893.96,1,4,4,"Lost"
13327.0,"2011-11-01 10:21:00",20,9879.48,2,4,4,"At risk"
12590.0,"2011-05-12 14:52:00",2,9864.26,3,2,4,"Loyal"
14828.0,"2011-05-27 10:16:00",13,9839.46,3,4,4,"Loyal"
12490.0,"2011-12-04 16:07:00",21,9823.64,1,4,4,"Lost"
13735.0,"2011-11-15 11:14:00",13,9813.22,1,4,4,"Lost"
14944.0,"2011-11-10 09:10:00",19,9784.67,2,4,4,"At risk"
17306.0,"2011-11-29 12:14:00",21,9782.35,1,4,4,"Lost"
13018.0,"2011-11-23 13:28:00",35,9763.16,1,4,4,"Lost"
13267.0,"2011-12-07 11:12:00",36,9758.26,1,4,4,"Lost"
13069.0,"2011-12-09 08:39:00",38,9683.13,1,4,4,"Lost"
12380.0,"2011-11-18 11:27:00",11,9676.30,1,4,4,"Lost"
17315.0,"2011-12-08 12:15:00",43,9650.60,1,4,4,"Lost"
14135.0,"2011-12-08 11:38:00",24,9643.92,1,4,4,"Lost"
17811.0,"2011-12-05 13:46:00",47,9609.80,1,4,4,"Lost"
17504.0,"2011-05-17 12:59:00",18,9565.12,3,4,4,"Loyal"
14091.0,"2010-02-23 15:17:00",2,9530.08,4,2,4,"Loyal"
14060.0,"2011-12-05 12:29:00",30,9519.08,1,4,4,"Lost"
13999.0,"2011-11-29 13:40:00",29,9502.26,1,4,4,"Lost"
13174.0,"2011-11-23 14:35:00",12,9494.84,1,4,4,"Lost"
15298.0,"2011-12-07 17:17:00",23,9459.37,1,4,4,"Lost"
14146.0,"2011-12-01 10:18:00",12,9450.30,1,4,4,"Lost"
15727.0,"2011-11-23 12:36:00",15,9445.51,1,4,4,"Lost"
14439.0,"2011-01-24 11:39:00",5,9443.04,3,3,4,"Loyal"
16550.0,"2011-08-23 11:12:00",18,9435.13,3,4,4,"Loyal"
17757.0,"2011-12-08 15:31:00",56,9422.45,1,4,4,"Lost"
13758.0,"2011-11-28 11:11:00",15,9416.98,1,4,4,"Lost"
15981.0,"2011-11-15 08:00:00",21,9362.77,1,4,4,"Lost"
15570.0,"2011-12-02 14:47:00",25,9311.04,1,4,4,"Lost"
12747.0,"2011-12-07 14:34:00",26,9276.54,1,4,4,"Lost"
13162.0,"2011-08-09 15:59:00",16,9275.49,3,4,4,"Loyal"
15249.0,"2011-11-08 11:45:00",18,9266.00,2,4,4,"At risk"
14367.0,"2011-12-01 13:19:00",16,9261.52,1,4,4,"Lost"
13448.0,"2011-11-23 12:33:00",13,9240.87,1,4,4,"Lost"
14292.0,"2011-12-02 11:50:00",16,9226.25,1,4,4,"Lost"
13756.0,"2011-12-07 16:44:00",23,9207.50,1,4,4,"Lost"
15260.0,"2011-08-31 13:55:00",25,9188.23,3,4,4,"Loyal"
16700.0,"2011-12-01 11:00:00",25,9167.71,1,4,4,"Lost"
17068.0,"2011-11-27 13:14:00",47,9161.08,1,4,4,"Lost"
16709.0,"2011-09-16 10:56:00",14,9087.46,2,4,4,"At risk"
15867.0,"2011-12-04 13:32:00",31,9063.95,1,4,4,"Lost"
15939.0,"2011-09-11 11:30:00",16,9060.39,2,4,4,"At risk"
17576.0,"2011-12-01 17:56:00",41,9056.81,1,4,4,"Lost"
12755.0,"2011-03-04 12:42:00",11,9030.66,3,4,4,"Loyal"
16186.0,"2011-11-17 12:43:00",26,9026.11,1,4,4,"Lost"
15150.0,"2011-11-22 12:52:00",13,9001.08,1,4,4,"Lost"
13555.0,"2011-09-27 12:36:00",13,8999.19,2,4,4,"At risk"
16722.0,"2011-11-22 13:28:00",22,8989.08,1,4,4,"Lost"
15903.0,"2011-11-30 08:08:00",12,8939.84,1,4,4,"Lost"
12359.0,"2011-10-13 12:47:00",10,8935.94,2,4,4,"At risk"
13269.0,"2011-12-08 14:53:00",28,8891.70,1,4,4,"Lost"
14709.0,"2011-11-24 15:41:00",25,8886.33,1,4,4,"Lost"
17396.0,"2011-10-31 14:12:00",14,8807.10,2,4,4,"At risk"
13047.0,"2011-11-08 12:06:00",24,8795.16,2,4,4,"At risk"
15984.0,"2011-12-07 12:16:00",30,8759.32,1,4,4,"Lost"
16532.0,"2011-11-22 11:08:00",5,8756.64,1,3,4,"Lost"
18041.0,"2011-11-28 11:39:00",38,8752.38,1,4,4,"Lost"
12957.0,"2011-11-30 09:53:00",13,8706.97,1,4,4,"Lost"
13263.0,"2011-12-08 13:59:00",39,8704.69,1,4,4,"Lost"
15955.0,"2011-11-15 14:15:00",22,8658.36,1,4,4,"Lost"
15497.0,"2011-11-22 11:51:00",9,8657.39,1,4,4,"Lost"
13148.0,"2011-11-10 15:23:00",26,8621.81,2,4,4,"At risk"
16945.0,"2011-11-18 11:39:00",33,8548.16,1,4,4,"Lost"
15281.0,"2011-10-12 09:10:00",16,8543.57,2,4,4,"At risk"
15270.0,"2011-11-24 09:24:00",21,8524.86,1,4,4,"Lost"
15786.0,"2011-10-24 14:13:00",5,8514.82,2,3,4,"At risk"
12798.0,"2011-11-29 15:52:00",4,8510.93,1,3,4,"Lost"
13209.0,"2011-11-09 13:54:00",13,8509.51,2,4,4,"At risk"
13715.0,"2011-03-03 19:21:00",17,8483.29,3,4,4,"Loyal"
14286.0,"2011-11-16 10:34:00",7,8479.76,1,4,4,"Lost"
18139.0,"2011-11-22 10:44:00",6,8438.34,1,3,4,"Lost"
14160.0,"2010-04-08 14:30:00",7,8421.47,4,4,4,"Champion"
14057.0,"2011-11-16 10:32:00",22,8408.84,1,4,4,"Lost"
13206.0,"2010-11-04 16:50:00",13,8377.32,4,4,4,"Champion"
17611.0,"2011-12-02 13:29:00",28,8371.98,1,4,4,"Lost"
14676.0,"2011-11-08 13:29:00",12,8356.79,2,4,4,"At risk"
12643.0,"2011-08-03 12:56:00",12,8350.42,3,4,4,"Loyal"
12637.0,"2011-10-03 13:46:00",12,8340.31,2,4,4,"At risk"
15034.0,"2011-11-24 12:11:00",14,8313.40,1,4,4,"Lost"
15998.0,"2011-11-03 12:45:00",16,8308.34,2,4,4,"At risk"
17686.0,"2011-12-02 15:39:00",9,8296.81,1,4,4,"Lost"
14030.0,"2011-11-21 16:48:00",20,8262.29,1,4,4,"Lost"
12720.0,"2011-12-07 08:03:00",30,8260.67,1,4,4,"Lost"
14525.0,"2011-11-20 11:37:00",17,8240.64,1,4,4,"Lost"
17365.0,"2011-11-27 12:13:00",15,8224.98,1,4,4,"Lost"
13381.0,"2011-11-08 11:58:00",12,8224.37,2,4,4,"At risk"
14056.0,"2011-12-08 13:36:00",23,8214.65,1,4,4,"Lost"
14395.0,"2011-12-07 14:34:00",20,8208.01,1,4,4,"Lost"
13139.0,"2011-11-23 13:54:00",8,8202.98,1,4,4,"Lost"
13426.0,"2011-12-09 08:59:00",22,8167.38,1,4,4,"Lost"
15544.0,"2011-11-30 16:43:00",20,8162.43,1,4,4,"Lost"
16672.0,"2011-12-07 16:29:00",20,8134.94,1,4,4,"Lost"
13869.0,"2011-08-08 13:53:00",10,8111.57,3,4,4,"Loyal"
17593.0,"2011-12-06 10:30:00",11,8095.80,1,4,4,"Lost"
17426.0,"2011-12-01 18:07:00",13,8077.77,1,4,4,"Lost"
16767.0,"2011-11-09 09:42:00",15,8073.80,2,4,4,"At risk"
16670.0,"2011-11-23 09:34:00",20,8030.15,1,4,4,"Lost"
16556.0,"2011-10-04 11:36:00",17,8012.58,2,4,4,"At risk"
15299.0,"2011-10-03 14:19:00",10,7991.54,2,4,4,"At risk"
12428.0,"2011-11-14 08:22:00",9,7956.46,2,4,4,"At risk"
14159.0,"2011-11-20 12:36:00",20,7938.01,1,4,4,"Lost"
16303.0,"2011-11-14 10:49:00",7,7928.27,2,4,4,"At risk"
12867.0,"2011-11-13 15:30:00",13,7913.29,2,4,4,"At risk"
14291.0,"2011-12-08 10:26:00",23,7904.10,1,4,4,"Lost"
17085.0,"2011-08-08 14:15:00",28,7891.41,3,4,4,"Loyal"
13871.0,"2011-11-17 10:49:00",17,7885.85,1,4,4,"Lost"
12757.0,"2011-11-24 12:30:00",13,7857.10,1,4,4,"Lost"
15622.0,"2011-10-27 16:44:00",17,7852.61,2,4,4,"At risk"
14282.0,"2011-12-06 17:04:00",25,7849.66,1,4,4,"Lost"
15046.0,"2011-11-30 15:50:00",25,7812.39,1,4,4,"Lost"
17091.0,"2011-12-07 10:43:00",19,7811.10,1,4,4,"Lost"
16592.0,"2011-12-05 13:49:00",28,7807.91,1,4,4,"Lost"
15581.0,"2011-08-11 09:38:00",38,7794.59,3,4,4,"Loyal"
17409.0,"2011-06-08 10:36:00",10,7793.51,3,4,4,"Loyal"
17238.0,"2011-12-07 11:35:00",32,7783.10,1,4,4,"Lost"
14800.0,"2011-10-23 12:46:00",17,7774.32,2,4,4,"At risk"
17730.0,"2011-12-06 15:43:00",20,7773.80,1,4,4,"Lost"
17739.0,"2011-11-28 09:12:00",18,7730.59,1,4,4,"Lost"
13534.0,"2011-12-07 14:52:00",35,7720.90,1,4,4,"Lost"
14688.0,"2011-12-02 12:26:00",28,7713.57,1,4,4,"Lost"
13137.0,"2011-11-29 12:09:00",16,7712.70,1,4,4,"Lost"
17696.0,"2011-11-01 13:43:00",27,7679.59,2,4,4,"At risk"
14175.0,"2011-10-11 11:55:00",8,7678.88,2,4,4,"At risk"
13141.0,"2011-09-16 09:54:00",17,7668.58,2,4,4,"At risk"
15301.0,"2011-10-20 09:57:00",17,7603.44,2,4,4,"At risk"
14145.0,"2011-10-24 12:10:00",7,7600.05,2,4,4,"At risk"
13709.0,"2011-12-06 10:28:00",18,7591.75,1,4,4,"Lost"
13373.0,"2011-10-10 10:51:00",6,7587.19,2,3,4,"At risk"
12841.0,"2011-12-05 11:13:00",40,7540.68,1,4,4,"Lost"
15179.0,"2011-11-21 12:53:00",13,7491.92,1,4,4,"Lost"
12429.0,"2011-11-30 17:22:00",8,7485.91,1,4,4,"Lost"
13815.0,"2011-11-17 14:19:00",8,7475.74,1,4,4,"Lost"
16242.0,"2011-12-01 15:12:00",14,7474.40,1,4,4,"Lost"
17602.0,"2011-12-07 13:53:00",14,7451.13,1,4,4,"Lost"
17690.0,"2011-11-09 15:17:00",20,7448.10,2,4,4,"At risk"
16570.0,"2011-11-24 17:02:00",20,7434.31,1,4,4,"Lost"
14243.0,"2011-12-01 11:12:00",17,7431.05,1,4,4,"Lost"
13082.0,"2011-08-05 16:16:00",21,7335.75,3,4,4,"Loyal"
16253.0,"2011-10-04 09:09:00",7,7310.15,2,3,4,"At risk"
17965.0,"2011-11-02 09:31:00",29,7240.98,2,4,4,"At risk"
16729.0,"2011-11-01 14:29:00",21,7239.92,2,4,4,"At risk"
14092.0,"2011-12-02 12:13:00",24,7229.45,1,4,4,"Lost"
17231.0,"2011-11-27 15:18:00",25,7197.04,1,4,4,"Lost"
16745.0,"2011-09-14 11:58:00",17,7194.30,2,4,4,"At risk"
12712.0,"2011-11-11 08:19:00",21,7193.66,2,4,4,"At risk"
13451.0,"2011-11-13 15:58:00",11,7190.92,2,4,4,"At risk"
15950.0,"2011-11-08 11:09:00",10,7180.71,2,4,4,"At risk"
14841.0,"2011-10-17 15:03:00",14,7163.00,2,4,4,"At risk"
13983.0,"2011-11-10 11:06:00",21,7108.45,2,4,4,"At risk"
15521.0,"2011-10-30 13:42:00",16,7106.69,2,4,4,"At risk"
17769.0,"2011-11-27 11:18:00",17,7103.08,1,4,4,"Lost"
14113.0,"2011-12-06 12:18:00",16,7092.61,1,4,4,"Lost"
16938.0,"2011-12-01 10:20:00",9,7043.18,1,4,4,"Lost"
13183.0,"2011-12-02 10:30:00",15,7036.18,1,4,4,"Lost"
17975.0,"2011-11-24 13:27:00",24,7028.83,1,4,4,"Lost"
13831.0,"2011-11-23 15:41:00",18,7023.58,1,4,4,"Lost"
12662.0,"2011-12-09 11:59:00",20,6988.02,1,4,4,"Lost"
16717.0,"2011-11-16 12:16:00",14,6986.23,1,4,4,"Lost"
13552.0,"2011-10-04 15:19:00",22,6978.92,2,4,4,"At risk"
15674.0,"2011-09-27 15:17:00",13,6948.23,2,4,4,"At risk"
16265.0,"2011-11-30 16:41:00",12,6935.17,1,4,4,"Lost"
16187.0,"2011-11-08 09:50:00",15,6911.44,2,4,4,"At risk"
13520.0,"2011-10-12 10:20:00",11,6909.40,2,4,4,"At risk"
12749.0,"2011-12-06 09:56:00",9,6897.36,1,4,4,"Lost"
18231.0,"2011-05-31 14:18:00",28,6880.97,3,4,4,"Loyal"
16170.0,"2011-10-20 08:21:00",20,6869.00,2,4,4,"At risk"
16456.0,"2011-09-01 13:50:00",13,6862.91,3,4,4,"Loyal"
15129.0,"2011-10-20 14:40:00",23,6860.18,2,4,4,"At risk"
16401.0,"2011-12-08 18:15:00",23,6849.15,1,4,4,"Lost"
12613.0,"2011-10-13 14:59:00",10,6835.07,2,4,4,"At risk"
12417.0,"2011-12-06 14:52:00",20,6816.91,1,4,4,"Lost"
12830.0,"2011-11-02 11:54:00",6,6814.64,2,3,4,"At risk"
16145.0,"2011-12-01 10:33:00",19,6805.44,1,4,4,"Lost"
15413.0,"2010-01-17 11:33:00",5,6798.72,4,3,4,"Champion"
15750.0,"2011-12-07 12:34:00",18,6797.19,1,4,4,"Lost"
14401.0,"2011-12-05 13:30:00",22,6795.90,1,4,4,"Lost"
13993.0,"2011-10-28 09:06:00",19,6775.71,2,4,4,"At risk"
14702.0,"2011-12-08 19:29:00",29,6754.22,1,4,4,"Lost"
18118.0,"2011-11-29 11:32:00",29,6733.22,1,4,4,"Lost"
14562.0,"2011-12-06 11:05:00",26,6729.40,1,4,4,"Lost"
17838.0,"2011-11-13 11:20:00",13,6722.90,2,4,4,"At risk"
12779.0,"2011-11-02 11:43:00",14,6722.27,2,4,4,"At risk"
14461.0,"2011-07-14 17:11:00",13,6713.50,3,4,4,"Loyal"
15321.0,"2011-09-30 09:40:00",12,6709.73,2,4,4,"At risk"
14844.0,"2011-10-07 10:41:00",10,6702.43,2,4,4,"At risk"
13734.0,"2010-07-19 12:04:00",4,6701.64,4,3,4,"Champion"
14388.0,"2011-11-29 13:32:00",16,6701.00,1,4,4,"Lost"
12913.0,"2011-12-05 12:11:00",13,6700.86,1,4,4,"Lost"
16497.0,"2011-10-21 10:55:00",23,6695.28,2,4,4,"At risk"
13384.0,"2011-11-09 11:04:00",11,6680.83,2,4,4,"At risk"
17700.0,"2011-11-23 11:51:00",14,6679.97,1,4,4,"Lost"
17001.0,"2011-12-09 09:38:00",19,6640.80,1,4,4,"Lost"
13953.0,"2011-12-02 16:04:00",12,6640.68,1,4,4,"Lost"
14440.0,"2011-12-01 15:42:00",13,6638.73,1,4,4,"Lost"
13394.0,"2011-12-08 11:36:00",19,6621.70,1,4,4,"Lost"
12626.0,"2011-11-16 16:06:00",9,6620.48,1,4,4,"Lost"
17819.0,"2011-09-29 10:52:00",12,6612.52,2,4,4,"At risk"
15514.0,"2011-11-27 14:40:00",18,6598.55,1,4,4,"Lost"
15980.0,"2011-09-12 09:41:00",7,6593.68,2,4,4,"At risk"
12843.0,"2011-10-05 12:09:00",30,6588.41,2,4,4,"At risk"
13015.0,"2011-10-17 13:19:00",11,6586.42,2,4,4,"At risk"
12836.0,"2011-10-11 15:10:00",15,6585.62,2,4,4,"At risk"
13883.0,"2011-11-29 10:45:00",15,6560.02,1,4,4,"Lost"
14766.0,"2011-12-01 16:05:00",11,6556.13,1,4,4,"Lost"
15332.0,"2010-12-08 14:43:00",6,6553.74,3,3,4,"Loyal"
16655.0,"2011-11-22 11:25:00",13,6548.37,1,4,4,"Lost"
14855.0,"2011-08-12 14:02:00",7,6520.30,3,4,4,"Loyal"
14221.0,"2011-10-28 13:42:00",17,6517.49,2,4,4,"At risk"
17873.0,"2011-09-20 16:41:00",18,6515.88,2,4,4,"At risk"
12823.0,"2011-09-26 07:35:00",18,6501.50,2,4,4,"At risk"
17419.0,"2011-11-28 13:47:00",18,6500.52,1,4,4,"Lost"
18061.0,"2011-11-18 11:20:00",28,6488.97,1,4,4,"Lost"
13317.0,"2011-10-04 13:35:00",19,6486.09,2,4,4,"At risk"
14154.0,"2011-04-14 16:26:00",8,6460.70,3,4,4,"Loyal"
16940.0,"2011-10-18 13:15:00",8,6427.66,2,4,4,"At risk"
15673.0,"2011-09-12 16:12:00",9,6414.79,2,4,4,"At risk"
12656.0,"2011-11-22 13:42:00",8,6407.83,1,4,4,"Lost"
14390.0,"2011-11-29 13:49:00",13,6399.83,1,4,4,"Lost"
18094.0,"2011-09-19 09:28:00",13,6391.52,2,4,4,"At risk"
12406.0,"2011-11-17 19:22:00",5,6390.36,1,3,4,"Lost"
12356.0,"2011-11-17 08:40:00",6,6373.68,1,3,4,"Lost"
12484.0,"2011-11-07 11:37:00",12,6370.15,2,4,4,"At risk"
14227.0,"2011-11-13 15:48:00",15,6368.71,2,4,4,"At risk"
13230.0,"2011-12-05 16:03:00",30,6360.78,1,4,4,"Lost"
13590.0,"2011-11-28 12:54:00",18,6349.59,1,4,4,"Lost"
16710.0,"2011-11-20 14:50:00",22,6349.09,1,4,4,"Lost"
17799.0,"2011-11-17 15:16:00",20,6341.89,1,4,4,"Lost"
18245.0,"2011-12-02 14:48:00",20,6324.98,1,4,4,"Lost"
14180.0,"2011-11-29 10:56:00",33,6319.25,1,4,4,"Lost"
13654.0,"2011-10-27 16:24:00",11,6308.00,2,4,4,"At risk"
15480.0,"2011-08-15 14:32:00",5,6279.00,3,3,4,"Loyal"
13136.0,"2011-10-14 13:41:00",13,6274.56,2,4,4,"At risk"
13615.0,"2011-01-25 08:21:00",8,6272.53,3,4,4,"Loyal"
14534.0,"2011-12-07 12:19:00",26,6271.11,1,4,4,"Lost"
16735.0,"2011-09-22 11:49:00",14,6270.56,2,4,4,"At risk"
13334.0,"2011-09-18 15:21:00",5,6263.75,2,3,4,"At risk"
14004.0,"2011-10-27 14:40:00",11,6258.45,2,4,4,"At risk"
15369.0,"2010-08-04 13:54:00",11,6251.26,4,4,4,"Champion"
12497.0,"2011-09-19 12:29:00",3,6248.50,2,2,4,"At risk"
16156.0,"2011-12-01 12:42:00",20,6218.18,1,4,4,"Lost"
14530.0,"2011-11-14 10:38:00",16,6197.40,2,4,4,"At risk"
16103.0,"2011-12-02 14:16:00",22,6191.71,1,4,4,"Lost"
14907.0,"2011-12-06 14:14:00",16,6165.79,1,4,4,"Lost"
14852.0,"2011-10-12 13:20:00",18,6147.18,2,4,4,"At risk"
17669.0,"2011-10-28 08:53:00",10,6142.35,2,4,4,"At risk"
13266.0,"2011-11-28 14:39:00",19,6135.04,1,4,4,"Lost"
13935.0,"2010-04-22 11:21:00",3,6116.92,4,2,4,"Loyal"
17509.0,"2011-10-13 10:26:00",8,6115.14,2,4,4,"At risk"
14560.0,"2011-12-02 15:22:00",44,6114.03,1,4,4,"Lost"
18178.0,"2011-08-03 09:30:00",11,6103.74,3,4,4,"Loyal"
16954.0,"2011-12-09 09:46:00",20,6081.88,1,4,4,"Lost"
12664.0,"2011-12-01 17:07:00",11,6070.04,1,4,4,"Lost"
17625.0,"2011-11-21 13:36:00",8,6067.80,1,4,4,"Lost"
12835.0,"2010-10-08 10:59:00",41,6043.31,4,4,4,"Champion"
14535.0,"2011-10-10 15:39:00",9,6030.73,2,4,4,"At risk"
17644.0,"2011-12-08 13:43:00",20,6028.60,1,4,4,"Lost"
13658.0,"2011-11-30 10:13:00",9,6025.50,1,4,4,"Lost"
15372.0,"2011-07-25 16:39:00",8,6017.06,3,4,4,"Loyal"
15202.0,"2010-10-15 13:05:00",3,6001.49,4,2,4,"Loyal"
15755.0,"2011-11-29 14:57:00",17,5993.12,1,4,4,"Lost"
14105.0,"2011-04-14 17:58:00",5,5988.83,3,3,4,"Loyal"
17457.0,"2011-08-05 12:48:00",14,5984.81,3,4,4,"Loyal"
17491.0,"2011-12-08 16:18:00",17,5981.07,1,4,4,"Lost"
15785.0,"2011-11-07 11:33:00",16,5969.93,2,4,4,"At risk"
14918.0,"2011-08-16 11:50:00",9,5955.81,3,4,4,"Loyal"
12500.0,"2011-11-16 16:20:00",19,5955.21,1,4,4,"Lost"
14257.0,"2011-10-06 16:54:00",9,5954.45,2,4,4,"At risk"
17685.0,"2011-11-23 11:36:00",12,5943.17,1,4,4,"Lost"
15971.0,"2011-11-22 12:50:00",18,5902.83,1,4,4,"Lost"
16011.0,"2011-12-01 16:31:00",29,5880.46,1,4,4,"Lost"
12455.0,"2011-09-27 15:31:00",10,5879.95,2,4,4,"At risk"
18065.0,"2011-12-04 10:30:00",29,5866.63,1,4,4,"Lost"
14210.0,"2011-08-26 12:36:00",16,5861.52,3,4,4,"Loyal"
17146.0,"2011-08-26 12:44:00",13,5860.24,3,4,4,"Loyal"
14112.0,"2011-11-17 12:30:00",13,5834.59,1,4,4,"Lost"
14189.0,"2011-12-07 15:55:00",16,5814.39,1,4,4,"Lost"
13769.0,"2011-12-07 15:08:00",20,5800.42,1,4,4,"Lost"
12910.0,"2011-11-16 14:28:00",13,5796.52,1,4,4,"Lost"
17069.0,"2011-11-11 17:13:00",14,5794.28,2,4,4,"At risk"
18075.0,"2011-11-16 15:21:00",20,5783.29,1,4,4,"Lost"
17672.0,"2011-10-20 14:18:00",7,5778.63,2,4,4,"At risk"
15485.0,"2011-11-09 14:31:00",7,5771.51,2,4,4,"At risk"
14099.0,"2011-11-23 13:53:00",20,5765.71,1,4,4,"Lost"
17863.0,"2011-10-11 13:45:00",12,5745.20,2,4,4,"At risk"
16316.0,"2011-10-06 13:48:00",13,5744.91,2,4,4,"At risk"
12615.0,"2011-12-07 15:02:00",8,5740.98,1,4,4,"Lost"
13771.0,"2011-10-06 14:18:00",9,5728.82,2,4,4,"At risk"
16458.0,"2011-12-07 09:34:00",30,5715.34,1,4,4,"Lost"
13870.0,"2011-12-07 13:23:00",15,5712.08,1,4,4,"Lost"
16409.0,"2011-11-03 16:45:00",12,5709.04,2,4,4,"At risk"
16607.0,"2011-11-22 10:24:00",25,5706.87,1,4,4,"Lost"
16279.0,"2011-11-18 15:00:00",9,5705.08,1,4,4,"Lost"
17651.0,"2011-11-28 10:29:00",16,5703.52,1,4,4,"Lost"
13157.0,"2011-10-21 13:50:00",9,5687.36,2,4,4,"At risk"
12727.0,"2011-11-29 11:46:00",10,5679.53,1,4,4,"Lost"
12633.0,"2011-10-12 11:40:00",7,5678.16,2,4,4,"At risk"
13901.0,"2011-09-28 14:48:00",15,5676.34,2,4,4,"At risk"
15628.0,"2011-12-05 10:24:00",17,5652.26,1,4,4,"Lost"
16200.0,"2011-12-05 14:40:00",12,5643.45,1,4,4,"Lost"
13722.0,"2011-07-31 12:44:00",10,5635.41,3,4,4,"Loyal"
12347.0,"2011-12-07 15:52:00",8,5633.32,1,4,4,"Lost"
13842.0,"2011-10-12 10:51:00",18,5629.91,2,4,4,"At risk"
16320.0,"2011-06-20 15:25:00",6,5628.99,3,3,4,"Loyal"
14249.0,"2010-10-25 12:34:00",12,5625.46,4,4,4,"Champion"
18145.0,"2011-11-27 11:22:00",11,5617.79,1,4,4,"Lost"
14572.0,"2011-12-06 14:40:00",11,5615.18,1,4,4,"Lost"
16003.0,"2011-11-10 09:57:00",10,5613.83,2,4,4,"At risk"
16546.0,"2011-02-22 11:20:00",5,5606.47,3,3,4,"Loyal"
17059.0,"2011-11-10 12:27:00",9,5602.53,2,4,4,"At risk"
15898.0,"2011-12-08 15:23:00",25,5596.31,1,4,4,"Lost"
17092.0,"2011-10-20 19:51:00",11,5594.96,2,4,4,"At risk"
15854.0,"2011-12-05 13:39:00",21,5583.81,1,4,4,"Lost"
15228.0,"2011-10-04 13:56:00",6,5580.27,2,3,4,"At risk"
17203.0,"2011-11-04 12:27:00",10,5575.88,2,4,4,"At risk"
15527.0,"2011-11-21 12:17:00",23,5575.64,1,4,4,"Lost"
16393.0,"2011-12-07 12:51:00",23,5561.66,1,4,4,"Lost"
13593.0,"2011-08-23 13:35:00",14,5523.69,3,4,4,"Loyal"
14732.0,"2011-12-01 14:34:00",19,5517.07,1,4,4,"Lost"
17204.0,"2011-06-17 14:46:00",9,5504.69,3,4,4,"Loyal"
13115.0,"2011-11-28 12:38:00",10,5494.70,1,4,4,"Lost"
16609.0,"2011-11-24 13:32:00",7,5493.46,1,3,4,"Lost"
16992.0,"2011-11-29 11:50:00",13,5476.50,1,4,4,"Lost"
17512.0,"2011-11-11 12:11:00",18,5467.82,2,4,4,"At risk"
12480.0,"2011-11-11 14:52:00",7,5464.85,2,3,4,"At risk"
18198.0,"2011-12-05 14:49:00",17,5425.56,1,4,4,"Lost"
14713.0,"2011-11-30 16:26:00",21,5418.87,1,4,4,"Lost"
12378.0,"2011-08-02 10:34:00",2,5416.32,3,2,4,"Loyal"
14626.0,"2011-11-16 10:37:00",11,5410.92,1,4,4,"Lost"
17719.0,"2011-11-02 10:36:00",15,5396.04,2,4,4,"At risk"
17612.0,"2011-10-17 14:59:00",18,5394.86,2,4,4,"At risk"
13362.0,"2011-11-30 14:41:00",7,5394.07,1,4,4,"Lost"
16008.0,"2011-11-16 10:32:00",15,5384.13,1,4,4,"Lost"
13014.0,"2011-11-29 12:27:00",11,5381.08,1,4,4,"Lost"
14459.0,"2011-07-07 13:35:00",2,5375.74,3,2,4,"Loyal"
13495.0,"2011-12-02 11:21:00",10,5374.26,1,4,4,"Lost"
14081.0,"2011-02-10 16:17:00",10,5370.10,3,4,4,"Loyal"
14442.0,"2011-05-19 11:36:00",7,5367.02,3,4,4,"Loyal"
13975.0,"2011-11-08 13:19:00",12,5358.84,2,4,4,"At risk"
12362.0,"2011-12-06 15:40:00",11,5356.23,1,4,4,"Lost"
17567.0,"2011-12-02 15:48:00",9,5356.03,1,4,4,"Lost"
15641.0,"2011-08-26 14:04:00",12,5345.55,3,4,4,"Loyal"
17346.0,"2011-12-06 12:18:00",26,5323.00,1,4,4,"Lost"
12708.0,"2011-11-10 09:52:00",18,5314.10,2,4,4,"At risk"
17584.0,"2011-12-02 17:12:00",6,5309.42,1,3,4,"Lost"
15394.0,"2011-11-30 11:49:00",11,5286.80,1,4,4,"Lost"
15152.0,"2011-11-30 12:32:00",14,5263.83,1,4,4,"Lost"
15722.0,"2011-11-04 11:43:00",11,5258.10,2,4,4,"At risk"
13931.0,"2011-09-05 10:12:00",11,5257.38,3,4,4,"Loyal"
13107.0,"2011-10-26 14:52:00",9,5253.07,2,4,4,"At risk"
14930.0,"2011-08-23 10:31:00",6,5246.63,3,3,4,"Loyal"
16931.0,"2011-12-04 13:15:00",23,5233.62,1,4,4,"Lost"
17061.0,"2011-09-27 11:24:00",11,5232.23,2,4,4,"At risk"
12422.0,"2011-09-05 09:48:00",17,5231.80,3,4,4,"Loyal"
15606.0,"2011-10-09 15:47:00",17,5230.99,2,4,4,"At risk"
13763.0,"2011-10-07 15:13:00",3,5217.44,2,2,4,"At risk"
17084.0,"2011-11-04 14:54:00",3,5202.97,2,2,4,"At risk"
15812.0,"2011-08-24 14:19:00",12,5201.47,3,4,4,"Loyal"
14546.0,"2011-12-04 13:00:00",11,5197.90,1,4,4,"Lost"
17213.0,"2011-10-30 14:53:00",13,5182.30,2,4,4,"At risk"
12510.0,"2011-07-20 10:15:00",9,5178.02,3,4,4,"Loyal"
15443.0,"2011-12-08 10:40:00",14,5175.93,1,4,4,"Lost"
17663.0,"2011-11-14 08:56:00",17,5175.83,2,4,4,"At risk"
15796.0,"2011-12-08 19:55:00",17,5175.83,1,4,4,"Lost"
12625.0,"2011-05-12 09:54:00",4,5164.88,3,3,4,"Loyal"
17157.0,"2011-12-02 09:10:00",19,5151.90,1,4,4,"Lost"
16153.0,"2011-10-21 10:50:00",11,5133.49,2,4,4,"At risk"
16904.0,"2011-12-05 13:10:00",21,5132.37,1,4,4,"Lost"
14493.0,"2011-12-02 16:14:00",10,5130.15,1,4,4,"Lost"
17861.0,"2011-12-06 16:21:00",18,5127.69,1,4,4,"Lost"
16919.0,"2011-07-06 13:35:00",24,5125.91,3,4,4,"Loyal"
12483.0,"2011-11-22 17:02:00",19,5120.58,1,4,4,"Lost"
16308.0,"2011-11-02 11:24:00",7,5120.00,2,4,4,"At risk"
13329.0,"2011-11-08 10:29:00",8,5112.97,2,4,4,"At risk"
15529.0,"2011-11-17 11:29:00",12,5111.95,1,4,4,"Lost"
17519.0,"2011-11-22 16:43:00",15,5109.47,1,4,4,"Lost"
13523.0,"2011-11-06 15:11:00",6,5101.52,2,3,4,"At risk"
17402.0,"2011-12-05 10:15:00",23,5096.18,1,4,4,"Lost"
12594.0,"2011-11-02 12:20:00",15,5090.11,2,4,4,"At risk"
15367.0,"2011-10-13 14:13:00",11,5081.33,2,4,4,"At risk"
13634.0,"2011-11-06 13:40:00",16,5073.47,2,4,4,"At risk"
14307.0,"2011-09-12 09:38:00",10,5071.03,2,4,4,"At risk"
16686.0,"2011-10-23 13:49:00",16,5070.92,2,4,4,"At risk"
12395.0,"2011-11-20 15:21:00",15,5067.27,1,4,4,"Lost"
12432.0,"2011-10-28 11:43:00",5,5059.32,2,3,4,"At risk"
18144.0,"2011-12-02 12:46:00",19,5058.00,1,4,4,"Lost"
17802.0,"2011-09-18 14:56:00",10,5053.12,2,4,4,"At risk"
17469.0,"2011-11-23 13:15:00",17,5051.25,1,4,4,"Lost"
12600.0,"2011-11-11 10:29:00",21,5043.92,2,4,4,"At risk"
16905.0,"2011-12-04 14:01:00",17,5034.15,1,4,4,"Lost"
12759.0,"2011-10-18 14:49:00",8,5020.74,2,4,4,"At risk"
17758.0,"2011-11-20 14:45:00",12,5012.53,1,4,4,"Lost"
12444.0,"2011-11-18 13:23:00",5,5005.46,1,3,4,"Lost"
14209.0,"2011-11-29 10:18:00",15,4993.27,1,4,4,"Lost"
14639.0,"2011-10-18 15:06:00",9,4978.96,2,4,4,"At risk"
13198.0,"2011-11-29 15:17:00",8,4974.23,1,4,4,"Lost"
12562.0,"2011-12-01 17:20:00",9,4966.92,1,4,4,"Lost"
17449.0,"2011-12-07 16:56:00",13,4951.15,1,4,4,"Lost"
12700.0,"2011-12-02 10:47:00",4,4939.99,1,3,4,"Lost"
14825.0,"2011-12-06 11:38:00",24,4925.08,1,4,4,"Lost"
17596.0,"2011-11-16 14:11:00",13,4920.67,1,4,4,"Lost"
14970.0,"2011-10-02 13:44:00",12,4919.35,2,4,4,"At risk"
16143.0,"2011-12-06 14:13:00",12,4910.83,1,4,4,"Lost"
16255.0,"2011-11-23 12:40:00",15,4906.80,1,4,4,"Lost"
17406.0,"2011-01-10 15:07:00",13,4905.05,3,4,4,"Loyal"
17314.0,"2011-11-15 09:41:00",17,4904.43,1,4,4,"Lost"
13659.0,"2011-05-18 12:37:00",12,4894.88,3,4,4,"Loyal"
16986.0,"2011-11-10 11:55:00",11,4888.75,2,4,4,"At risk"
13021.0,"2011-12-05 16:37:00",17,4887.24,1,4,4,"Lost"
15379.0,"2011-06-23 13:13:00",8,4877.84,3,4,4,"Loyal"
14107.0,"2011-10-19 12:12:00",11,4877.30,2,4,4,"At risk"
12688.0,"2011-08-18 08:49:00",1,4873.81,3,1,4,"At risk"
17652.0,"2011-11-14 12:55:00",12,4867.72,1,4,4,"Lost"
13044.0,"2011-02-21 15:20:00",11,4853.90,3,4,4,"Loyal"
14032.0,"2011-12-07 15:23:00",16,4850.27,1,4,4,"Lost"
13562.0,"2011-09-19 10:51:00",8,4838.18,2,4,4,"At risk"
17191.0,"2011-11-11 16:58:00",15,4836.05,2,4,4,"At risk"
12449.0,"2011-11-17 13:46:00",6,4835.89,1,3,4,"Lost"
16326.0,"2011-12-04 10:11:00",24,4826.99,1,4,4,"Lost"
14191.0,"2011-12-08 09:23:00",15,4817.66,1,4,4,"Lost"
15002.0,"2011-08-16 10:44:00",9,4817.28,3,4,4,"Loyal"
13875.0,"2011-10-17 09:36:00",14,4814.37,2,4,4,"At risk"
13124.0,"2011-09-11 12:45:00",4,4782.45,2,3,4,"At risk"
15187.0,"2011-12-08 11:56:00",16,4777.18,1,4,4,"Lost"
13988.0,"2011-11-20 10:15:00",8,4757.80,1,4,4,"Lost"
12955.0,"2011-12-08 16:29:00",11,4757.16,1,4,4,"Lost"
17829.0,"2011-02-14 12:46:00",5,4756.74,3,3,4,"Loyal"
17082.0,"2011-11-06 15:17:00",6,4732.03,2,3,4,"At risk"
14235.0,"2011-09-25 14:37:00",9,4717.99,2,4,4,"At risk"
15271.0,"2011-12-02 14:11:00",24,4709.54,1,4,4,"Lost"
13958.0,"2010-11-25 10:11:00",8,4709.23,4,4,4,"Champion"
12589.0,"2011-11-11 10:19:00",8,4695.66,2,4,4,"At risk"
17050.0,"2011-09-04 13:48:00",11,4691.79,3,4,4,"Loyal"
15410.0,"2011-09-16 14:47:00",10,4685.72,2,4,4,"At risk"
13527.0,"2011-11-06 12:04:00",12,4683.74,2,4,4,"At risk"
17400.0,"2011-08-05 15:38:00",8,4677.05,3,4,4,"Loyal"
16858.0,"2010-12-06 09:52:00",10,4668.28,3,4,4,"Loyal"
13971.0,"2011-11-21 12:06:00",14,4667.57,1,4,4,"Lost"
18097.0,"2011-12-02 11:16:00",11,4663.32,1,4,4,"Lost"
16293.0,"2011-11-18 09:58:00",15,4657.95,1,4,4,"Lost"
15123.0,"2011-12-02 13:12:00",5,4656.17,1,3,4,"Lost"
15484.0,"2011-12-08 15:03:00",6,4656.00,1,3,4,"Lost"
12916.0,"2011-07-24 10:35:00",7,4654.02,3,4,4,"Loyal"
14466.0,"2011-11-10 14:07:00",13,4646.90,2,4,4,"At risk"
12578.0,"2011-11-18 13:30:00",4,4642.45,1,3,4,"Lost"
17442.0,"2011-11-03 09:17:00",15,4620.30,2,4,4,"At risk"
14685.0,"2010-05-12 13:08:00",8,4619.79,4,4,4,"Champion"
12782.0,"2011-12-05 09:16:00",11,4618.24,1,4,4,"Lost"
14441.0,"2011-12-09 09:07:00",11,4611.69,1,4,4,"Lost"
15245.0,"2011-07-28 18:56:00",8,4610.84,3,4,4,"Loyal"
12553.0,"2011-12-01 16:38:00",12,4608.75,1,4,4,"Lost"
13851.0,"2011-09-05 12:36:00",8,4606.46,2,4,4,"At risk"
18257.0,"2011-10-31 14:48:00",12,4600.15,2,4,4,"At risk"
14514.0,"2011-10-09 16:05:00",9,4598.98,2,4,4,"At risk"
17188.0,"2011-11-28 13:53:00",13,4592.93,1,4,4,"Lost"
16125.0,"2010-12-07 15:48:00",14,4587.65,3,4,4,"Loyal"
17508.0,"2011-03-04 08:10:00",8,4579.23,3,4,4,"Loyal"
17754.0,"2011-12-09 11:20:00",13,4577.53,1,4,4,"Lost"
15416.0,"2011-10-06 09:38:00",7,4572.82,2,4,4,"At risk"
13491.0,"2011-10-19 08:32:00",27,4566.56,2,4,4,"At risk"
14701.0,"2011-11-29 12:38:00",15,4562.09,1,4,4,"Lost"
17613.0,"2011-11-17 10:51:00",14,4559.15,1,4,4,"Lost"
13510.0,"2011-12-08 13:46:00",11,4558.29,1,4,4,"Lost"
15365.0,"2011-11-14 08:29:00",13,4557.13,2,4,4,"At risk"
14648.0,"2010-10-19 13:12:00",15,4546.86,4,4,4,"Champion"
13571.0,"2011-11-27 10:47:00",26,4546.54,1,4,4,"Lost"
18069.0,"2011-11-13 16:03:00",11,4540.56,2,4,4,"At risk"
12598.0,"2011-11-30 12:18:00",11,4534.09,1,4,4,"Lost"
14001.0,"2011-10-25 10:31:00",9,4530.09,2,4,4,"At risk"
14290.0,"2011-11-28 14:02:00",8,4516.56,1,4,4,"Lost"
17308.0,"2010-11-11 13:19:00",2,4511.76,4,2,4,"Loyal"
15680.0,"2011-11-30 13:46:00",10,4507.58,1,4,4,"Lost"
15764.0,"2011-09-12 17:58:00",8,4503.08,2,4,4,"At risk"
14625.0,"2011-05-27 15:32:00",11,4497.88,3,4,4,"Loyal"
15122.0,"2011-08-17 16:48:00",11,4497.47,3,4,4,"Loyal"
18064.0,"2011-07-29 16:39:00",11,4495.03,3,4,4,"Loyal"
17220.0,"2011-11-15 13:47:00",21,4481.75,1,4,4,"Lost"
16912.0,"2011-11-11 12:18:00",15,4480.31,2,4,4,"At risk"
12627.0,"2011-11-29 12:07:00",7,4478.53,1,4,4,"Lost"
13435.0,"2011-12-04 14:45:00",9,4475.23,1,4,4,"Lost"
14341.0,"2011-10-25 15:48:00",18,4467.32,2,4,4,"At risk"
16081.0,"2011-10-14 13:06:00",8,4460.18,2,4,4,"At risk"
15240.0,"2011-10-26 09:50:00",12,4459.98,2,4,4,"At risk"
17682.0,"2011-11-29 15:59:00",11,4456.78,1,4,4,"Lost"
18093.0,"2011-09-07 15:43:00",8,4452.71,2,4,4,"At risk"
16098.0,"2011-09-13 09:59:00",14,4448.10,2,4,4,"At risk"
13982.0,"2011-10-31 16:24:00",9,4445.59,2,4,4,"At risk"
16218.0,"2011-11-10 09:59:00",13,4439.97,2,4,4,"At risk"
17722.0,"2011-09-04 15:22:00",5,4430.36,3,3,4,"Loyal"
12349.0,"2011-11-21 09:51:00",4,4428.69,1,3,4,"Lost"
15845.0,"2011-11-22 09:42:00",11,4426.28,1,4,4,"Lost"
16563.0,"2011-10-17 11:51:00",6,4422.76,2,3,4,"At risk"
17412.0,"2011-12-07 11:36:00",16,4417.52,1,4,4,"Lost"
17138.0,"2011-03-09 11:54:00",7,4417.27,3,4,4,"Loyal"
16626.0,"2011-12-09 11:56:00",17,4413.10,1,4,4,"Lost"
16283.0,"2011-12-04 12:08:00",8,4403.82,1,4,4,"Lost"
14211.0,"2011-10-17 13:23:00",18,4402.29,2,4,4,"At risk"
15861.0,"2011-11-27 15:59:00",12,4401.79,1,4,4,"Lost"
15203.0,"2011-11-14 08:16:00",15,4400.18,2,4,4,"At risk"
16150.0,"2011-10-28 12:39:00",10,4395.59,2,4,4,"At risk"
13505.0,"2011-09-28 11:56:00",4,4393.63,2,3,4,"At risk"
13880.0,"2011-11-18 13:44:00",17,4391.66,1,4,4,"Lost"
16732.0,"2011-11-08 09:54:00",4,4387.64,2,3,4,"At risk"
16749.0,"2010-04-27 13:06:00",2,4387.08,4,2,4,"Loyal"
18272.0,"2011-12-07 12:43:00",9,4385.98,1,4,4,"Lost"
16455.0,"2011-10-07 12:17:00",11,4384.37,2,4,4,"At risk"
15708.0,"2011-10-30 10:54:00",9,4378.72,2,4,4,"At risk"
17372.0,"2011-10-30 11:37:00",28,4377.56,2,4,4,"At risk"
16118.0,"2010-02-25 09:40:00",1,4376.25,4,1,4,"At risk"
12523.0,"2011-11-20 12:55:00",23,4372.15,1,4,4,"Lost"
13297.0,"2011-12-02 09:32:00",7,4368.62,1,3,4,"Lost"
12752.0,"2011-09-19 13:32:00",1,4366.78,2,2,4,"At risk"
12917.0,"2011-08-03 16:42:00",6,4359.20,3,3,4,"Loyal"
14482.0,"2011-11-21 13:14:00",12,4357.91,1,4,4,"Lost"
15633.0,"2010-07-18 13:54:00",13,4352.46,4,4,4,"Champion"
12408.0,"2011-11-07 12:27:00",8,4340.77,2,4,4,"At risk"
18077.0,"2011-12-01 13:32:00",18,4338.56,1,4,4,"Lost"
16241.0,"2011-11-30 11:08:00",16,4329.31,1,4,4,"Lost"
16072.0,"2011-02-24 14:32:00",4,4328.89,3,3,4,"Loyal"
14854.0,"2011-09-22 17:00:00",11,4322.86,2,4,4,"At risk"
12370.0,"2011-10-19 14:51:00",7,4320.31,2,4,4,"At risk"
16477.0,"2011-10-07 09:44:00",11,4320.02,2,4,4,"At risk"
14334.0,"2011-11-23 10:01:00",12,4318.48,1,4,4,"Lost"
18259.0,"2011-11-15 12:34:00",7,4318.20,1,4,4,"Lost"
15493.0,"2011-11-07 12:04:00",9,4314.98,2,4,4,"At risk"
12967.0,"2010-12-16 19:10:00",3,4306.92,3,2,4,"Loyal"
12928.0,"2011-11-04 14:24:00",12,4304.89,2,4,4,"At risk"
17937.0,"2011-12-01 11:45:00",7,4301.22,1,4,4,"Lost"
18230.0,"2011-11-30 13:22:00",9,4291.06,1,4,4,"Lost"
17930.0,"2011-11-04 10:23:00",13,4275.22,2,4,4,"At risk"
16712.0,"2011-11-30 13:48:00",13,4266.99,1,4,4,"Lost"
14239.0,"2011-10-27 14:40:00",21,4263.17,2,4,4,"At risk"
14047.0,"2011-12-01 11:43:00",14,4255.03,1,4,4,"Lost"
16743.0,"2011-11-10 13:13:00",14,4253.26,2,4,4,"At risk"
12360.0,"2011-10-18 15:22:00",8,4252.89,2,4,4,"At risk"
16571.0,"2011-11-13 11:46:00",10,4248.74,2,4,4,"At risk"
12935.0,"2011-12-07 17:25:00",15,4243.86,1,4,4,"Lost"
18079.0,"2011-10-25 15:27:00",5,4242.75,2,3,4,"At risk"
17728.0,"2011-12-06 08:52:00",5,4238.76,1,3,4,"Lost"
13911.0,"2011-10-13 15:43:00",20,4234.99,2,4,4,"At risk"
16875.0,"2011-10-03 13:39:00",11,4234.53,2,4,4,"At risk"
17673.0,"2011-12-08 12:50:00",13,4233.58,1,4,4,"Lost"
15518.0,"2011-10-06 13:05:00",15,4218.94,2,4,4,"At risk"
15752.0,"2011-10-31 11:37:00",9,4207.54,2,4,4,"At risk"
15804.0,"2011-12-09 12:31:00",13,4206.39,1,4,4,"Lost"
15050.0,"2011-11-14 16:17:00",5,4193.79,1,3,4,"Lost"
17218.0,"2011-12-05 13:52:00",18,4192.68,1,4,4,"Lost"
14868.0,"2011-12-06 14:49:00",12,4184.01,1,4,4,"Lost"
17738.0,"2011-11-20 15:05:00",13,4183.56,1,4,4,"Lost"
18287.0,"2011-10-28 09:29:00",7,4182.99,2,4,4,"At risk"
17526.0,"2011-12-05 11:05:00",12,4166.04,1,4,4,"Lost"
18194.0,"2011-09-18 13:29:00",6,4162.04,2,3,4,"At risk"
14740.0,"2011-05-26 18:17:00",11,4161.06,3,4,4,"Loyal"
12653.0,"2011-07-14 10:41:00",3,4160.83,3,2,4,"Loyal"
13461.0,"2011-11-01 09:01:00",6,4160.00,2,3,4,"At risk"
17646.0,"2011-05-04 13:17:00",12,4149.79,3,4,4,"Loyal"
16209.0,"2011-09-12 11:58:00",9,4146.78,2,4,4,"At risk"
12569.0,"2011-12-07 16:24:00",32,4124.69,1,4,4,"Lost"
13450.0,"2011-11-13 11:54:00",13,4120.04,2,4,4,"At risk"
16928.0,"2011-09-20 15:10:00",29,4113.23,2,4,4,"At risk"
17287.0,"2011-11-13 13:27:00",21,4111.96,2,4,4,"At risk"
14408.0,"2011-11-29 11:41:00",11,4109.77,1,4,4,"Lost"
14878.0,"2011-11-27 11:15:00",25,4105.24,1,4,4,"Lost"
13421.0,"2011-10-30 14:21:00",8,4103.12,2,4,4,"At risk"
14566.0,"2011-08-21 11:05:00",4,4092.00,3,3,4,"Loyal"
13048.0,"2011-11-25 13:23:00",9,4084.21,1,4,4,"Lost"
12876.0,"2011-10-13 12:26:00",4,4081.79,2,3,4,"At risk"
15024.0,"2011-11-30 12:06:00",16,4075.51,1,4,4,"Lost"
17618.0,"2011-12-04 11:50:00",11,4073.24,1,4,4,"Lost"
14913.0,"2011-11-04 08:29:00",8,4073.13,2,4,4,"At risk"
15572.0,"2011-12-05 10:09:00",10,4068.67,1,4,4,"Lost"
12371.0,"2011-10-26 10:16:00",5,4067.38,2,3,4,"At risk"
14025.0,"2010-09-01 10:11:00",8,4057.90,4,4,4,"Champion"
15571.0,"2011-11-28 10:02:00",14,4051.63,1,4,4,"Lost"
17083.0,"2011-08-22 15:43:00",9,4049.79,3,4,4,"Loyal"
17211.0,"2011-11-13 12:03:00",13,4046.65,2,4,4,"At risk"
12840.0,"2011-07-19 09:29:00",7,4041.97,3,4,4,"Loyal"
16791.0,"2011-11-10 19:12:00",15,4038.69,2,4,4,"At risk"
14824.0,"2011-11-29 14:20:00",10,4022.91,1,4,4,"Lost"
15665.0,"2011-06-24 14:57:00",5,4015.12,3,3,4,"Loyal"
12726.0,"2011-11-11 13:35:00",11,4014.60,2,4,4,"At risk"
15782.0,"2011-11-30 10:49:00",4,4014.10,1,3,4,"Lost"
12721.0,"2011-11-08 12:13:00",8,4013.08,2,4,4,"At risk"
17019.0,"2011-11-28 13:06:00",11,4012.20,1,4,4,"Lost"
13895.0,"2011-11-11 16:57:00",6,4008.52,2,3,4,"At risk"
14547.0,"2011-12-06 11:06:00",8,4007.54,1,4,4,"Lost"
13542.0,"2010-11-28 11:24:00",17,4006.17,3,4,4,"Loyal"
16841.0,"2011-11-03 11:51:00",12,4006.06,2,4,4,"At risk"
17307.0,"2010-11-09 13:40:00",11,3999.89,4,4,4,"Champion"
13126.0,"2011-12-05 10:00:00",13,3998.25,1,4,4,"Lost"
16719.0,"2011-11-25 09:27:00",14,3973.30,1,4,4,"Lost"
16771.0,"2011-11-06 13:28:00",10,3967.60,2,4,4,"At risk"
17954.0,"2011-12-04 14:15:00",19,3966.05,1,4,4,"Lost"
15858.0,"2011-11-24 12:48:00",13,3960.37,1,4,4,"Lost"
14817.0,"2011-05-23 13:35:00",7,3959.86,3,4,4,"Loyal"
15983.0,"2011-11-17 17:34:00",8,3958.82,1,4,4,"Lost"
17667.0,"2011-10-04 14:32:00",9,3950.70,2,4,4,"At risk"
14465.0,"2011-04-07 12:38:00",11,3946.03,3,4,4,"Loyal"
12473.0,"2011-11-10 13:46:00",5,3938.55,2,3,4,"At risk"
15051.0,"2011-11-16 15:38:00",9,3935.16,1,4,4,"Lost"
15819.0,"2011-10-21 14:50:00",10,3934.79,2,4,4,"At risk"
13037.0,"2011-07-24 15:46:00",12,3914.95,3,4,4,"Loyal"
14498.0,"2011-10-28 12:09:00",10,3911.27,2,4,4,"At risk"
12853.0,"2011-07-28 11:29:00",11,3907.50,3,4,4,"Loyal"
15696.0,"2011-11-06 14:02:00",13,3906.57,2,4,4,"At risk"
13995.0,"2011-11-24 14:22:00",14,3902.01,1,4,4,"Lost"
12388.0,"2011-11-24 12:30:00",8,3901.11,1,4,4,"Lost"
15823.0,"2010-12-02 15:08:00",3,3897.17,3,2,4,"Loyal"
15811.0,"2011-11-17 15:31:00",7,3890.52,1,4,4,"Lost"
12358.0,"2011-12-08 10:26:00",5,3887.07,1,3,4,"Lost"
14744.0,"2011-11-23 12:51:00",14,3885.08,1,4,4,"Lost"
15288.0,"2011-10-27 16:58:00",10,3883.13,2,4,4,"At risk"
13446.0,"2010-10-05 18:51:00",11,3881.89,4,4,4,"Champion"
14655.0,"2011-12-01 16:28:00",7,3878.51,1,4,4,"Lost"
15067.0,"2011-09-22 13:20:00",5,3877.88,2,3,4,"At risk"
18073.0,"2011-08-17 14:02:00",12,3877.52,3,4,4,"Loyal"
15195.0,"2011-12-07 12:20:00",1,3861.00,1,1,4,"Lost"
14565.0,"2011-09-05 09:07:00",5,3859.22,3,3,4,"Loyal"
14532.0,"2011-04-17 13:05:00",11,3859.18,3,4,4,"Loyal"
16440.0,"2011-12-02 12:02:00",6,3856.97,1,3,4,"Lost"
16057.0,"2011-11-23 15:23:00",10,3854.85,1,4,4,"Lost"
13213.0,"2011-10-14 11:42:00",11,3851.52,2,4,4,"At risk"
16341.0,"2011-11-15 09:12:00",7,3850.79,1,4,4,"Lost"
16466.0,"2011-11-06 11:35:00",15,3838.59,2,4,4,"At risk"
13357.0,"2011-03-27 13:56:00",5,3838.36,3,3,4,"Loyal"
17659.0,"2011-11-22 13:29:00",14,3834.79,1,4,4,"Lost"
13481.0,"2011-10-25 09:07:00",11,3830.84,2,4,4,"At risk"
15704.0,"2011-07-22 13:35:00",6,3817.96,3,3,4,"Loyal"
12597.0,"2011-11-20 13:33:00",4,3811.22,1,3,4,"Lost"
15421.0,"2011-10-12 09:20:00",10,3805.34,2,4,4,"At risk"
16636.0,"2010-09-27 13:13:00",4,3802.04,4,3,4,"Champion"
17071.0,"2011-11-11 16:31:00",13,3801.20,2,4,4,"At risk"
16128.0,"2011-11-22 11:14:00",11,3801.05,1,4,4,"Lost"
14540.0,"2011-11-30 10:15:00",11,3795.34,1,4,4,"Lost"
15827.0,"2011-09-27 15:35:00",28,3794.07,2,4,4,"At risk"
16950.0,"2011-10-14 09:06:00",10,3784.37,2,4,4,"At risk"
12619.0,"2011-11-23 14:52:00",10,3781.38,1,4,4,"Lost"
14309.0,"2011-12-01 13:33:00",11,3780.81,1,4,4,"Lost"
15494.0,"2011-11-18 14:51:00",5,3780.05,1,3,4,"Lost"
14649.0,"2011-12-05 12:30:00",9,3775.31,1,4,4,"Lost"
17293.0,"2011-12-01 14:37:00",17,3774.23,1,4,4,"Lost"
15834.0,"2011-09-30 14:41:00",7,3772.99,2,4,4,"At risk"
15532.0,"2011-11-14 14:51:00",10,3771.90,1,4,4,"Lost"
18168.0,"2011-06-16 19:21:00",16,3770.27,3,4,4,"Loyal"
15079.0,"2011-05-11 12:45:00",11,3767.35,3,4,4,"Loyal"
17173.0,"2011-12-04 14:40:00",8,3766.60,1,4,4,"Lost"
12670.0,"2011-11-29 15:23:00",7,3760.29,1,4,4,"Lost"
12530.0,"2011-10-11 12:34:00",9,3759.26,2,4,4,"At risk"
17096.0,"2011-11-24 15:01:00",11,3759.18,1,4,4,"Lost"
17553.0,"2011-08-02 10:00:00",4,3757.60,3,3,4,"Loyal"
14409.0,"2011-09-29 18:18:00",9,3756.09,2,4,4,"At risk"
13305.0,"2011-12-05 15:15:00",16,3754.71,1,4,4,"Lost"
14515.0,"2011-11-22 11:37:00",12,3749.26,1,4,4,"Lost"
12623.0,"2011-03-08 13:50:00",7,3747.84,3,4,4,"Loyal"
15370.0,"2011-10-30 10:58:00",8,3739.01,2,4,4,"At risk"
15351.0,"2011-11-27 12:52:00",10,3738.29,1,4,4,"Lost"
16539.0,"2011-12-07 08:41:00",10,3732.01,1,4,4,"Lost"
15255.0,"2011-10-04 12:43:00",9,3729.42,2,4,4,"At risk"
12502.0,"2011-09-05 11:52:00",5,3723.87,2,3,4,"At risk"
16772.0,"2010-10-12 13:19:00",3,3723.55,4,2,4,"Loyal"
16240.0,"2011-11-15 14:30:00",2,3718.80,1,2,4,"Lost"
14364.0,"2011-08-23 11:01:00",8,3717.35,3,4,4,"Loyal"
14593.0,"2011-11-18 12:48:00",12,3712.01,1,4,4,"Lost"
12737.0,"2010-07-29 12:29:00",2,3710.50,4,2,4,"Loyal"
16983.0,"2011-11-27 12:10:00",11,3710.22,1,4,4,"Lost"
14776.0,"2011-10-19 15:34:00",15,3708.30,2,4,4,"At risk"
16094.0,"2011-11-28 12:45:00",11,3695.56,1,4,4,"Lost"
12857.0,"2011-05-13 10:20:00",6,3688.00,3,3,4,"Loyal"
12872.0,"2011-01-17 10:52:00",12,3685.49,3,4,4,"Loyal"
12468.0,"2011-06-05 11:36:00",5,3670.74,3,3,4,"Loyal"
15953.0,"2011-11-24 15:32:00",18,3669.55,1,4,4,"Lost"
14640.0,"2011-11-15 13:07:00",10,3667.06,1,4,4,"Lost"
16444.0,"2011-10-24 13:50:00",17,3656.58,2,4,4,"At risk"
17655.0,"2011-11-29 11:34:00",9,3652.48,1,4,4,"Lost"
14857.0,"2011-10-11 09:23:00",7,3651.85,2,4,4,"At risk"
17848.0,"2011-09-19 16:49:00",30,3650.90,2,4,4,"At risk"
13632.0,"2011-11-15 10:51:00",8,3648.15,1,4,4,"Lost"
16718.0,"2010-12-05 13:03:00",5,3647.53,3,3,4,"Loyal"
17063.0,"2011-11-18 16:19:00",13,3638.53,1,4,4,"Lost"
14770.0,"2011-04-21 14:21:00",8,3637.64,3,4,4,"Loyal"
16748.0,"2011-11-22 10:17:00",14,3637.33,1,4,4,"Lost"
16053.0,"2011-11-07 11:21:00",6,3634.84,2,3,4,"At risk"
17528.0,"2011-12-08 13:27:00",8,3628.50,1,4,4,"Lost"
14882.0,"2011-11-13 12:47:00",14,3628.15,2,4,4,"At risk"
14653.0,"2011-12-08 13:45:00",12,3614.54,1,4,4,"Lost"
16503.0,"2011-08-25 11:46:00",11,3614.34,3,4,4,"Loyal"
15505.0,"2011-10-18 07:56:00",5,3610.96,2,3,4,"At risk"
15113.0,"2011-11-30 08:23:00",3,3609.33,1,2,4,"Lost"
15791.0,"2011-10-27 10:14:00",5,3608.34,2,3,4,"At risk"
18242.0,"2011-09-28 13:43:00",8,3605.21,2,4,4,"At risk"
13750.0,"2011-10-17 12:16:00",11,3602.18,2,4,4,"At risk"
12963.0,"2011-12-01 12:55:00",12,3601.59,1,4,4,"Lost"
16325.0,"2011-10-24 08:48:00",12,3597.50,2,4,4,"At risk"
17422.0,"2011-11-23 13:27:00",11,3594.76,1,4,4,"Lost"
15569.0,"2011-08-28 10:15:00",10,3586.35,3,4,4,"Loyal"
14132.0,"2011-12-07 13:35:00",11,3586.03,1,4,4,"Lost"
17679.0,"2011-10-18 07:43:00",7,3577.61,2,3,4,"At risk"
17311.0,"2011-09-22 14:11:00",6,3566.56,2,3,4,"At risk"
18219.0,"2011-12-07 11:43:00",17,3562.89,1,4,4,"Lost"
14737.0,"2011-12-06 10:16:00",4,3554.17,1,3,4,"Lost"
15222.0,"2011-01-25 08:03:00",11,3550.91,3,4,4,"Loyal"
14503.0,"2011-12-06 13:30:00",6,3543.26,1,3,4,"Lost"
12645.0,"2011-11-06 12:38:00",8,3539.30,2,4,4,"At risk"
16395.0,"2011-10-10 12:50:00",14,3537.85,2,4,4,"At risk"
17924.0,"2011-11-28 09:11:00",8,3536.70,1,4,4,"Lost"
15059.0,"2011-10-30 11:35:00",19,3523.57,2,4,4,"At risk"
16336.0,"2010-10-15 12:32:00",4,3517.69,4,3,4,"Champion"
16360.0,"2011-12-05 12:16:00",6,3512.53,1,3,4,"Lost"
17768.0,"2011-12-01 13:22:00",7,3509.51,1,3,4,"Lost"
16347.0,"2011-11-28 13:14:00",11,3509.41,1,4,4,"Lost"
14898.0,"2011-11-16 14:54:00",14,3507.81,1,4,4,"Lost"
18044.0,"2011-12-05 14:26:00",18,3505.61,1,4,4,"Lost"
14934.0,"2011-09-19 10:10:00",5,3503.50,2,3,4,"At risk"
13929.0,"2011-06-23 15:26:00",11,3494.10,3,4,4,"Loyal"
13577.0,"2011-11-14 15:19:00",11,3489.28,1,4,4,"Lost"
15306.0,"2011-10-06 12:56:00",9,3484.73,2,4,4,"At risk"
17597.0,"2011-05-10 11:54:00",5,3484.09,3,3,4,"Loyal"
12631.0,"2011-10-13 13:53:00",6,3481.57,2,3,4,"At risk"
17913.0,"2011-10-12 10:45:00",14,3479.64,2,4,4,"At risk"
15380.0,"2011-12-01 12:13:00",11,3479.06,1,4,4,"Lost"
15712.0,"2011-11-30 14:09:00",12,3472.41,1,4,4,"Lost"
13849.0,"2011-10-19 10:59:00",5,3469.30,2,3,4,"At risk"
14533.0,"2011-11-15 12:05:00",11,3466.37,1,4,4,"Lost"
15356.0,"2011-11-08 13:11:00",13,3464.95,2,4,4,"At risk"
16271.0,"2011-12-07 12:45:00",10,3463.02,1,4,4,"Lost"
14837.0,"2011-09-11 10:58:00",9,3460.32,2,4,4,"At risk"
13536.0,"2011-12-08 16:38:00",7,3448.29,1,3,4,"Lost"
13313.0,"2011-11-17 16:48:00",12,3445.32,1,4,4,"Lost"
15974.0,"2011-10-31 13:13:00",7,3442.15,2,3,4,"At risk"
16208.0,"2011-10-26 11:36:00",10,3440.45,2,4,4,"At risk"
17725.0,"2011-11-23 16:34:00",11,3439.08,1,4,4,"Lost"
17931.0,"2011-07-28 18:33:00",14,3437.29,3,4,4,"Loyal"
12609.0,"2011-09-22 16:34:00",9,3435.86,2,4,4,"At risk"
15676.0,"2011-11-21 12:40:00",3,3435.76,1,2,4,"Lost"
16045.0,"2011-08-12 12:41:00",8,3434.93,3,4,4,"Loyal"
15916.0,"2011-11-23 13:46:00",13,3427.17,1,4,4,"Lost"
12377.0,"2011-01-28 15:45:00",4,3426.32,3,3,4,"Loyal"
16281.0,"2011-09-28 14:57:00",3,3424.02,2,2,4,"At risk"
17876.0,"2010-11-05 10:52:00",3,3424.02,4,2,4,"Loyal"
15373.0,"2011-12-01 15:05:00",17,3421.39,1,4,4,"Lost"
13031.0,"2010-10-28 15:34:00",5,3419.27,4,3,4,"Champion"
14217.0,"2011-12-08 11:53:00",23,3416.89,1,4,4,"Lost"
14215.0,"2011-11-28 12:19:00",9,3416.33,1,4,4,"Lost"
13979.0,"2011-09-27 13:32:00",7,3416.23,2,3,4,"At risk"
14673.0,"2011-12-06 14:31:00",7,3410.81,1,3,4,"Lost"
15058.0,"2011-11-14 14:57:00",16,3410.03,1,4,4,"Lost"
13437.0,"2011-11-25 14:00:00",7,3408.06,1,3,4,"Lost"
13425.0,"2011-08-23 17:13:00",5,3403.63,3,3,4,"Loyal"
13823.0,"2011-11-21 10:22:00",7,3403.45,1,3,4,"Lost"
15114.0,"2011-11-09 15:05:00",12,3400.12,2,4,4,"At risk"
12838.0,"2011-11-06 12:20:00",10,3398.48,2,4,4,"At risk"
16067.0,"2010-05-26 12:33:00",3,3395.29,4,2,4,"Loyal"
13246.0,"2011-11-21 16:50:00",11,3387.43,1,4,4,"Lost"
17723.0,"2011-08-04 18:37:00",7,3378.40,3,3,4,"Loyal"
13135.0,"2011-05-27 10:52:00",2,3371.45,3,2,4,"Loyal"
13707.0,"2011-03-17 18:03:00",5,3365.86,3,3,4,"Loyal"
13285.0,"2011-11-16 13:19:00",6,3364.59,1,3,4,"Lost"
13786.0,"2010-12-07 13:53:00",6,3358.94,3,3,4,"Loyal"
15538.0,"2010-06-20 10:49:00",6,3358.40,4,3,4,"Champion"
14608.0,"2011-12-05 16:52:00",11,3352.94,1,4,4,"Lost"
16818.0,"2011-11-29 10:41:00",11,3349.57,1,4,4,"Lost"
17183.0,"2011-12-02 10:07:00",6,3347.31,1,3,4,"Lost"
15265.0,"2011-07-11 14:46:00",4,3345.64,3,3,4,"Loyal"
12424.0,"2011-06-30 12:06:00",4,3340.03,3,3,4,"Loyal"
13848.0,"2011-09-08 12:58:00",8,3335.00,2,4,4,"At risk"
14344.0,"2011-08-04 13:51:00",20,3333.70,3,4,4,"Loyal"
14064.0,"2011-11-10 13:14:00",15,3332.42,2,4,4,"At risk"
16351.0,"2011-01-11 10:26:00",13,3330.03,3,4,4,"Loyal"
17774.0,"2011-09-04 12:49:00",9,3328.05,3,4,4,"Loyal"
15065.0,"2011-11-02 09:45:00",5,3326.86,2,3,4,"At risk"
12865.0,"2011-11-13 14:31:00",4,3323.47,2,3,4,"At risk"
13291.0,"2011-07-07 10:36:00",11,3320.84,3,4,4,"Loyal"
13611.0,"2011-09-11 14:51:00",10,3319.53,2,4,4,"At risk"
14161.0,"2011-05-08 11:41:00",7,3318.88,3,3,4,"Loyal"
13431.0,"2011-10-03 13:49:00",8,3316.24,2,4,4,"At risk"
13824.0,"2011-11-07 12:41:00",12,3314.76,2,4,4,"At risk"
13131.0,"2011-11-16 13:21:00",7,3313.77,1,3,4,"Lost"
14451.0,"2011-10-10 13:38:00",12,3308.77,2,4,4,"At risk"
16365.0,"2011-11-22 11:24:00",15,3307.20,1,4,4,"Lost"
14506.0,"2011-11-22 13:02:00",7,3290.67,1,3,4,"Lost"
13650.0,"2011-11-23 12:22:00",10,3288.00,1,4,4,"Lost"
15632.0,"2011-11-24 09:51:00",8,3285.31,1,4,4,"Lost"
14507.0,"2011-11-16 12:21:00",11,3284.43,1,4,4,"Lost"
14285.0,"2011-11-18 14:50:00",8,3284.42,1,4,4,"Lost"
18188.0,"2011-11-24 16:46:00",6,3280.59,1,3,4,"Lost"
15978.0,"2011-09-23 15:21:00",3,3279.42,2,2,4,"At risk"
14293.0,"2011-12-06 15:17:00",9,3267.93,1,4,4,"Lost"
13214.0,"2010-10-18 10:00:00",7,3264.23,4,3,4,"Champion"
15057.0,"2011-03-09 15:17:00",5,3255.96,3,3,4,"Loyal"
12770.0,"2011-05-13 09:33:00",2,3246.45,3,2,4,"Loyal"
16612.0,"2011-11-07 07:38:00",9,3245.43,2,4,4,"At risk"
14669.0,"2011-04-12 11:43:00",7,3243.93,3,3,4,"Loyal"
15140.0,"2011-10-18 14:07:00",8,3243.69,2,4,4,"At risk"
17353.0,"2011-08-02 17:19:00",4,3242.00,3,3,4,"Loyal"
15625.0,"2011-08-28 10:21:00",9,3236.40,3,4,4,"Loyal"
15602.0,"2011-12-01 14:14:00",16,3230.51,1,4,4,"Lost"
16101.0,"2011-09-30 10:18:00",4,3229.16,2,3,4,"At risk"
16059.0,"2011-10-05 09:56:00",12,3217.77,2,4,4,"At risk"
16515.0,"2011-10-18 13:10:00",10,3216.30,2,4,4,"At risk"
13268.0,"2011-11-22 11:51:00",11,3214.69,1,4,4,"Lost"
12951.0,"2011-12-01 12:14:00",15,3213.72,1,4,4,"Lost"
16918.0,"2011-10-21 12:50:00",16,3213.29,2,4,4,"At risk"
13804.0,"2011-11-09 12:32:00",9,3208.52,2,4,4,"At risk"
16107.0,"2011-11-22 09:40:00",7,3204.16,1,3,4,"Lost"
17147.0,"2011-11-17 12:32:00",9,3199.95,1,4,4,"Lost"
14315.0,"2011-10-26 12:06:00",8,3197.82,2,4,4,"At risk"
15027.0,"2011-11-09 10:16:00",10,3195.60,2,4,4,"At risk"
13868.0,"2011-12-02 16:32:00",2,3192.54,1,2,4,"Lost"
13397.0,"2011-09-28 10:56:00",10,3191.87,2,4,4,"At risk"
16933.0,"2011-12-08 12:54:00",9,3181.25,1,4,4,"Lost"
12456.0,"2011-10-26 14:41:00",3,3181.04,2,2,4,"At risk"
17228.0,"2011-11-24 10:24:00",13,3177.24,1,4,4,"Lost"
15353.0,"2011-03-30 12:15:00",7,3175.95,3,3,4,"Loyal"
17621.0,"2011-11-18 17:11:00",6,3175.12,1,3,4,"Lost"
16837.0,"2011-11-08 14:27:00",11,3170.98,2,4,4,"At risk"
17640.0,"2011-09-14 09:13:00",6,3168.94,2,3,4,"At risk"
13052.0,"2011-05-11 14:12:00",7,3168.53,3,3,4,"Loyal"
16041.0,"2011-11-09 12:25:00",3,3166.40,2,2,4,"At risk"
14963.0,"2011-11-30 12:16:00",12,3164.48,1,4,4,"Lost"
16584.0,"2011-09-20 13:45:00",5,3163.67,2,3,4,"At risk"
16400.0,"2011-09-06 12:27:00",9,3159.44,2,4,4,"At risk"
15031.0,"2011-12-05 14:19:00",14,3156.58,1,4,4,"Lost"
12976.0,"2011-05-12 09:55:00",8,3156.38,3,4,4,"Loyal"
14748.0,"2011-11-10 18:33:00",10,3152.32,2,4,4,"At risk"
14306.0,"2011-10-19 13:23:00",6,3151.40,2,3,4,"At risk"
17090.0,"2011-12-05 13:44:00",13,3149.48,1,4,4,"Lost"
15614.0,"2010-09-28 10:46:00",4,3147.36,4,3,4,"Champion"
17702.0,"2011-11-09 16:03:00",6,3144.04,2,3,4,"At risk"
17354.0,"2011-10-20 10:34:00",4,3143.46,2,3,4,"At risk"
14978.0,"2011-09-28 13:07:00",10,3142.14,2,4,4,"At risk"
15095.0,"2011-08-28 12:01:00",10,3141.64,3,4,4,"Loyal"
17530.0,"2011-12-08 18:42:00",12,3141.51,1,4,4,"Lost"
14897.0,"2011-12-02 10:32:00",8,3140.54,1,4,4,"Lost"
13742.0,"2011-11-23 11:07:00",12,3131.02,1,4,4,"Lost"
15596.0,"2011-08-31 10:55:00",9,3130.04,3,4,4,"Loyal"
14044.0,"2011-11-13 12:05:00",10,3123.10,2,4,4,"At risk"
15199.0,"2011-10-11 15:12:00",10,3122.40,2,4,4,"At risk"
17145.0,"2010-07-15 09:02:00",4,3120.91,4,3,4,"Champion"
13685.0,"2011-12-07 11:41:00",7,3119.44,1,3,4,"Lost"
14700.0,"2011-11-07 14:40:00",5,3116.26,2,3,4,"At risk"
13692.0,"2011-11-15 11:17:00",5,3114.40,1,3,4,"Lost"
13772.0,"2011-11-06 11:43:00",8,3114.22,2,4,4,"At risk"
13538.0,"2011-10-27 16:34:00",12,3112.73,2,4,4,"At risk"
16678.0,"2011-12-07 12:17:00",12,3109.99,1,4,4,"Lost"
17870.0,"2011-12-07 15:07:00",13,3108.15,1,4,4,"Lost"
12909.0,"2011-10-31 12:43:00",8,3103.19,2,4,4,"At risk"
15491.0,"2011-09-05 15:56:00",6,3100.09,2,3,4,"At risk"
13464.0,"2011-10-12 15:01:00",6,3097.64,2,3,4,"At risk"
12937.0,"2011-11-24 15:05:00",9,3097.61,1,4,4,"Lost"
15105.0,"2011-11-21 16:54:00",9,3094.91,1,4,4,"Lost"
12849.0,"2011-11-08 13:41:00",6,3090.56,2,3,4,"At risk"
14312.0,"2011-10-24 09:46:00",11,3090.29,2,4,4,"At risk"
17552.0,"2011-10-10 17:00:00",12,3085.29,2,4,4,"At risk"
12511.0,"2010-10-07 10:39:00",1,3084.02,4,1,4,"At risk"
17929.0,"2011-11-28 16:01:00",12,3082.10,1,4,4,"Lost"
16007.0,"2011-10-23 11:05:00",7,3075.14,2,4,4,"At risk"
17884.0,"2011-12-06 11:33:00",20,3072.89,1,4,4,"Lost"
13647.0,"2011-11-30 12:00:00",8,3071.68,1,4,4,"Lost"
12469.0,"2010-07-05 12:40:00",2,3070.54,4,2,4,"Loyal"
13631.0,"2011-09-01 09:57:00",11,3070.42,3,4,4,"Loyal"
14038.0,"2011-09-22 13:37:00",5,3069.88,2,3,4,"At risk"
13196.0,"2011-11-28 13:54:00",7,3068.84,1,4,4,"Lost"
13077.0,"2011-12-08 19:24:00",11,3064.67,1,4,4,"Lost"
14456.0,"2011-12-04 13:59:00",9,3062.40,1,4,4,"Lost"
16120.0,"2011-10-11 14:22:00",6,3056.91,2,3,4,"At risk"
16775.0,"2011-11-29 15:22:00",16,3056.89,1,4,4,"Lost"
15716.0,"2011-07-17 11:59:00",11,3056.81,3,4,4,"Loyal"
15241.0,"2011-10-04 09:05:00",11,3050.16,2,4,4,"At risk"
16560.0,"2011-11-13 10:35:00",8,3048.38,2,4,4,"At risk"
14916.0,"2011-09-30 09:20:00",8,3042.95,2,4,4,"At risk"
15967.0,"2011-11-16 15:41:00",12,3041.60,1,4,4,"Lost"
15754.0,"2011-10-19 14:40:00",9,3037.61,2,4,4,"At risk"
13557.0,"2011-11-11 15:24:00",13,3032.26,2,4,4,"At risk"
13485.0,"2011-04-20 13:58:00",11,3019.22,3,4,4,"Loyal"
15965.0,"2011-11-22 16:44:00",13,3013.09,1,4,4,"Lost"
13963.0,"2011-02-04 14:43:00",17,3011.87,3,4,4,"Loyal"
12754.0,"2011-04-18 09:00:00",3,3010.74,3,2,4,"Loyal"
14590.0,"2010-10-11 12:06:00",20,3006.62,4,4,4,"Champion"
17032.0,"2010-06-10 12:16:00",8,3004.60,4,4,4,"Champion"
14226.0,"2011-11-11 11:34:00",6,3002.53,2,3,4,"At risk"
14621.0,"2011-12-08 16:22:00",9,3000.57,1,4,4,"Lost"
13635.0,"2011-10-03 10:55:00",4,2999.16,2,3,4,"At risk"
15810.0,"2011-09-22 09:38:00",8,2999.04,2,4,4,"At risk"
15182.0,"2011-07-08 13:37:00",11,2998.95,3,4,4,"Loyal"
15611.0,"2011-11-30 12:36:00",26,2997.28,1,4,4,"Lost"
12457.0,"2011-10-04 13:13:00",8,2995.91,2,4,4,"At risk"
17961.0,"2011-11-18 16:55:00",100,2995.54,1,4,4,"Lost"
12854.0,"2011-09-22 12:15:00",7,2994.02,2,4,4,"At risk"
15687.0,"2011-12-01 08:33:00",9,2993.10,1,4,4,"Lost"
16012.0,"2011-11-04 13:25:00",5,2989.79,2,3,4,"At risk"
15681.0,"2011-11-14 16:30:00",14,2989.70,1,4,4,"Lost"
12374.0,"2011-11-14 15:37:00",4,2989.22,1,3,4,"Lost"
18241.0,"2011-11-30 12:10:00",21,2986.99,1,4,4,"Lost"
15329.0,"2011-10-31 15:36:00",11,2984.33,2,4,4,"At risk"
14544.0,"2011-11-15 15:06:00",3,2982.43,1,2,4,"Lost"
17692.0,"2011-08-04 14:01:00",12,2975.80,3,4,4,"Loyal"
16383.0,"2011-09-26 12:45:00",7,2974.84,2,4,4,"At risk"
16416.0,"2011-11-13 12:50:00",9,2972.88,2,4,4,"At risk"
13012.0,"2011-11-30 13:05:00",11,2972.83,1,4,4,"Lost"
13110.0,"2011-11-08 14:30:00",12,2957.47,2,4,4,"At risk"
16736.0,"2010-07-22 10:09:00",5,2956.56,4,3,4,"Champion"
12826.0,"2011-12-07 10:25:00",12,2955.75,1,4,4,"Lost"
12877.0,"2011-12-06 10:30:00",20,2955.17,1,4,4,"Lost"
13764.0,"2011-09-30 12:03:00",6,2953.26,2,3,4,"At risk"
14867.0,"2011-06-07 11:39:00",16,2952.06,3,4,4,"Loyal"
13253.0,"2011-07-06 10:09:00",4,2951.11,3,3,4,"Loyal"
15757.0,"2011-10-05 12:14:00",6,2940.36,2,3,4,"At risk"
17444.0,"2011-07-15 12:05:00",3,2940.04,3,2,4,"Loyal"
17588.0,"2011-08-31 13:37:00",7,2939.55,3,4,4,"Loyal"
15235.0,"2011-05-06 09:44:00",16,2937.81,3,4,4,"Loyal"
14524.0,"2011-11-08 12:29:00",13,2933.71,2,4,4,"At risk"
12635.0,"2011-09-11 11:04:00",4,2930.41,2,3,4,"At risk"
15312.0,"2011-09-25 13:10:00",12,2930.19,2,4,4,"At risk"
15862.0,"2011-12-01 13:28:00",13,2928.29,1,4,4,"Lost"
13890.0,"2011-12-08 15:36:00",14,2927.38,1,4,4,"Lost"
12906.0,"2011-11-28 09:55:00",5,2919.81,1,3,4,"Lost"
16358.0,"2011-12-08 15:09:00",5,2919.65,1,3,4,"Lost"
15392.0,"2011-12-05 11:01:00",7,2911.62,1,4,4,"Lost"
13784.0,"2011-11-30 09:33:00",14,2910.23,1,4,4,"Lost"
12438.0,"2011-11-25 13:28:00",2,2906.85,1,2,4,"Lost"
13455.0,"2011-11-15 11:21:00",6,2905.93,1,3,4,"Lost"
14233.0,"2011-10-21 15:54:00",7,2904.27,2,4,4,"At risk"
16755.0,"2011-08-17 13:21:00",7,2900.58,3,4,4,"Loyal"
14404.0,"2011-11-06 12:30:00",13,2899.11,2,4,4,"At risk"
17320.0,"2011-08-31 13:31:00",6,2895.77,3,3,4,"Loyal"
15100.0,"2011-01-10 10:35:00",7,2894.70,3,4,4,"Loyal"
17242.0,"2011-08-23 14:55:00",5,2889.28,3,3,4,"Loyal"
13501.0,"2011-02-24 18:59:00",3,2885.11,3,2,4,"Loyal"
16633.0,"2011-11-22 13:41:00",6,2883.10,1,3,4,"Lost"
14251.0,"2011-12-08 08:32:00",5,2879.70,1,3,4,"Lost"
12806.0,"2010-09-30 13:34:00",4,2878.96,4,3,4,"Champion"
18170.0,"2011-11-06 14:35:00",9,2878.00,2,4,4,"At risk"
14005.0,"2011-11-30 12:41:00",5,2874.72,1,3,4,"Lost"
15043.0,"2011-11-08 14:26:00",6,2873.80,2,3,4,"At risk"
16467.0,"2010-07-19 11:49:00",7,2869.16,4,3,4,"Champion"
14711.0,"2011-11-29 14:58:00",11,2868.80,1,4,4,"Lost"
16711.0,"2011-12-06 16:32:00",9,2868.48,1,4,4,"Lost"
16229.0,"2011-09-13 17:16:00",6,2867.86,2,3,4,"At risk"
16225.0,"2011-10-26 08:30:00",15,2867.41,2,4,4,"At risk"
15563.0,"2011-11-17 14:50:00",7,2867.00,1,4,4,"Lost"
16086.0,"2011-10-11 13:09:00",10,2864.99,2,4,4,"At risk"
14758.0,"2011-07-18 08:21:00",7,2864.97,3,4,4,"Loyal"
16062.0,"2011-11-30 12:15:00",8,2863.45,1,4,4,"Lost"
12685.0,"2011-11-11 13:46:00",6,2863.08,2,3,4,"At risk"
14875.0,"2011-08-24 12:20:00",3,2862.40,3,3,4,"Loyal"
16979.0,"2011-12-06 12:21:00",9,2859.74,1,4,4,"Lost"
14035.0,"2011-11-11 10:03:00",9,2856.72,2,4,4,"At risk"
13728.0,"2011-11-03 10:49:00",16,2855.17,2,4,4,"At risk"
16742.0,"2011-10-24 12:02:00",14,2852.61,2,4,4,"At risk"
12352.0,"2011-11-03 14:37:00",10,2849.84,2,4,4,"At risk"
14935.0,"2011-02-15 14:44:00",2,2849.83,3,2,4,"Loyal"
16163.0,"2011-04-21 15:15:00",6,2849.58,3,3,4,"Loyal"
13032.0,"2011-10-18 15:54:00",9,2843.55,2,4,4,"At risk"
12676.0,"2011-11-15 12:25:00",11,2843.09,1,4,4,"Lost"
16554.0,"2011-10-28 14:51:00",8,2841.72,2,4,4,"At risk"
13477.0,"2011-11-02 12:04:00",11,2834.17,2,4,4,"At risk"
17368.0,"2011-11-16 15:26:00",14,2826.14,1,4,4,"Lost"
14842.0,"2011-10-27 12:37:00",4,2824.69,2,3,4,"At risk"
16407.0,"2011-11-27 11:05:00",14,2821.65,1,4,4,"Lost"
15797.0,"2011-08-18 17:04:00",6,2821.08,3,3,4,"Loyal"
13719.0,"2011-11-24 15:26:00",11,2815.25,1,4,4,"Lost"
15660.0,"2011-11-14 16:58:00",15,2812.99,1,4,4,"Lost"
17386.0,"2011-12-02 11:28:00",7,2812.77,1,4,4,"Lost"
16871.0,"2011-11-17 19:27:00",6,2812.34,1,3,4,"Lost"
14903.0,"2011-11-18 16:07:00",5,2810.63,1,3,4,"Lost"
13330.0,"2011-09-08 12:27:00",6,2806.18,2,3,4,"At risk"
16817.0,"2011-12-07 11:03:00",13,2804.90,1,4,4,"Lost"
17470.0,"2011-10-26 12:42:00",11,2804.87,2,4,4,"At risk"
14869.0,"2011-12-01 12:36:00",6,2804.24,1,3,4,"Lost"
13799.0,"2011-08-15 12:07:00",9,2803.57,3,4,4,"Loyal"
13205.0,"2010-09-22 16:26:00",1,2803.20,4,1,4,"At risk"
16764.0,"2011-12-06 11:41:00",13,2799.25,1,4,4,"Lost"
15993.0,"2011-12-01 10:45:00",7,2797.57,1,4,4,"Lost"
17284.0,"2011-10-10 14:38:00",8,2793.16,2,4,4,"At risk"
12863.0,"2011-10-18 14:15:00",6,2792.55,2,3,4,"At risk"
15073.0,"2011-11-30 10:44:00",8,2788.02,1,4,4,"Lost"
15021.0,"2011-12-01 11:53:00",12,2783.83,1,4,4,"Lost"
17790.0,"2011-11-13 11:30:00",20,2783.61,2,4,4,"At risk"
14121.0,"2011-12-06 12:19:00",4,2780.15,1,3,4,"Lost"
16104.0,"2011-10-09 10:23:00",9,2778.61,2,4,4,"At risk"
17591.0,"2011-09-27 13:42:00",8,2776.67,2,4,4,"At risk"
16335.0,"2010-06-06 11:35:00",7,2774.00,4,4,4,"Champion"
17031.0,"2011-11-28 10:23:00",6,2773.85,1,3,4,"Lost"
12391.0,"2011-11-18 12:07:00",6,2773.42,1,3,4,"Lost"
13695.0,"2011-11-08 14:26:00",16,2770.73,2,4,4,"At risk"
17720.0,"2011-11-13 15:04:00",10,2768.91,2,4,4,"At risk"
18210.0,"2011-12-08 11:02:00",7,2768.83,1,4,4,"Lost"
14696.0,"2011-12-05 13:43:00",8,2767.90,1,4,4,"Lost"
15817.0,"2010-10-15 11:07:00",3,2766.40,4,3,4,"Champion"
13736.0,"2011-12-04 15:19:00",7,2766.21,1,4,4,"Lost"
17676.0,"2011-12-05 15:16:00",10,2765.84,1,4,4,"Lost"
13813.0,"2011-10-31 10:38:00",8,2765.47,2,4,4,"At risk"
17115.0,"2011-12-01 14:30:00",7,2761.49,1,4,4,"Lost"
17262.0,"2011-10-18 12:56:00",11,2757.62,2,4,4,"At risk"
17490.0,"2011-12-09 09:08:00",9,2750.50,1,4,4,"Lost"
14665.0,"2011-10-10 09:14:00",7,2749.65,2,4,4,"At risk"
12982.0,"2011-04-11 11:51:00",8,2744.81,3,4,4,"Loyal"
17241.0,"2010-11-19 13:01:00",12,2744.14,4,4,4,"Champion"
12669.0,"2011-07-12 09:54:00",3,2744.03,3,3,4,"Loyal"
15841.0,"2011-09-28 12:15:00",9,2742.41,2,4,4,"At risk"
16434.0,"2011-11-10 14:28:00",12,2741.74,2,4,4,"At risk"
14808.0,"2011-10-31 12:21:00",8,2741.17,2,4,4,"At risk"
14125.0,"2011-11-29 12:47:00",3,2740.43,1,3,4,"Lost"
18283.0,"2011-12-06 12:02:00",22,2736.65,1,4,4,"Lost"
15389.0,"2011-06-20 16:18:00",5,2733.80,3,3,4,"Loyal"
15111.0,"2011-11-10 16:58:00",5,2730.87,2,3,4,"At risk"
12986.0,"2010-10-07 11:57:00",10,2729.84,4,4,4,"Champion"
13211.0,"2011-11-29 14:43:00",10,2729.32,1,4,4,"Lost"
12739.0,"2011-09-22 13:00:00",4,2726.73,2,3,4,"At risk"
16190.0,"2011-10-30 15:59:00",8,2723.55,2,4,4,"At risk"
15985.0,"2011-08-08 16:31:00",7,2715.28,3,4,4,"Loyal"
16232.0,"2011-10-27 12:16:00",7,2712.97,2,4,4,"At risk"
16359.0,"2011-12-02 17:04:00",16,2697.75,1,4,4,"Lost"
18173.0,"2011-09-14 11:26:00",5,2696.36,2,3,4,"At risk"
12725.0,"2010-12-03 15:45:00",4,2694.56,3,3,4,"Loyal"
17388.0,"2011-09-23 10:31:00",11,2691.57,2,4,4,"At risk"
12820.0,"2011-12-06 15:12:00",11,2689.52,1,4,4,"Lost"
15910.0,"2011-12-09 10:51:00",15,2681.80,1,4,4,"Lost"
14496.0,"2011-02-01 09:01:00",7,2668.23,3,4,4,"Loyal"
16369.0,"2011-11-21 16:25:00",7,2664.81,1,4,4,"Lost"
13473.0,"2011-10-10 11:20:00",8,2657.76,2,4,4,"At risk"
15671.0,"2011-11-21 12:43:00",7,2657.13,1,4,4,"Lost"
15157.0,"2011-12-06 11:28:00",5,2654.11,1,3,4,"Lost"
14756.0,"2011-11-24 18:13:00",3,2653.76,1,3,4,"Lost"
14410.0,"2011-09-08 15:08:00",11,2651.14,2,4,4,"At risk"
17744.0,"2011-12-06 12:11:00",7,2649.14,1,4,4,"Lost"
12516.0,"2011-09-23 09:13:00",4,2648.62,2,3,4,"At risk"
13203.0,"2011-11-30 10:45:00",10,2648.25,1,4,4,"Lost"
16618.0,"2011-11-08 13:52:00",5,2647.59,2,3,4,"At risk"
13117.0,"2011-11-18 12:02:00",18,2643.81,1,4,4,"Lost"
13819.0,"2011-02-11 10:38:00",6,2642.35,3,3,4,"Loyal"
13173.0,"2011-12-05 15:51:00",11,2639.35,1,4,4,"Lost"
15814.0,"2011-11-23 08:17:00",6,2634.44,1,3,4,"Lost"
12520.0,"2011-09-21 15:23:00",5,2634.26,2,3,4,"At risk"
16276.0,"2011-06-16 09:34:00",3,2629.39,3,3,4,"Loyal"
14548.0,"2011-07-12 12:19:00",9,2627.49,3,4,4,"Loyal"
13422.0,"2011-10-06 13:42:00",1,2626.30,2,1,4,"At risk"
13644.0,"2011-11-23 14:07:00",4,2624.26,1,3,4,"Lost"
12671.0,"2010-04-12 16:30:00",1,2622.48,4,1,4,"At risk"
12423.0,"2011-12-09 10:10:00",10,2622.39,1,4,4,"Lost"
14573.0,"2011-06-13 11:15:00",13,2621.42,3,4,4,"Loyal"
15142.0,"2011-10-24 12:51:00",6,2619.92,2,3,4,"At risk"
14262.0,"2011-12-01 14:17:00",8,2618.23,1,4,4,"Lost"
17043.0,"2011-11-07 15:33:00",8,2616.55,2,4,4,"At risk"
14195.0,"2011-05-22 10:29:00",6,2615.60,3,3,4,"Loyal"
15426.0,"2011-11-20 15:36:00",9,2615.39,1,4,4,"Lost"
14431.0,"2011-02-10 10:40:00",4,2614.20,3,3,4,"Loyal"
13700.0,"2011-11-13 13:00:00",13,2613.46,2,4,4,"At risk"
14397.0,"2011-12-07 09:22:00",19,2612.96,1,4,4,"Lost"
14564.0,"2010-10-01 09:02:00",2,2605.62,4,2,4,"Loyal"
16206.0,"2011-10-16 10:41:00",13,2602.32,2,4,4,"At risk"
17787.0,"2011-07-10 11:24:00",4,2601.47,3,3,4,"Loyal"
17317.0,"2011-10-24 17:19:00",3,2600.34,2,3,4,"At risk"
15826.0,"2011-10-14 16:05:00",4,2598.28,2,3,4,"At risk"
12412.0,"2011-09-26 10:16:00",6,2596.93,2,3,4,"At risk"
14163.0,"2011-09-13 15:18:00",5,2594.62,2,3,4,"At risk"
14229.0,"2011-10-19 10:04:00",7,2594.04,2,4,4,"At risk"
14129.0,"2011-12-08 11:02:00",9,2591.34,1,4,4,"Lost"
14147.0,"2011-09-22 18:10:00",9,2590.20,2,4,4,"At risk"
15033.0,"2011-12-05 12:40:00",10,2586.67,1,4,4,"Lost"
15062.0,"2011-09-29 16:51:00",8,2585.62,2,4,4,"At risk"
17897.0,"2011-06-20 11:23:00",9,2585.00,3,4,4,"Loyal"
12592.0,"2011-09-08 15:04:00",5,2582.66,2,3,4,"At risk"
13151.0,"2011-02-17 12:29:00",3,2580.74,3,3,4,"Loyal"
16244.0,"2011-05-12 10:18:00",2,2579.38,3,2,4,"Loyal"
16499.0,"2010-12-14 13:31:00",8,2578.34,3,4,4,"Loyal"
16115.0,"2011-11-30 11:32:00",12,2575.14,1,4,4,"Lost"
17095.0,"2011-11-17 12:21:00",7,2572.25,1,4,4,"Lost"
14745.0,"2011-08-19 10:05:00",12,2571.81,3,4,4,"Loyal"
17002.0,"2011-09-15 12:40:00",7,2571.55,2,4,4,"At risk"
13652.0,"2011-10-25 08:51:00",5,2570.85,2,3,4,"At risk"
15434.0,"2011-12-01 13:33:00",11,2567.06,1,4,4,"Lost"
13623.0,"2011-11-09 12:00:00",10,2566.49,2,4,4,"At risk"
15747.0,"2011-11-27 12:26:00",9,2562.61,1,4,4,"Lost"
13192.0,"2011-09-05 14:13:00",6,2558.58,2,3,4,"At risk"
17463.0,"2011-11-23 13:40:00",7,2557.91,1,4,4,"Lost"
16036.0,"2011-09-13 14:53:00",4,2556.84,2,3,4,"At risk"
13862.0,"2011-11-21 16:24:00",9,2556.09,1,4,4,"Lost"
15906.0,"2011-11-20 12:24:00",10,2555.64,1,4,4,"Lost"
17550.0,"2011-05-26 14:09:00",9,2547.64,3,4,4,"Loyal"
18179.0,"2011-11-30 16:23:00",8,2547.55,1,4,4,"Lost"
13344.0,"2011-10-03 09:45:00",3,2543.72,2,3,4,"At risk"
17465.0,"2010-10-10 11:56:00",7,2542.79,4,4,4,"Champion"
14810.0,"2011-10-30 11:19:00",13,2537.02,2,4,4,"At risk"
16987.0,"2011-12-06 17:26:00",11,2535.90,1,4,4,"Lost"
16016.0,"2011-12-06 14:35:00",11,2533.94,1,4,4,"Lost"
13471.0,"2011-12-08 15:44:00",4,2531.58,1,3,4,"Lost"
16889.0,"2011-05-29 11:05:00",6,2530.90,3,3,4,"Loyal"
14659.0,"2011-12-01 12:17:00",9,2529.93,1,4,4,"Lost"
14790.0,"2011-11-23 09:28:00",10,2526.62,1,4,4,"Lost"
17101.0,"2011-11-29 13:57:00",7,2507.05,1,4,4,"Lost"
15860.0,"2011-10-30 11:25:00",17,2505.21,2,4,4,"At risk"
12517.0,"2011-11-11 14:04:00",5,2502.84,2,3,4,"At risk"
12978.0,"2010-11-19 14:29:00",5,2502.82,4,3,4,"Champion"
16202.0,"2010-12-14 10:43:00",9,2501.99,3,4,4,"Loyal"
17288.0,"2011-11-30 16:09:00",11,2499.98,1,4,4,"Lost"
14541.0,"2011-10-12 10:08:00",14,2499.68,2,4,4,"At risk"
17594.0,"2011-09-15 16:34:00",4,2497.88,2,3,4,"At risk"
15932.0,"2011-12-05 17:13:00",8,2495.87,1,4,4,"Lost"
13414.0,"2011-07-29 11:45:00",6,2494.14,3,3,4,"Loyal"
16795.0,"2010-12-09 14:08:00",3,2492.39,3,3,4,"Loyal"
15227.0,"2011-11-03 11:59:00",9,2488.49,2,4,4,"At risk"
15117.0,"2011-11-25 08:12:00",8,2485.97,1,4,4,"Lost"
14449.0,"2011-11-21 12:06:00",8,2482.80,1,4,4,"Lost"
16520.0,"2011-06-06 13:24:00",6,2482.62,3,3,4,"Loyal"
13507.0,"2011-12-06 13:13:00",4,2479.16,1,3,4,"Lost"
13588.0,"2011-11-24 10:42:00",9,2478.95,1,4,4,"Lost"
17348.0,"2011-11-25 11:25:00",9,2476.41,1,4,4,"Lost"
13134.0,"2011-09-15 10:35:00",6,2475.23,2,3,4,"At risk"
14256.0,"2011-03-24 13:17:00",5,2473.99,3,3,4,"Loyal"
13878.0,"2011-10-16 12:19:00",4,2473.06,2,3,4,"At risk"
13762.0,"2011-05-05 09:15:00",5,2472.48,3,3,4,"Loyal"
14502.0,"2011-11-20 11:50:00",11,2470.67,1,4,4,"Lost"
17732.0,"2010-12-02 09:29:00",8,2470.39,3,4,4,"Loyal"
12924.0,"2011-09-12 13:55:00",12,2469.40,2,4,4,"At risk"
14421.0,"2011-10-13 13:24:00",6,2469.37,2,3,4,"At risk"
17164.0,"2011-11-07 09:14:00",7,2467.35,2,4,4,"At risk"
15221.0,"2010-12-08 13:08:00",4,2465.45,3,3,4,"Loyal"
17131.0,"2011-12-04 12:52:00",5,2463.17,1,3,4,"Lost"
16470.0,"2011-10-19 12:11:00",11,2458.60,2,4,4,"At risk"
17629.0,"2011-12-04 10:56:00",10,2455.52,1,4,4,"Lost"
17894.0,"2011-09-29 09:23:00",18,2453.38,2,4,4,"At risk"
12701.0,"2011-09-21 10:47:00",6,2446.41,2,3,4,"At risk"
13338.0,"2011-07-05 09:06:00",4,2445.62,3,3,4,"Loyal"
18171.0,"2011-10-12 09:13:00",9,2437.31,2,4,4,"At risk"
15623.0,"2011-07-21 17:26:00",8,2437.05,3,4,4,"Loyal"
16005.0,"2011-11-27 13:47:00",10,2436.22,1,4,4,"Lost"
17505.0,"2011-07-01 12:50:00",5,2435.48,3,3,4,"Loyal"
13085.0,"2011-07-05 12:11:00",8,2433.28,3,4,4,"Loyal"
13094.0,"2011-11-18 14:07:00",13,2433.12,1,4,4,"Lost"
16638.0,"2011-11-17 11:09:00",15,2430.53,1,4,4,"Lost"
15077.0,"2010-08-02 11:13:00",2,2428.08,4,2,4,"Loyal"
13949.0,"2011-12-07 09:35:00",6,2427.32,1,3,4,"Lost"
17004.0,"2011-10-24 14:25:00",4,2425.16,2,3,4,"At risk"
12733.0,"2011-04-19 16:19:00",4,2424.87,3,3,4,"Loyal"
17921.0,"2011-10-06 18:56:00",10,2423.50,2,4,4,"At risk"
15658.0,"2011-06-02 15:22:00",8,2423.47,3,4,4,"Loyal"
15215.0,"2011-10-24 11:41:00",7,2422.43,2,4,4,"At risk"
15089.0,"2011-11-29 16:31:00",6,2420.84,1,3,4,"Lost"
15489.0,"2011-11-17 08:53:00",8,2419.61,1,4,4,"Lost"
16040.0,"2011-10-05 13:47:00",7,2416.90,2,4,4,"At risk"
12802.0,"2011-06-06 09:36:00",7,2416.42,3,4,4,"Loyal"
13118.0,"2011-11-20 12:46:00",9,2415.41,1,4,4,"Lost"
14205.0,"2011-11-23 10:55:00",9,2414.20,1,4,4,"Lost"
12397.0,"2011-11-04 09:52:00",2,2409.90,2,2,4,"At risk"
16833.0,"2011-12-08 14:39:00",6,2409.04,1,3,4,"Lost"
17671.0,"2011-11-24 12:21:00",5,2403.34,1,3,4,"Lost"
15341.0,"2011-09-20 09:40:00",2,2402.72,2,2,4,"At risk"
15793.0,"2011-11-25 09:31:00",8,2399.57,1,4,4,"Lost"
12393.0,"2011-09-28 15:41:00",6,2399.45,2,3,4,"At risk"
14414.0,"2011-09-09 12:09:00",8,2399.33,2,4,4,"At risk"
16147.0,"2011-07-29 09:57:00",5,2398.91,3,3,4,"Loyal"
16883.0,"2011-06-05 12:51:00",19,2396.59,3,4,4,"Loyal"
16812.0,"2010-12-14 12:35:00",4,2392.00,3,3,4,"Loyal"
15366.0,"2011-09-25 15:01:00",7,2389.08,2,4,4,"At risk"
17827.0,"2011-12-04 15:00:00",6,2388.05,1,3,4,"Lost"
14443.0,"2011-10-17 10:10:00",5,2386.47,2,3,4,"At risk"
16105.0,"2011-04-05 10:13:00",5,2386.19,3,3,4,"Loyal"
17623.0,"2011-11-07 11:32:00",7,2383.67,2,4,4,"At risk"
17905.0,"2011-09-29 17:33:00",13,2383.52,2,4,4,"At risk"
16065.0,"2010-12-09 13:03:00",8,2382.62,3,4,4,"Loyal"
14554.0,"2011-11-29 16:44:00",4,2381.04,1,3,4,"Lost"
17434.0,"2011-12-07 13:16:00",7,2373.82,1,4,4,"Lost"
17969.0,"2011-06-26 13:00:00",20,2369.94,3,4,4,"Loyal"
13908.0,"2011-09-21 11:49:00",4,2369.55,2,3,4,"At risk"
15015.0,"2010-07-26 13:50:00",13,2365.02,4,4,4,"Champion"
14295.0,"2011-10-30 15:50:00",5,2362.91,2,3,4,"At risk"
17634.0,"2011-11-03 13:09:00",9,2361.97,2,4,4,"At risk"
16676.0,"2011-11-06 12:01:00",6,2361.90,2,3,4,"At risk"
13614.0,"2011-11-15 14:47:00",6,2359.19,1,3,4,"Lost"
16083.0,"2011-08-31 10:47:00",4,2351.42,3,3,4,"Loyal"
15549.0,"2011-09-23 16:22:00",8,2345.96,2,4,4,"At risk"
16085.0,"2011-11-16 13:24:00",12,2343.53,1,4,4,"Lost"
12704.0,"2011-12-02 13:15:00",8,2340.84,1,4,4,"Lost"
17282.0,"2011-08-01 14:29:00",5,2339.66,3,3,4,"Loyal"
12584.0,"2011-12-06 09:35:00",9,2338.15,1,4,4,"Lost"
16496.0,"2011-12-01 10:31:00",6,2330.77,1,3,4,"Lost"
17313.0,"2011-11-08 15:45:00",1,2328.84,2,1,4,"At risk"
13280.0,"2011-08-09 13:14:00",7,2322.63,3,4,4,"Loyal"
17113.0,"2010-05-14 13:59:00",6,2322.59,4,3,4,"Champion"
14938.0,"2010-05-26 13:38:00",2,2322.43,4,2,4,"Loyal"
13091.0,"2011-11-11 15:54:00",3,2321.82,2,3,4,"At risk"
13055.0,"2011-09-22 14:26:00",4,2321.11,2,3,4,"At risk"
16628.0,"2011-11-10 12:45:00",7,2318.10,2,4,4,"At risk"
12724.0,"2011-12-04 16:02:00",7,2317.52,1,4,4,"Lost"
12948.0,"2011-11-23 17:10:00",9,2317.43,1,4,4,"Lost"
14346.0,"2011-08-11 09:47:00",5,2315.75,3,3,4,"Loyal"
14555.0,"2011-10-13 16:24:00",6,2315.63,2,3,4,"At risk"
17994.0,"2011-08-10 11:41:00",11,2313.32,3,4,4,"Loyal"
13994.0,"2011-12-06 11:05:00",6,2313.14,1,3,4,"Lost"
14481.0,"2011-06-28 10:38:00",5,2311.49,3,3,4,"Loyal"
17193.0,"2011-11-04 12:47:00",9,2310.04,2,4,4,"At risk"
13704.0,"2011-12-04 15:13:00",9,2308.06,1,4,3,"Lost"
15946.0,"2010-07-25 12:18:00",3,2304.18,4,3,3,"Champion"
13059.0,"2011-04-04 10:40:00",10,2303.17,3,4,3,"Loyal"
18095.0,"2011-01-31 12:50:00",5,2303.09,3,3,3,"Loyal"
17324.0,"2011-11-22 10:34:00",12,2301.87,1,4,3,"Lost"
16077.0,"2010-03-24 10:42:00",1,2300.40,4,1,3,"At risk"
16531.0,"2011-11-17 16:29:00",11,2298.33,1,4,3,"Lost"
13371.0,"2010-07-22 17:33:00",2,2297.66,4,2,3,"Loyal"
12599.0,"2011-11-10 13:34:00",13,2296.72,2,4,3,"At risk"
16485.0,"2011-09-23 15:50:00",5,2294.68,2,3,3,"At risk"
12649.0,"2011-08-24 14:41:00",8,2294.65,3,4,3,"Loyal"
14901.0,"2011-11-28 17:09:00",12,2289.65,1,4,3,"Lost"
17047.0,"2011-09-15 13:27:00",6,2289.23,2,3,3,"At risk"
17018.0,"2011-10-30 11:42:00",6,2287.70,2,3,3,"At risk"
12684.0,"2011-12-02 09:53:00",7,2283.63,1,4,3,"Lost"
18051.0,"2010-03-15 13:58:00",7,2282.28,4,4,3,"Champion"
13655.0,"2011-08-17 14:25:00",6,2280.51,3,3,3,"Loyal"
14462.0,"2011-10-04 15:55:00",12,2270.01,2,4,3,"At risk"
13748.0,"2011-09-05 09:45:00",9,2268.35,3,4,3,"Loyal"
15638.0,"2010-11-26 11:52:00",6,2265.20,3,3,3,"Loyal"
16042.0,"2011-11-17 17:50:00",8,2265.12,1,4,3,"Lost"
15734.0,"2011-08-17 10:50:00",4,2263.30,3,3,3,"Loyal"
16823.0,"2011-04-26 15:00:00",7,2260.09,3,4,3,"Loyal"
13814.0,"2011-09-08 13:48:00",3,2257.32,2,3,3,"At risk"
17180.0,"2011-10-14 15:46:00",11,2256.98,2,4,3,"At risk"
14432.0,"2011-11-30 08:04:00",6,2255.51,1,3,3,"Lost"
16350.0,"2011-11-18 15:53:00",9,2253.89,1,4,3,"Lost"
13662.0,"2011-09-15 12:04:00",11,2250.11,2,4,3,"At risk"
17414.0,"2011-10-27 12:13:00",6,2249.52,2,3,3,"At risk"
15865.0,"2011-10-30 12:43:00",5,2248.92,2,3,3,"At risk"
14644.0,"2011-10-03 08:30:00",7,2247.72,2,4,3,"At risk"
18215.0,"2011-09-11 16:05:00",5,2247.49,2,3,3,"At risk"
16177.0,"2011-10-20 12:57:00",8,2247.31,2,4,3,"At risk"
12868.0,"2011-06-07 10:42:00",8,2247.06,3,4,3,"Loyal"
16174.0,"2011-08-05 13:26:00",7,2246.75,3,4,3,"Loyal"
13627.0,"2011-10-11 14:20:00",7,2245.90,2,4,3,"At risk"
13407.0,"2010-05-10 12:41:00",3,2244.70,4,3,3,"Champion"
17075.0,"2011-11-22 11:58:00",10,2241.73,1,4,3,"Lost"
15629.0,"2010-09-15 13:46:00",4,2240.90,4,3,3,"Champion"
16551.0,"2011-09-05 09:38:00",7,2237.12,3,4,3,"Loyal"
16108.0,"2011-09-16 11:48:00",4,2235.92,2,3,3,"At risk"
16221.0,"2011-11-03 11:43:00",9,2235.51,2,4,3,"At risk"
16076.0,"2011-12-06 14:59:00",10,2234.73,1,4,3,"Lost"
14177.0,"2011-09-14 15:11:00",13,2229.34,2,4,3,"At risk"
17460.0,"2011-09-06 15:04:00",16,2228.27,2,4,3,"At risk"
14472.0,"2011-08-28 11:01:00",9,2228.22,3,4,3,"Loyal"
13320.0,"2011-09-22 18:07:00",6,2228.10,2,3,3,"At risk"
12783.0,"2011-12-07 15:56:00",6,2225.91,1,3,3,"Lost"
13365.0,"2011-11-06 12:36:00",2,2225.37,2,2,3,"At risk"
14467.0,"2011-11-22 12:48:00",12,2220.99,1,4,3,"Lost"
15550.0,"2011-12-05 15:38:00",12,2218.80,1,4,3,"Lost"
14321.0,"2011-11-29 09:47:00",7,2218.06,1,4,3,"Lost"
18177.0,"2011-11-08 14:44:00",9,2216.87,2,4,3,"At risk"
17648.0,"2011-10-10 09:41:00",5,2216.37,2,3,3,"At risk"
13478.0,"2010-08-27 13:23:00",5,2215.78,4,3,3,"Champion"
14708.0,"2011-12-07 08:21:00",5,2212.28,1,3,3,"Lost"
15476.0,"2010-11-24 15:17:00",4,2209.98,4,3,3,"Champion"
14834.0,"2011-11-22 10:30:00",7,2206.16,1,4,3,"Lost"
13410.0,"2011-11-15 15:33:00",9,2201.96,1,4,3,"Lost"
14597.0,"2011-11-28 13:13:00",6,2201.54,1,3,3,"Lost"
14006.0,"2011-08-16 09:39:00",7,2196.67,3,4,3,"Loyal"
16317.0,"2011-08-12 12:46:00",5,2192.51,3,3,3,"Loyal"
15934.0,"2010-10-18 10:13:00",2,2190.66,4,2,3,"Loyal"
14212.0,"2011-09-11 12:45:00",2,2190.14,2,2,3,"At risk"
17822.0,"2010-10-15 13:47:00",5,2188.50,4,3,3,"Champion"
15864.0,"2011-11-17 13:32:00",7,2180.76,1,4,3,"Lost"
12856.0,"2011-12-02 10:52:00",6,2179.93,1,3,3,"Lost"
13610.0,"2011-11-27 15:38:00",14,2175.88,1,4,3,"Lost"
15649.0,"2011-01-07 13:34:00",4,2170.35,3,3,3,"Loyal"
12501.0,"2011-01-07 12:28:00",1,2169.39,3,1,3,"At risk"
13888.0,"2011-08-12 10:13:00",7,2169.05,3,4,3,"Loyal"
14595.0,"2011-11-20 12:12:00",8,2164.45,1,4,3,"Lost"
15944.0,"2011-03-08 10:33:00",4,2164.24,3,3,3,"Loyal"
13755.0,"2011-12-06 12:26:00",9,2161.35,1,4,3,"Lost"
14407.0,"2011-08-24 14:02:00",6,2157.73,3,3,3,"Loyal"
16379.0,"2011-12-05 15:38:00",4,2157.40,1,3,3,"Lost"
13643.0,"2011-11-08 15:37:00",10,2156.77,2,4,3,"At risk"
13224.0,"2011-10-10 14:55:00",2,2155.95,2,2,3,"At risk"
18009.0,"2011-04-18 13:36:00",8,2155.83,3,4,3,"Loyal"
16966.0,"2011-12-01 13:40:00",7,2154.97,1,4,3,"Lost"
18116.0,"2011-10-03 11:00:00",13,2154.30,2,4,3,"At risk"
16600.0,"2011-12-05 16:00:00",13,2153.41,1,4,3,"Lost"
16275.0,"2011-05-27 12:41:00",3,2151.11,3,3,3,"Loyal"
18239.0,"2011-05-05 12:38:00",6,2150.36,3,3,3,"Loyal"
14216.0,"2011-12-06 14:56:00",5,2150.04,1,3,3,"Lost"
16716.0,"2011-03-18 10:03:00",3,2149.68,3,3,3,"Loyal"
17272.0,"2011-10-28 16:37:00",4,2148.63,2,3,3,"At risk"
16004.0,"2010-08-22 11:48:00",5,2146.39,4,3,3,"Champion"
13152.0,"2010-10-18 13:44:00",7,2146.38,4,4,3,"Champion"
16134.0,"2011-11-18 10:05:00",5,2145.34,1,3,3,"Lost"
12576.0,"2011-11-04 10:11:00",8,2142.72,2,4,3,"At risk"
13092.0,"2011-09-30 11:18:00",12,2140.28,2,4,3,"At risk"
14499.0,"2011-11-13 13:01:00",7,2138.97,2,4,3,"At risk"
12687.0,"2010-08-16 12:12:00",2,2138.91,4,2,3,"Loyal"
17029.0,"2011-08-21 11:06:00",7,2137.30,3,4,3,"Loyal"
17305.0,"2010-03-01 12:47:00",1,2135.46,4,1,3,"At risk"
12560.0,"2011-12-04 13:54:00",3,2134.01,1,3,3,"Lost"
16493.0,"2011-09-21 11:10:00",7,2132.09,2,4,3,"At risk"
13517.0,"2011-10-11 11:43:00",3,2128.42,2,3,3,"At risk"
14360.0,"2011-11-08 09:12:00",4,2128.23,2,3,3,"At risk"
14634.0,"2010-09-28 10:40:00",4,2124.46,4,3,3,"Champion"
16807.0,"2011-07-20 12:00:00",6,2123.88,3,3,3,"Loyal"
16996.0,"2011-11-09 16:43:00",9,2123.61,2,4,3,"At risk"
14396.0,"2011-10-05 16:09:00",7,2121.93,2,4,3,"At risk"
15456.0,"2011-03-01 13:51:00",10,2119.27,3,4,3,"Loyal"
14691.0,"2011-11-09 12:30:00",5,2114.33,2,3,3,"At risk"
14399.0,"2010-11-10 13:23:00",8,2113.16,4,4,3,"Champion"
14469.0,"2010-10-19 14:30:00",4,2112.21,4,3,3,"Champion"
16201.0,"2011-12-06 16:02:00",5,2112.12,1,3,3,"Lost"
16054.0,"2011-07-17 13:08:00",4,2111.88,3,3,3,"Loyal"
16934.0,"2011-10-16 12:40:00",6,2110.99,2,3,3,"At risk"
12997.0,"2011-11-17 15:47:00",8,2110.91,1,4,3,"Lost"
13265.0,"2011-10-17 15:02:00",5,2107.66,2,3,3,"At risk"
15252.0,"2011-11-03 13:30:00",5,2103.41,2,3,3,"At risk"
14276.0,"2011-09-02 09:45:00",7,2102.68,3,4,3,"Loyal"
15815.0,"2011-10-07 12:42:00",5,2100.60,2,3,3,"At risk"
12975.0,"2010-09-29 09:46:00",6,2100.09,4,3,3,"Champion"
16510.0,"2010-12-02 13:39:00",6,2100.00,3,3,3,"Loyal"
17159.0,"2011-11-18 10:52:00",5,2099.59,1,3,3,"Lost"
12610.0,"2011-11-17 09:34:00",5,2099.54,1,3,3,"Lost"
17742.0,"2011-08-18 15:28:00",11,2098.48,3,4,3,"Loyal"
13753.0,"2011-02-25 12:48:00",4,2094.57,3,3,3,"Loyal"
13591.0,"2011-10-06 12:26:00",7,2093.94,2,4,3,"At risk"
17585.0,"2011-08-22 13:30:00",7,2093.30,3,4,3,"Loyal"
14723.0,"2011-11-29 15:23:00",11,2093.06,1,4,3,"Lost"
14896.0,"2011-05-19 10:20:00",8,2092.42,3,4,3,"Loyal"
16794.0,"2011-12-08 17:54:00",15,2090.91,1,4,3,"Lost"
16726.0,"2011-11-13 14:53:00",7,2088.41,2,4,3,"At risk"
15151.0,"2010-10-12 16:37:00",2,2085.61,4,2,3,"Loyal"
15272.0,"2011-10-13 12:59:00",6,2085.48,2,3,3,"At risk"
17705.0,"2011-12-06 13:45:00",11,2083.90,1,4,3,"Lost"
17289.0,"2011-11-08 12:01:00",9,2079.39,2,4,3,"At risk"
18026.0,"2010-07-27 10:37:00",2,2074.07,4,2,3,"Loyal"
17048.0,"2011-08-14 11:49:00",7,2071.68,3,4,3,"Loyal"
17126.0,"2011-07-10 13:52:00",9,2070.44,3,4,3,"Loyal"
16290.0,"2010-09-01 11:52:00",4,2069.30,4,3,3,"Champion"
15164.0,"2011-10-02 12:05:00",9,2068.92,2,4,3,"At risk"
14988.0,"2011-05-12 12:05:00",7,2066.60,3,4,3,"Loyal"
12586.0,"2011-11-22 16:24:00",4,2062.67,1,3,3,"Lost"
13476.0,"2011-06-14 12:00:00",5,2061.47,3,3,3,"Loyal"
18258.0,"2010-09-01 14:20:00",6,2059.67,4,3,3,"Champion"
14623.0,"2011-11-07 13:56:00",10,2059.58,2,4,3,"At risk"
17633.0,"2011-11-08 13:25:00",7,2057.39,2,4,3,"At risk"
12518.0,"2011-12-09 10:13:00",5,2056.89,1,3,3,"Lost"
16891.0,"2011-12-08 11:15:00",11,2056.82,1,4,3,"Lost"
15253.0,"2011-11-23 16:22:00",8,2055.09,1,4,3,"Lost"
14188.0,"2011-11-09 12:45:00",6,2054.36,2,3,3,"At risk"
16235.0,"2011-10-30 10:56:00",9,2053.71,2,4,3,"At risk"
16176.0,"2010-10-14 13:54:00",4,2052.69,4,3,3,"Champion"
17086.0,"2011-12-02 13:54:00",6,2050.08,1,3,3,"Lost"
13874.0,"2010-12-16 18:20:00",7,2049.15,3,4,3,"Loyal"
13984.0,"2011-11-13 12:38:00",12,2048.60,2,4,3,"At risk"
16027.0,"2011-09-09 10:47:00",15,2048.36,2,4,3,"At risk"
14232.0,"2011-10-28 11:09:00",5,2048.07,2,3,3,"At risk"
17666.0,"2011-12-06 09:06:00",5,2047.80,1,3,3,"Lost"
13663.0,"2011-06-13 15:44:00",5,2047.51,3,3,3,"Loyal"
14000.0,"2011-05-12 16:50:00",5,2046.34,3,3,3,"Loyal"
15473.0,"2011-11-25 15:15:00",8,2046.00,1,4,3,"Lost"
16960.0,"2011-11-01 11:35:00",8,2043.43,2,4,3,"At risk"
12585.0,"2011-04-19 13:39:00",2,2040.10,3,2,3,"Loyal"
15506.0,"2011-11-17 12:11:00",6,2040.03,1,3,3,"Lost"
16214.0,"2011-06-22 11:30:00",4,2038.25,3,3,3,"Loyal"
16331.0,"2010-10-03 13:47:00",6,2037.70,4,3,3,"Champion"
14225.0,"2010-10-01 10:32:00",4,2037.02,4,3,3,"Champion"
13705.0,"2011-12-02 12:32:00",7,2035.33,1,4,3,"Lost"
14651.0,"2011-10-03 15:52:00",9,2034.12,2,4,3,"At risk"
17846.0,"2011-09-15 15:20:00",1,2033.10,2,1,3,"At risk"
13630.0,"2011-12-04 15:16:00",7,2031.78,1,4,3,"Lost"
17337.0,"2011-07-11 14:55:00",4,2027.87,3,3,3,"Loyal"
15384.0,"2011-06-23 10:57:00",4,2027.79,3,3,3,"Loyal"
12873.0,"2011-03-02 14:58:00",3,2027.30,3,3,3,"Loyal"
13989.0,"2011-10-05 09:47:00",5,2026.06,2,3,3,"At risk"
14631.0,"2011-10-20 11:17:00",6,2025.69,2,3,3,"At risk"
15478.0,"2011-10-30 14:19:00",3,2024.98,2,3,3,"At risk"
17227.0,"2011-11-21 10:51:00",12,2022.03,1,4,3,"Lost"
12418.0,"2011-08-19 11:08:00",4,2021.20,3,3,3,"Loyal"
13696.0,"2010-10-14 09:44:00",3,2020.40,4,3,3,"Champion"
12348.0,"2011-09-25 13:13:00",5,2019.40,2,3,3,"At risk"
16197.0,"2010-08-27 12:56:00",9,2016.71,4,4,3,"Champion"
17152.0,"2011-05-29 12:19:00",4,2016.50,3,3,3,"Loyal"
16529.0,"2011-06-02 17:23:00",4,2012.00,3,3,3,"Loyal"
13693.0,"2010-11-30 18:21:00",9,2011.82,3,4,3,"Loyal"
16332.0,"2011-11-11 14:22:00",11,2010.41,2,4,3,"At risk"
15990.0,"2011-10-26 15:58:00",7,2010.05,2,3,3,"At risk"
15531.0,"2011-12-01 18:43:00",2,2007.44,1,2,3,"Lost"
14730.0,"2011-12-08 14:39:00",8,2005.06,1,4,3,"Lost"
16698.0,"2011-04-27 10:52:00",2,1998.00,3,2,3,"Loyal"
14628.0,"2011-09-09 14:58:00",5,1998.00,2,3,3,"At risk"
14152.0,"2011-09-25 12:54:00",7,1997.34,2,3,3,"At risk"
18204.0,"2011-09-29 16:44:00",3,1993.70,2,3,3,"At risk"
15481.0,"2010-11-03 14:52:00",1,1993.34,4,1,3,"At risk"
14301.0,"2011-08-14 15:33:00",4,1992.18,3,3,3,"Loyal"
13889.0,"2011-09-08 09:13:00",6,1991.23,2,3,3,"At risk"
17088.0,"2011-11-11 14:23:00",4,1991.01,2,3,3,"At risk"
13208.0,"2011-10-12 09:54:00",9,1988.50,2,4,3,"At risk"
17351.0,"2011-11-03 18:45:00",12,1988.23,2,4,3,"At risk"
17797.0,"2011-11-17 13:21:00",8,1985.87,1,4,3,"Lost"
14967.0,"2011-10-21 11:06:00",6,1982.61,2,3,3,"At risk"
15192.0,"2011-08-12 11:41:00",5,1981.39,3,3,3,"Loyal"
13725.0,"2011-10-21 10:03:00",8,1980.56,2,4,3,"At risk"
12582.0,"2011-04-15 08:45:00",4,1980.40,3,3,3,"Loyal"
17158.0,"2011-11-07 15:15:00",5,1980.00,2,3,3,"At risk"
15030.0,"2011-09-29 10:50:00",8,1979.91,2,4,3,"At risk"
15795.0,"2011-07-13 10:43:00",8,1979.87,3,4,3,"Loyal"
17966.0,"2011-11-02 10:26:00",10,1974.42,2,4,3,"At risk"
14905.0,"2011-07-05 12:41:00",8,1971.39,3,4,3,"Loyal"
17997.0,"2011-09-26 16:13:00",8,1970.67,2,4,3,"At risk"
12674.0,"2011-11-01 12:12:00",4,1970.60,2,3,3,"At risk"
16032.0,"2010-09-09 18:00:00",6,1970.45,4,3,3,"Champion"
14477.0,"2011-11-20 11:11:00",7,1969.60,1,3,3,"Lost"
13838.0,"2011-12-04 11:00:00",10,1966.09,1,4,3,"Lost"
15081.0,"2011-11-17 17:08:00",12,1965.72,1,4,3,"Lost"
16233.0,"2011-09-29 17:27:00",9,1965.71,2,4,3,"At risk"
12399.0,"2011-08-12 13:15:00",7,1962.30,3,3,3,"Loyal"
15789.0,"2010-12-16 14:35:00",6,1962.01,3,3,3,"Loyal"
18016.0,"2011-11-07 13:25:00",7,1960.46,2,3,3,"At risk"
17039.0,"2010-04-14 12:56:00",1,1954.99,4,1,3,"At risk"
17135.0,"2011-11-23 16:48:00",10,1954.16,1,4,3,"Lost"
14794.0,"2011-12-07 10:11:00",10,1953.90,1,4,3,"Lost"
17554.0,"2011-12-08 14:15:00",5,1952.45,1,3,3,"Lost"
13761.0,"2011-10-20 14:01:00",6,1952.17,2,3,3,"At risk"
15885.0,"2011-09-08 10:43:00",15,1951.82,2,4,3,"At risk"
16993.0,"2010-09-02 12:16:00",2,1950.95,4,2,3,"Loyal"
16788.0,"2011-08-08 14:53:00",5,1950.30,3,3,3,"Loyal"
14014.0,"2011-09-23 13:18:00",3,1948.21,2,3,3,"At risk"
15425.0,"2010-11-04 18:13:00",4,1944.57,4,3,3,"Champion"
14332.0,"2011-11-17 11:54:00",5,1943.51,1,3,3,"Lost"
15620.0,"2011-10-14 12:41:00",4,1942.36,2,3,3,"At risk"
13276.0,"2011-10-07 12:44:00",5,1939.26,2,3,3,"At risk"
12385.0,"2010-11-25 15:14:00",1,1938.40,3,1,3,"At risk"
16619.0,"2011-03-21 08:18:00",4,1938.33,3,3,3,"Loyal"
14418.0,"2011-12-06 11:39:00",3,1937.25,1,3,3,"Lost"
15605.0,"2011-11-03 14:17:00",9,1936.80,2,4,3,"At risk"
15561.0,"2011-11-28 11:07:00",8,1934.39,1,4,3,"Lost"
12528.0,"2011-11-30 14:40:00",6,1933.48,1,3,3,"Lost"
12531.0,"2011-11-25 11:12:00",2,1933.20,1,2,3,"Lost"
16859.0,"2011-07-18 12:19:00",7,1932.41,3,4,3,"Loyal"
16770.0,"2011-10-13 12:21:00",9,1932.13,2,4,3,"At risk"
15803.0,"2011-10-19 14:56:00",4,1929.66,2,3,3,"At risk"
17236.0,"2011-11-27 12:00:00",12,1929.26,1,4,3,"Lost"
13029.0,"2011-11-09 09:13:00",5,1927.30,2,3,3,"At risk"
14710.0,"2011-11-25 14:53:00",13,1922.59,1,4,3,"Lost"
14492.0,"2010-10-05 13:21:00",7,1921.91,4,4,3,"Champion"
16681.0,"2011-09-28 11:11:00",7,1921.84,2,4,3,"At risk"
18220.0,"2011-04-27 09:03:00",6,1921.76,3,3,3,"Loyal"
16942.0,"2011-11-27 12:40:00",9,1920.59,1,4,3,"Lost"
12644.0,"2011-08-02 10:33:00",4,1918.49,3,3,3,"Loyal"
12842.0,"2011-09-30 15:33:00",4,1917.99,2,3,3,"At risk"
16650.0,"2011-09-29 09:51:00",7,1916.11,2,4,3,"At risk"
16555.0,"2011-11-04 14:31:00",6,1915.68,2,3,3,"At risk"
16692.0,"2011-03-28 14:46:00",4,1914.70,3,3,3,"Loyal"
16426.0,"2011-12-07 14:01:00",10,1908.25,1,4,3,"Lost"
12947.0,"2011-07-19 10:06:00",6,1908.03,3,3,3,"Loyal"
17046.0,"2011-07-05 14:24:00",5,1906.07,3,3,3,"Loyal"
17350.0,"2011-12-01 15:47:00",7,1906.04,1,4,3,"Lost"
13503.0,"2011-09-29 13:23:00",6,1905.39,2,3,3,"At risk"
17235.0,"2011-11-14 15:51:00",8,1904.88,1,4,3,"Lost"
14250.0,"2011-12-02 14:30:00",3,1904.05,1,3,3,"Lost"
14127.0,"2011-08-09 10:49:00",6,1900.08,3,3,3,"Loyal"
16049.0,"2011-10-30 13:19:00",6,1899.68,2,3,3,"At risk"
12762.0,"2011-12-02 10:23:00",2,1898.52,1,2,3,"Lost"
14389.0,"2011-10-05 15:17:00",5,1898.01,2,3,3,"At risk"
14224.0,"2011-08-21 13:24:00",9,1897.90,3,4,3,"Loyal"
14741.0,"2011-11-28 08:48:00",7,1897.59,1,4,3,"Lost"
17560.0,"2011-09-06 09:18:00",8,1895.80,2,4,3,"At risk"
14327.0,"2011-06-29 13:58:00",6,1894.93,3,3,3,"Loyal"
17609.0,"2011-10-30 12:28:00",11,1894.34,2,4,3,"At risk"
15248.0,"2010-10-24 13:09:00",3,1893.93,4,2,3,"Loyal"
15678.0,"2011-10-18 09:25:00",3,1893.89,2,2,3,"At risk"
16631.0,"2010-08-15 11:20:00",7,1892.52,4,4,3,"Champion"
15381.0,"2011-05-10 11:55:00",5,1890.57,3,3,3,"Loyal"
17341.0,"2011-07-06 12:33:00",5,1889.83,3,3,3,"Loyal"
17259.0,"2011-07-14 15:01:00",6,1889.34,3,3,3,"Loyal"
14912.0,"2011-11-23 09:20:00",6,1889.25,1,3,3,"Lost"
13884.0,"2011-12-02 16:30:00",10,1888.48,1,4,3,"Lost"
16172.0,"2011-09-05 13:22:00",8,1884.55,2,4,3,"At risk"
14130.0,"2011-01-24 16:05:00",4,1882.67,3,3,3,"Loyal"
16725.0,"2011-02-10 16:52:00",14,1882.11,3,4,3,"Loyal"
14403.0,"2011-08-01 12:57:00",6,1880.51,3,3,3,"Loyal"
16660.0,"2011-11-23 14:53:00",7,1879.55,1,3,3,"Lost"
18151.0,"2011-07-28 11:35:00",6,1879.44,3,3,3,"Loyal"
15197.0,"2011-11-29 10:00:00",6,1877.51,1,3,3,"Lost"
13946.0,"2011-09-21 13:33:00",6,1876.23,2,3,3,"At risk"
13168.0,"2011-11-03 12:56:00",5,1875.31,2,3,3,"At risk"
12494.0,"2011-11-24 09:34:00",9,1872.87,1,4,3,"Lost"
16474.0,"2011-12-02 13:02:00",7,1871.50,1,3,3,"Lost"
14887.0,"2011-09-21 15:32:00",1,1862.00,2,1,3,"At risk"
14305.0,"2011-09-29 15:29:00",3,1858.96,2,3,3,"At risk"
17974.0,"2011-11-15 11:37:00",6,1858.06,1,3,3,"Lost"
16917.0,"2011-03-08 11:55:00",2,1857.83,3,2,3,"Loyal"
16043.0,"2011-11-02 12:50:00",8,1856.59,2,4,3,"At risk"
12383.0,"2011-06-08 08:02:00",5,1850.56,3,3,3,"Loyal"
12381.0,"2011-12-05 12:44:00",5,1845.31,1,3,3,"Lost"
12507.0,"2011-07-28 17:09:00",4,1844.06,3,3,3,"Loyal"
18180.0,"2011-12-05 08:39:00",6,1843.75,1,3,3,"Lost"
12694.0,"2011-09-30 13:06:00",3,1843.35,2,3,3,"At risk"
12950.0,"2011-12-07 13:17:00",3,1843.00,1,3,3,"Lost"
15201.0,"2011-09-13 14:53:00",7,1842.95,2,4,3,"At risk"
17015.0,"2011-11-11 10:45:00",3,1842.56,2,3,3,"At risk"
16102.0,"2011-10-28 13:19:00",3,1842.14,2,3,3,"At risk"
14553.0,"2011-11-20 13:20:00",9,1841.54,1,4,3,"Lost"
16880.0,"2011-11-09 11:33:00",8,1840.86,2,4,3,"At risk"
14715.0,"2011-11-15 12:10:00",8,1840.45,1,4,3,"Lost"
17919.0,"2011-09-12 13:41:00",2,1840.32,2,2,3,"At risk"
15822.0,"2011-12-06 14:50:00",6,1840.06,1,3,3,"Lost"
14870.0,"2011-03-23 10:51:00",6,1838.95,3,3,3,"Loyal"
13924.0,"2011-12-08 09:39:00",6,1838.85,1,3,3,"Lost"
16175.0,"2011-09-06 14:32:00",7,1836.44,2,4,3,"At risk"
16205.0,"2011-11-09 09:32:00",7,1830.61,2,4,3,"At risk"
15402.0,"2011-07-14 12:17:00",6,1830.54,3,3,3,"Loyal"
16152.0,"2011-03-16 09:47:00",1,1829.04,3,1,3,"At risk"
15339.0,"2011-10-04 12:51:00",7,1827.84,2,4,3,"At risk"
16797.0,"2010-11-11 19:14:00",5,1827.77,4,3,3,"Champion"
16825.0,"2011-11-01 11:51:00",5,1826.89,2,3,3,"At risk"
18122.0,"2011-12-01 13:08:00",6,1826.21,1,3,3,"Lost"
17244.0,"2011-10-17 15:19:00",5,1826.04,2,3,3,"At risk"
17642.0,"2011-08-12 09:11:00",5,1824.49,3,3,3,"Loyal"
16169.0,"2011-12-01 15:28:00",4,1822.97,1,3,3,"Lost"
14738.0,"2011-10-28 08:56:00",9,1821.90,2,4,3,"At risk"
13561.0,"2011-05-08 12:39:00",11,1820.72,3,4,3,"Loyal"
17888.0,"2011-11-18 13:45:00",25,1820.44,1,4,3,"Lost"
17828.0,"2011-11-17 08:41:00",4,1820.09,1,3,3,"Lost"
16110.0,"2011-10-25 14:35:00",4,1819.27,2,3,3,"At risk"
16511.0,"2011-11-18 10:41:00",6,1819.02,1,3,3,"Lost"
15807.0,"2011-10-20 14:10:00",5,1817.52,2,3,3,"At risk"
15736.0,"2010-09-30 14:20:00",2,1815.72,4,2,3,"Loyal"
16634.0,"2011-05-01 12:09:00",6,1814.61,3,3,3,"Loyal"
15530.0,"2011-11-18 12:25:00",5,1813.72,1,3,3,"Lost"
14704.0,"2011-11-28 12:51:00",11,1813.57,1,4,3,"Lost"
14915.0,"2011-09-09 13:34:00",11,1811.25,2,4,3,"At risk"
15972.0,"2010-09-09 13:20:00",5,1810.27,4,3,3,"Champion"
16595.0,"2011-10-09 13:15:00",5,1810.18,2,3,3,"At risk"
14893.0,"2011-11-30 12:31:00",3,1809.61,1,3,3,"Lost"
15133.0,"2011-08-04 10:44:00",5,1806.90,3,3,3,"Loyal"
15889.0,"2011-07-06 11:10:00",8,1806.28,3,4,3,"Loyal"
18096.0,"2011-11-28 12:44:00",6,1805.28,1,3,3,"Lost"
12784.0,"2011-11-30 15:38:00",3,1804.75,1,3,3,"Lost"
18161.0,"2011-11-24 16:40:00",6,1803.10,1,3,3,"Lost"
16249.0,"2011-10-18 10:07:00",5,1800.07,2,3,3,"At risk"
15452.0,"2011-11-10 12:13:00",6,1799.11,2,3,3,"At risk"
16348.0,"2011-11-07 15:44:00",8,1798.22,2,4,3,"At risk"
17750.0,"2011-12-04 14:09:00",9,1797.57,1,4,3,"Lost"
18235.0,"2011-09-29 08:27:00",3,1796.48,2,3,3,"At risk"
18236.0,"2011-11-10 08:06:00",12,1795.35,2,4,3,"At risk"
17165.0,"2011-02-28 16:39:00",6,1794.32,3,3,3,"Loyal"
14850.0,"2011-02-01 11:21:00",7,1794.01,3,4,3,"Loyal"
13782.0,"2011-11-27 11:54:00",13,1793.72,1,4,3,"Lost"
17603.0,"2011-09-22 14:18:00",4,1793.48,2,3,3,"At risk"
13711.0,"2011-05-05 10:31:00",9,1792.26,3,4,3,"Loyal"
13375.0,"2011-09-12 10:19:00",2,1792.23,2,2,3,"At risk"
12369.0,"2010-10-22 13:13:00",3,1791.15,4,3,3,"Champion"
15608.0,"2011-11-11 13:20:00",5,1785.98,2,3,3,"At risk"
16611.0,"2011-06-06 15:46:00",6,1785.13,3,3,3,"Loyal"
15128.0,"2011-10-10 13:54:00",5,1783.68,2,3,3,"At risk"
14583.0,"2011-12-04 12:32:00",8,1781.03,1,4,3,"Lost"
16380.0,"2011-10-09 15:40:00",1,1780.59,2,1,3,"At risk"
18214.0,"2010-06-27 11:21:00",4,1780.34,4,3,3,"Champion"
15220.0,"2011-10-19 12:39:00",6,1778.96,2,3,3,"At risk"
12458.0,"2011-09-29 15:25:00",4,1777.49,2,3,3,"At risk"
12908.0,"2011-06-16 15:39:00",5,1776.00,3,3,3,"Loyal"
12778.0,"2011-11-20 11:30:00",9,1775.68,1,4,3,"Lost"
13920.0,"2010-10-04 12:37:00",4,1774.68,4,3,3,"Champion"
16124.0,"2011-01-26 14:45:00",4,1772.49,3,3,3,"Loyal"
15594.0,"2011-11-24 08:53:00",5,1771.78,1,3,3,"Lost"
16374.0,"2011-10-04 15:21:00",5,1771.45,2,3,3,"At risk"
17813.0,"2011-11-25 16:13:00",5,1770.88,1,3,3,"Lost"
14387.0,"2011-11-07 12:29:00",3,1770.56,2,3,3,"At risk"
14933.0,"2010-09-22 10:47:00",4,1770.00,4,3,3,"Champion"
13456.0,"2011-11-22 09:18:00",6,1766.72,1,3,3,"Lost"
16751.0,"2011-11-09 10:48:00",1,1764.72,2,1,3,"At risk"
13648.0,"2010-11-04 14:46:00",8,1764.02,4,4,3,"Champion"
13717.0,"2011-11-07 14:13:00",8,1763.30,2,4,3,"At risk"
15777.0,"2011-04-12 16:43:00",7,1762.61,3,3,3,"Loyal"
16620.0,"2011-12-06 12:19:00",6,1758.93,1,3,3,"Lost"
14522.0,"2011-11-15 13:24:00",8,1758.62,1,4,3,"Lost"
16266.0,"2011-09-27 12:08:00",14,1757.95,2,4,3,"At risk"
12809.0,"2011-06-15 10:51:00",3,1755.94,3,3,3,"Loyal"
17432.0,"2011-11-21 17:33:00",9,1751.39,1,4,3,"Lost"
13155.0,"2011-11-06 15:41:00",6,1750.18,2,3,3,"At risk"
16639.0,"2011-11-08 13:20:00",4,1747.98,2,3,3,"At risk"
14584.0,"2011-06-23 18:33:00",8,1747.91,3,4,3,"Loyal"
13808.0,"2011-12-04 12:18:00",5,1747.66,1,3,3,"Lost"
15976.0,"2011-06-27 13:00:00",6,1746.64,3,3,3,"Loyal"
17695.0,"2011-07-31 10:40:00",5,1746.04,3,3,3,"Loyal"
14692.0,"2011-07-25 15:08:00",12,1745.09,3,4,3,"Loyal"
14236.0,"2011-09-20 09:13:00",5,1744.64,2,3,3,"At risk"
17190.0,"2011-10-12 11:33:00",7,1743.04,2,4,3,"At risk"
12425.0,"2011-09-22 17:31:00",2,1741.41,2,2,3,"At risk"
17321.0,"2011-12-01 13:41:00",6,1741.18,1,3,3,"Lost"
16087.0,"2010-11-15 16:44:00",5,1739.92,4,3,3,"Champion"
13531.0,"2011-05-18 16:56:00",6,1738.52,3,3,3,"Loyal"
13240.0,"2011-09-04 14:08:00",8,1738.52,3,4,3,"Loyal"
14075.0,"2011-12-05 08:38:00",6,1734.87,1,3,3,"Lost"
17268.0,"2011-08-24 10:06:00",11,1733.89,3,4,3,"Loyal"
13026.0,"2011-12-08 16:58:00",9,1733.08,1,4,3,"Lost"
14400.0,"2011-07-13 15:50:00",3,1732.47,3,3,3,"Loyal"
16809.0,"2011-11-16 15:45:00",9,1727.43,1,4,3,"Lost"
15730.0,"2011-10-05 12:31:00",5,1726.58,2,3,3,"At risk"
14304.0,"2011-05-01 11:50:00",3,1725.01,3,3,3,"Loyal"
16010.0,"2011-04-08 10:14:00",11,1724.06,3,4,3,"Loyal"
13363.0,"2011-11-22 12:40:00",3,1723.86,1,3,3,"Lost"
17451.0,"2011-12-08 15:02:00",7,1721.40,1,4,3,"Lost"
16899.0,"2011-12-02 12:03:00",8,1721.02,1,4,3,"Lost"
16119.0,"2011-12-01 15:11:00",8,1720.81,1,4,3,"Lost"
15267.0,"2011-11-17 15:59:00",5,1717.36,1,3,3,"Lost"
14021.0,"2011-07-07 15:46:00",7,1716.58,3,4,3,"Loyal"
17162.0,"2011-11-11 11:34:00",10,1715.46,2,4,3,"At risk"
14987.0,"2011-11-24 09:59:00",8,1713.85,1,4,3,"Lost"
14447.0,"2011-11-21 08:28:00",6,1711.73,1,3,3,"Lost"
13665.0,"2010-11-18 13:06:00",3,1711.66,4,3,3,"Champion"
16654.0,"2011-07-21 15:23:00",8,1711.47,3,4,3,"Loyal"
12405.0,"2011-07-14 08:52:00",1,1710.39,3,1,3,"At risk"
15551.0,"2011-11-03 12:37:00",7,1710.08,2,4,3,"At risk"
13104.0,"2011-12-06 13:10:00",9,1709.10,1,4,3,"Lost"
17731.0,"2011-09-21 15:02:00",6,1708.99,2,3,3,"At risk"
15607.0,"2011-01-07 12:44:00",9,1708.97,3,4,3,"Loyal"
15947.0,"2011-09-18 10:46:00",1,1708.24,2,1,3,"At risk"
13566.0,"2011-10-30 11:59:00",5,1708.12,2,3,3,"At risk"
16768.0,"2011-10-23 10:38:00",9,1708.12,2,4,3,"At risk"
12407.0,"2011-10-21 10:11:00",5,1708.12,2,3,3,"At risk"
16907.0,"2011-11-10 18:04:00",9,1707.90,2,4,3,"At risk"
16902.0,"2011-08-15 14:17:00",1,1706.88,3,1,3,"At risk"
13309.0,"2011-12-02 16:34:00",6,1706.37,1,3,3,"Lost"
16398.0,"2011-07-08 15:16:00",2,1705.80,3,2,3,"Loyal"
14859.0,"2011-11-27 11:18:00",5,1705.64,1,3,3,"Lost"
17571.0,"2011-10-20 15:57:00",5,1703.75,2,3,3,"At risk"
16329.0,"2010-10-08 12:44:00",4,1703.07,4,3,3,"Champion"
12693.0,"2011-08-04 17:51:00",7,1703.02,3,4,3,"Loyal"
15911.0,"2010-03-26 12:06:00",8,1702.34,4,4,3,"Champion"
13184.0,"2011-11-25 12:02:00",10,1701.29,1,4,3,"Lost"
15326.0,"2011-01-10 11:38:00",5,1700.52,3,3,3,"Loyal"
12932.0,"2010-06-18 14:22:00",8,1698.56,4,4,3,"Champion"
17694.0,"2011-07-21 12:00:00",3,1695.97,3,3,3,"Loyal"
12764.0,"2011-01-27 10:19:00",1,1693.88,3,1,3,"At risk"
14245.0,"2011-05-04 08:40:00",2,1693.45,3,2,3,"Loyal"
16813.0,"2011-12-01 14:03:00",10,1692.98,1,4,3,"Lost"
14829.0,"2011-11-10 16:16:00",7,1692.84,2,4,3,"At risk"
14078.0,"2011-08-30 12:16:00",9,1692.63,3,4,3,"Loyal"
16671.0,"2011-11-11 13:40:00",3,1692.27,2,3,3,"At risk"
13294.0,"2011-06-03 08:54:00",3,1689.53,3,3,3,"Loyal"
12813.0,"2010-07-26 09:50:00",3,1687.80,4,3,3,"Champion"
12933.0,"2011-11-15 16:38:00",8,1687.03,1,4,3,"Lost"
15996.0,"2011-09-12 15:14:00",7,1686.90,2,4,3,"At risk"
17041.0,"2011-11-13 11:21:00",6,1686.28,2,3,3,"At risk"
12775.0,"2011-11-22 16:33:00",7,1686.12,1,4,3,"Lost"
13516.0,"2011-11-18 13:15:00",4,1685.26,1,3,3,"Lost"
15987.0,"2011-11-27 15:38:00",8,1682.13,1,4,3,"Lost"
15732.0,"2011-05-11 14:24:00",10,1682.07,3,4,3,"Loyal"
13064.0,"2011-11-27 12:31:00",6,1680.74,1,3,3,"Lost"
12911.0,"2010-06-06 12:13:00",1,1680.47,4,1,3,"At risk"
14643.0,"2011-06-22 14:41:00",5,1679.89,3,3,3,"Loyal"
13800.0,"2011-02-03 12:27:00",3,1679.56,3,3,3,"Loyal"
13649.0,"2011-03-28 11:51:00",6,1678.88,3,3,3,"Loyal"
12870.0,"2010-11-29 13:42:00",3,1676.95,3,3,3,"Loyal"
14831.0,"2010-01-28 14:31:00",3,1676.57,4,3,3,"Champion"
13149.0,"2011-11-25 13:09:00",4,1676.06,1,3,3,"Lost"
17656.0,"2011-09-27 13:04:00",5,1674.69,2,3,3,"At risk"
13587.0,"2011-10-07 12:31:00",4,1673.50,2,3,3,"At risk"
13308.0,"2011-11-17 09:31:00",4,1670.37,1,3,3,"Lost"
13417.0,"2011-12-05 08:49:00",6,1669.49,1,3,3,"Lost"
17534.0,"2011-10-17 12:47:00",5,1668.83,2,3,3,"At risk"
13434.0,"2011-09-26 14:30:00",5,1666.86,2,3,3,"At risk"
12912.0,"2011-12-07 08:55:00",5,1662.30,1,3,3,"Lost"
15214.0,"2011-12-08 12:07:00",8,1661.44,1,4,3,"Lost"
15167.0,"2011-01-23 12:41:00",5,1659.67,3,3,3,"Loyal"
18276.0,"2011-10-27 10:54:00",6,1656.52,2,3,3,"At risk"
16625.0,"2011-03-10 12:50:00",5,1654.03,3,3,3,"Loyal"
12577.0,"2011-11-04 13:24:00",8,1653.75,2,4,3,"At risk"
18022.0,"2011-11-04 12:45:00",5,1651.79,2,3,3,"At risk"
18085.0,"2011-01-13 15:17:00",4,1645.75,3,3,3,"Loyal"
12657.0,"2011-11-28 15:47:00",4,1643.18,1,3,3,"Lost"
15013.0,"2010-08-09 12:05:00",10,1641.30,4,4,3,"Champion"
14904.0,"2011-12-07 12:55:00",4,1640.64,1,3,3,"Lost"
13506.0,"2011-01-27 13:53:00",5,1639.20,3,3,3,"Loyal"
14420.0,"2011-09-01 18:07:00",4,1639.17,3,3,3,"Loyal"
13554.0,"2010-11-24 15:05:00",7,1638.28,4,4,3,"Champion"
12847.0,"2011-11-17 13:16:00",2,1636.90,1,2,3,"Lost"
17006.0,"2011-12-05 12:09:00",8,1636.32,1,4,3,"Lost"
17951.0,"2011-10-31 12:30:00",4,1636.08,2,3,3,"At risk"
12398.0,"2011-10-25 10:27:00",1,1635.66,2,1,3,"At risk"
15310.0,"2010-08-18 11:38:00",1,1634.64,4,1,3,"At risk"
18062.0,"2011-06-19 14:47:00",6,1632.67,3,3,3,"Loyal"
14164.0,"2011-09-30 12:24:00",2,1631.77,2,2,3,"At risk"
18136.0,"2011-10-07 15:40:00",5,1631.36,2,3,3,"At risk"
16256.0,"2011-03-18 12:18:00",3,1629.37,3,3,3,"Loyal"
14759.0,"2011-12-05 12:03:00",3,1625.97,1,3,3,"Lost"
13154.0,"2010-11-05 16:00:00",3,1624.84,4,3,3,"Champion"
18149.0,"2011-10-20 12:04:00",7,1624.71,2,4,3,"At risk"
15172.0,"2011-12-01 11:51:00",5,1624.05,1,3,3,"Lost"
17764.0,"2011-10-20 11:03:00",5,1623.64,2,3,3,"At risk"
14937.0,"2011-10-14 12:29:00",3,1621.88,2,3,3,"At risk"
17867.0,"2011-11-09 14:15:00",15,1621.28,2,4,3,"At risk"
14178.0,"2011-12-01 12:01:00",7,1620.93,1,4,3,"Lost"
12379.0,"2011-09-19 10:09:00",4,1620.22,2,3,3,"At risk"
14695.0,"2010-07-08 14:18:00",3,1620.07,4,3,3,"Champion"
15422.0,"2011-01-20 16:17:00",7,1619.97,3,3,3,"Loyal"
16801.0,"2011-06-29 15:33:00",4,1619.73,3,3,3,"Loyal"
17515.0,"2011-11-08 14:04:00",9,1617.46,2,4,3,"At risk"
17814.0,"2010-11-29 14:21:00",2,1617.32,3,2,3,"Loyal"
16224.0,"2011-10-13 17:51:00",5,1616.54,2,3,3,"At risk"
16461.0,"2011-06-15 12:07:00",3,1615.22,3,3,3,"Loyal"
14336.0,"2011-11-23 11:40:00",4,1614.91,1,3,3,"Lost"
16860.0,"2010-09-13 10:05:00",3,1610.62,4,3,3,"Champion"
13900.0,"2011-06-09 19:26:00",6,1610.59,3,3,3,"Loyal"
13249.0,"2011-09-08 13:26:00",9,1608.93,2,4,3,"At risk"
17886.0,"2011-11-08 10:09:00",6,1608.38,2,3,3,"At risk"
17853.0,"2010-10-28 15:29:00",3,1608.19,4,3,3,"Champion"
14920.0,"2011-05-11 10:32:00",3,1607.17,3,3,3,"Loyal"
17222.0,"2011-10-05 13:58:00",6,1605.01,2,3,3,"At risk"
17345.0,"2011-11-24 15:03:00",10,1604.68,1,4,3,"Lost"
14719.0,"2011-12-08 12:43:00",5,1602.13,1,3,3,"Lost"
15325.0,"2011-08-28 11:55:00",8,1602.01,3,4,3,"Loyal"
14587.0,"2011-11-21 11:34:00",9,1601.14,1,4,3,"Lost"
14885.0,"2011-07-31 12:05:00",3,1598.12,3,3,3,"Loyal"
13740.0,"2011-04-13 10:32:00",5,1597.77,3,3,3,"Loyal"
12514.0,"2011-03-17 16:38:00",2,1597.76,3,2,3,"Loyal"
15134.0,"2011-11-25 08:55:00",10,1596.29,1,4,3,"Lost"
13850.0,"2011-08-02 14:04:00",1,1595.48,3,1,3,"At risk"
13239.0,"2011-03-23 10:25:00",5,1594.69,3,3,3,"Loyal"
16774.0,"2011-10-03 12:41:00",8,1594.45,2,4,3,"At risk"
17028.0,"2010-05-07 15:33:00",3,1593.83,4,3,3,"Champion"
17837.0,"2011-10-28 16:13:00",8,1593.38,2,4,3,"At risk"
15289.0,"2011-11-10 13:49:00",5,1593.09,2,3,3,"At risk"
13752.0,"2011-08-07 14:16:00",7,1590.73,3,3,3,"Loyal"
17540.0,"2011-11-15 11:56:00",6,1590.60,1,3,3,"Lost"
16092.0,"2011-08-17 10:46:00",6,1587.94,3,3,3,"Loyal"
13156.0,"2010-11-19 13:09:00",3,1586.54,4,3,3,"Champion"
16096.0,"2011-03-20 13:38:00",4,1584.97,3,3,3,"Loyal"
15279.0,"2010-12-20 10:48:00",5,1580.54,3,3,3,"Loyal"
13202.0,"2010-11-10 16:24:00",7,1580.30,4,3,3,"Champion"
12607.0,"2011-10-10 16:06:00",1,1579.51,2,1,3,"At risk"
17649.0,"2011-07-24 15:53:00",3,1578.89,3,3,3,"Loyal"
13186.0,"2011-10-31 11:40:00",3,1575.89,2,3,3,"At risk"
12549.0,"2010-05-13 12:05:00",6,1575.68,4,3,3,"Champion"
13337.0,"2010-06-11 13:27:00",1,1575.26,4,1,3,"At risk"
14489.0,"2011-05-16 14:51:00",4,1574.93,3,3,3,"Loyal"
16099.0,"2011-10-20 13:13:00",7,1573.20,2,4,3,"At risk"
15466.0,"2011-09-15 14:08:00",4,1571.01,2,3,3,"At risk"
14136.0,"2010-11-04 11:53:00",5,1570.81,4,3,3,"Champion"
14198.0,"2011-11-21 16:35:00",9,1569.73,1,4,3,"Lost"
13539.0,"2011-09-15 10:18:00",7,1569.36,2,4,3,"At risk"
17624.0,"2011-11-25 10:52:00",4,1568.63,1,3,3,"Lost"
15074.0,"2011-08-26 14:45:00",3,1566.33,3,3,3,"Loyal"
17977.0,"2011-11-10 13:28:00",2,1565.63,2,2,3,"At risk"
17323.0,"2011-11-24 17:29:00",12,1565.59,1,4,3,"Lost"
18036.0,"2011-11-07 14:40:00",11,1563.64,2,4,3,"At risk"
17851.0,"2010-10-13 15:13:00",6,1563.34,4,3,3,"Champion"
13939.0,"2011-11-16 13:33:00",7,1560.96,1,4,3,"Lost"
12629.0,"2010-11-19 09:18:00",2,1558.22,4,2,3,"Loyal"
16140.0,"2011-10-05 12:15:00",3,1557.60,2,3,3,"At risk"
13042.0,"2010-04-20 13:43:00",3,1556.54,4,3,3,"Champion"
16394.0,"2011-10-14 09:48:00",5,1555.34,2,3,3,"At risk"
15149.0,"2011-07-29 10:58:00",5,1554.61,3,3,3,"Loyal"
16017.0,"2011-10-23 12:56:00",5,1553.83,2,3,3,"At risk"
13360.0,"2010-10-04 12:37:00",4,1553.65,4,3,3,"Champion"
13377.0,"2010-11-08 12:20:00",2,1552.88,4,2,3,"Loyal"
14186.0,"2010-10-08 13:30:00",5,1550.63,4,3,3,"Champion"
14754.0,"2011-10-26 12:01:00",6,1550.48,2,3,3,"At risk"
12926.0,"2010-10-24 15:57:00",4,1548.46,4,3,3,"Champion"
16366.0,"2011-11-21 08:19:00",4,1548.13,1,3,3,"Lost"
17454.0,"2011-05-31 13:58:00",10,1547.94,3,4,3,"Loyal"
16790.0,"2011-12-06 11:53:00",6,1545.62,1,3,3,"Lost"
16915.0,"2011-11-30 16:39:00",11,1543.18,1,4,3,"Lost"
15701.0,"2011-12-07 14:39:00",4,1542.14,1,3,3,"Lost"
13783.0,"2010-08-09 09:23:00",4,1542.09,4,3,3,"Champion"
18252.0,"2011-10-20 12:43:00",7,1542.09,2,4,3,"At risk"
12818.0,"2011-03-23 12:06:00",1,1542.08,3,1,3,"At risk"
13310.0,"2011-11-11 17:23:00",5,1541.20,2,3,3,"At risk"
13579.0,"2011-11-25 08:41:00",5,1539.04,1,3,3,"Lost"
16835.0,"2011-08-03 13:50:00",6,1538.41,3,3,3,"Loyal"
15798.0,"2010-08-04 09:13:00",3,1535.37,4,3,3,"Champion"
13402.0,"2011-08-04 15:51:00",4,1535.13,3,3,3,"Loyal"
16491.0,"2011-10-24 10:18:00",2,1533.16,2,2,3,"At risk"
14567.0,"2011-10-14 10:21:00",2,1530.36,2,2,3,"At risk"
16714.0,"2011-05-05 11:09:00",4,1529.80,3,3,3,"Loyal"
17610.0,"2010-06-17 16:34:00",5,1529.49,4,3,3,"Champion"
14068.0,"2011-01-23 16:02:00",4,1528.37,3,3,3,"Loyal"
17990.0,"2011-04-17 11:44:00",6,1527.61,3,3,3,"Loyal"
16340.0,"2011-08-24 14:53:00",3,1526.06,3,3,3,"Loyal"
12970.0,"2011-12-02 14:30:00",10,1524.97,1,4,3,"Lost"
15587.0,"2011-10-20 13:37:00",7,1522.08,2,4,3,"At risk"
16066.0,"2011-11-23 11:54:00",5,1521.87,1,3,3,"Lost"
14055.0,"2011-08-25 15:04:00",3,1520.96,3,3,3,"Loyal"
15574.0,"2011-06-15 12:01:00",6,1518.70,3,3,3,"Loyal"
14264.0,"2011-07-08 10:20:00",6,1517.36,3,3,3,"Loyal"
14267.0,"2011-06-30 10:09:00",3,1516.24,3,3,3,"Loyal"
13791.0,"2011-08-04 11:44:00",2,1516.00,3,2,3,"Loyal"
14220.0,"2011-04-06 13:23:00",4,1515.00,3,3,3,"Loyal"
14682.0,"2011-06-05 12:12:00",6,1514.81,3,3,3,"Loyal"
17025.0,"2011-10-10 09:06:00",5,1510.64,2,3,3,"At risk"
16910.0,"2011-12-05 12:51:00",8,1510.06,1,4,3,"Lost"
13370.0,"2010-12-03 10:26:00",1,1509.74,3,1,3,"At risk"
16037.0,"2011-03-15 09:13:00",5,1509.34,3,3,3,"Loyal"
15948.0,"2011-12-01 15:32:00",3,1509.09,1,3,3,"Lost"
18074.0,"2010-12-01 09:53:00",2,1509.04,3,2,3,"Loyal"
13158.0,"2011-09-06 11:58:00",5,1508.18,2,3,3,"At risk"
15261.0,"2011-07-27 15:20:00",4,1508.00,3,3,3,"Loyal"
17179.0,"2011-06-14 16:48:00",6,1507.26,3,3,3,"Loyal"
15110.0,"2011-11-16 11:16:00",6,1505.85,1,3,3,"Lost"
16450.0,"2011-07-13 11:47:00",3,1505.73,3,3,3,"Loyal"
14802.0,"2010-09-27 16:34:00",2,1502.98,4,2,3,"Loyal"
17290.0,"2011-12-06 12:38:00",8,1501.44,1,4,3,"Lost"
16762.0,"2011-11-20 11:43:00",3,1501.38,1,3,3,"Lost"
13810.0,"2011-11-11 08:33:00",3,1499.01,2,3,3,"At risk"
15590.0,"2010-11-22 14:49:00",5,1496.60,4,3,3,"Champion"
15882.0,"2011-05-25 11:35:00",8,1495.98,3,4,3,"Loyal"
15173.0,"2010-11-24 10:21:00",7,1494.60,4,4,3,"Champion"
14894.0,"2011-09-15 13:51:00",3,1492.81,2,3,3,"At risk"
16239.0,"2011-10-14 08:29:00",6,1492.20,2,3,3,"At risk"
16314.0,"2010-11-15 12:06:00",3,1491.40,4,3,3,"Champion"
18268.0,"2011-07-28 19:13:00",6,1490.23,3,3,3,"Loyal"
16419.0,"2011-08-19 12:33:00",8,1487.42,3,4,3,"Loyal"
14609.0,"2011-09-28 12:54:00",10,1486.20,2,4,3,"At risk"
15427.0,"2011-11-06 14:29:00",3,1483.14,2,3,3,"At risk"
15630.0,"2011-10-25 15:36:00",3,1481.40,2,3,3,"At risk"
17590.0,"2011-12-07 12:55:00",3,1479.22,1,3,3,"Lost"
15101.0,"2011-12-01 10:18:00",6,1477.94,1,3,3,"Lost"
16121.0,"2011-10-13 12:59:00",5,1477.09,2,3,3,"At risk"
14246.0,"2011-08-21 11:50:00",3,1474.06,3,3,3,"Loyal"
16980.0,"2011-03-29 16:36:00",3,1473.33,3,3,3,"Loyal"
14684.0,"2011-11-14 11:33:00",6,1468.55,1,3,3,"Lost"
13138.0,"2011-11-17 16:51:00",7,1467.24,1,3,3,"Lost"
13500.0,"2011-11-16 15:35:00",4,1466.30,1,3,3,"Lost"
18196.0,"2011-09-05 16:22:00",4,1464.31,2,3,3,"At risk"
12882.0,"2011-11-30 16:18:00",2,1463.04,1,2,3,"Lost"
16586.0,"2011-04-05 09:32:00",3,1462.78,3,3,3,"Loyal"
17978.0,"2010-12-09 14:05:00",4,1461.76,3,3,3,"Loyal"
18106.0,"2011-01-14 12:23:00",6,1461.46,3,3,3,"Loyal"
14657.0,"2011-11-22 12:47:00",6,1460.87,1,3,3,"Lost"
15071.0,"2011-09-07 11:43:00",4,1455.56,2,3,3,"At risk"
16569.0,"2011-12-06 15:32:00",5,1455.23,1,3,3,"Lost"
14487.0,"2011-11-13 12:17:00",7,1453.61,2,3,3,"At risk"
13165.0,"2011-10-24 15:05:00",3,1451.16,2,3,3,"At risk"
17582.0,"2011-04-17 13:18:00",5,1450.70,3,3,3,"Loyal"
13361.0,"2010-08-24 14:56:00",2,1450.50,4,2,3,"Loyal"
15876.0,"2010-10-26 18:58:00",2,1449.14,4,2,3,"Loyal"
13023.0,"2011-10-06 16:27:00",3,1449.03,2,3,3,"At risk"
16906.0,"2011-09-19 11:49:00",7,1448.80,2,4,3,"At risk"
17545.0,"2011-10-27 14:04:00",6,1448.54,2,3,3,"At risk"
15076.0,"2011-06-20 08:23:00",3,1447.74,3,3,3,"Loyal"
14591.0,"2011-11-24 13:57:00",4,1447.14,1,3,3,"Lost"
17073.0,"2011-11-22 11:47:00",4,1446.09,1,3,3,"Lost"
13583.0,"2011-07-07 10:40:00",2,1445.03,3,2,3,"Loyal"
15636.0,"2011-09-11 11:17:00",4,1444.58,2,3,3,"At risk"
17175.0,"2011-10-26 15:31:00",4,1443.69,2,3,3,"At risk"
17734.0,"2011-10-17 12:33:00",6,1442.32,2,3,3,"At risk"
18066.0,"2011-09-25 15:30:00",3,1440.40,2,3,3,"At risk"
13543.0,"2010-03-15 13:34:00",2,1439.61,4,2,3,"Loyal"
14071.0,"2011-12-06 12:27:00",8,1438.82,1,4,3,"Lost"
13159.0,"2011-12-01 11:20:00",4,1437.85,1,3,3,"Lost"
16088.0,"2010-05-13 10:16:00",2,1437.43,4,2,3,"Loyal"
16727.0,"2010-12-10 13:48:00",4,1437.42,3,3,3,"Loyal"
13278.0,"2011-10-30 11:49:00",4,1435.85,2,3,3,"At risk"
12805.0,"2010-11-23 12:27:00",4,1434.95,4,3,3,"Champion"
13259.0,"2011-10-09 10:48:00",9,1433.38,2,4,3,"At risk"
12389.0,"2010-11-02 11:52:00",3,1433.33,4,3,3,"Champion"
17941.0,"2011-08-01 08:30:00",4,1433.28,3,3,3,"Loyal"
17950.0,"2011-09-28 15:18:00",7,1432.81,2,4,3,"At risk"
13475.0,"2011-06-01 13:52:00",4,1431.78,3,3,3,"Loyal"
15468.0,"2011-10-19 13:49:00",3,1430.48,2,3,3,"At risk"
18071.0,"2011-03-27 11:59:00",6,1428.63,3,3,3,"Loyal"
14412.0,"2011-10-28 10:45:00",3,1426.19,2,3,3,"At risk"
17411.0,"2011-11-27 14:25:00",5,1425.38,1,3,3,"Lost"
18221.0,"2011-11-17 14:40:00",6,1424.94,1,3,3,"Lost"
15799.0,"2011-09-25 12:46:00",4,1424.29,2,3,3,"At risk"
13145.0,"2011-10-31 12:45:00",7,1423.52,2,4,3,"At risk"
17438.0,"2011-03-31 10:26:00",5,1422.77,3,3,3,"Loyal"
15106.0,"2011-11-22 09:16:00",5,1422.52,1,3,3,"Lost"
16463.0,"2011-11-18 14:01:00",4,1422.40,1,3,3,"Lost"
14019.0,"2011-10-24 10:13:00",3,1421.61,2,3,3,"At risk"
16926.0,"2010-12-03 13:42:00",5,1421.35,3,3,3,"Loyal"
15652.0,"2011-09-09 14:22:00",5,1420.34,2,3,3,"At risk"
14775.0,"2011-10-12 15:27:00",3,1418.46,2,3,3,"At risk"
16173.0,"2011-11-24 10:53:00",6,1418.32,1,3,3,"Lost"
15444.0,"2011-11-30 17:37:00",2,1418.26,1,2,3,"Lost"
17856.0,"2011-12-08 09:40:00",4,1418.03,1,3,3,"Lost"
15223.0,"2011-04-28 11:31:00",5,1417.95,3,3,3,"Loyal"
14662.0,"2011-11-11 12:13:00",7,1416.33,2,4,3,"At risk"
16245.0,"2011-11-16 10:14:00",3,1413.66,1,3,3,"Lost"
17496.0,"2010-12-16 08:39:00",4,1412.89,3,3,3,"Loyal"
17878.0,"2011-10-27 11:24:00",3,1412.33,2,3,3,"At risk"
15237.0,"2011-12-08 09:46:00",4,1412.32,1,3,3,"Lost"
16848.0,"2011-10-18 08:42:00",4,1411.62,2,3,3,"At risk"
17908.0,"2010-12-01 11:45:00",5,1411.54,3,3,3,"Loyal"
13821.0,"2011-07-18 09:49:00",6,1410.73,3,3,3,"Loyal"
17714.0,"2011-01-23 10:32:00",5,1410.18,3,3,3,"Loyal"
16854.0,"2010-10-18 16:31:00",2,1408.96,4,2,3,"Loyal"
13049.0,"2011-10-06 15:31:00",4,1408.24,2,3,3,"At risk"
14083.0,"2011-12-05 13:14:00",11,1407.26,1,4,3,"Lost"
12695.0,"2011-12-02 13:22:00",7,1407.12,1,4,3,"Lost"
14909.0,"2010-09-28 16:56:00",3,1404.68,4,2,3,"Loyal"
12765.0,"2010-08-24 13:51:00",6,1404.58,4,3,3,"Champion"
18189.0,"2011-09-23 12:40:00",3,1403.73,2,3,3,"At risk"
15186.0,"2011-11-25 14:58:00",5,1403.20,1,3,3,"Lost"
14687.0,"2011-08-25 11:59:00",3,1402.06,3,3,3,"Loyal"
18202.0,"2011-05-24 12:12:00",3,1396.99,3,3,3,"Loyal"
16129.0,"2010-10-28 14:29:00",3,1396.05,4,3,3,"Champion"
16300.0,"2010-10-05 13:14:00",3,1392.43,4,3,3,"Champion"
15322.0,"2011-09-15 09:34:00",2,1390.86,2,2,3,"At risk"
15141.0,"2010-09-08 11:33:00",7,1388.47,4,4,3,"Champion"
15154.0,"2011-09-25 16:05:00",3,1388.41,2,3,3,"At risk"
15453.0,"2011-12-08 10:59:00",7,1388.37,1,4,3,"Lost"
12952.0,"2011-12-04 10:35:00",4,1387.79,1,3,3,"Lost"
13382.0,"2011-03-04 10:03:00",5,1387.58,3,3,3,"Loyal"
16167.0,"2010-10-21 15:33:00",5,1386.12,4,3,3,"Champion"
14899.0,"2010-11-09 15:20:00",1,1384.88,4,1,3,"At risk"
18167.0,"2011-11-16 15:56:00",3,1384.86,1,3,3,"Lost"
13572.0,"2011-05-18 11:59:00",1,1384.25,3,1,3,"At risk"
14116.0,"2011-11-20 10:29:00",5,1382.74,1,3,3,"Lost"
16389.0,"2011-10-17 14:41:00",4,1382.07,2,3,3,"At risk"
15580.0,"2010-11-28 11:00:00",8,1381.19,3,4,3,"Loyal"
14861.0,"2011-10-18 12:54:00",10,1380.73,2,4,3,"At risk"
15751.0,"2010-09-05 12:44:00",11,1380.44,4,4,3,"Champion"
13074.0,"2010-07-16 16:53:00",4,1378.74,4,3,3,"Champion"
12886.0,"2011-10-03 10:09:00",2,1378.40,2,2,3,"At risk"
14853.0,"2011-11-15 16:56:00",5,1376.87,1,3,3,"Lost"
17150.0,"2010-11-28 11:27:00",6,1375.65,3,3,3,"Loyal"
16669.0,"2011-11-16 12:26:00",3,1374.87,1,3,3,"Lost"
14577.0,"2011-11-27 12:47:00",7,1374.25,1,3,3,"Lost"
14265.0,"2011-08-22 13:32:00",4,1373.35,3,3,3,"Loyal"
14434.0,"2011-11-18 08:56:00",6,1372.80,1,3,3,"Lost"
14538.0,"2011-10-06 10:31:00",5,1370.84,2,3,3,"At risk"
14316.0,"2010-10-13 16:31:00",5,1370.34,4,3,3,"Champion"
12533.0,"2010-03-22 10:56:00",2,1367.89,4,2,3,"Loyal"
13035.0,"2011-09-27 08:57:00",3,1364.20,2,3,3,"At risk"
14114.0,"2011-03-11 09:42:00",7,1364.09,3,3,3,"Loyal"
13760.0,"2011-10-16 16:13:00",5,1363.64,2,3,3,"At risk"
15347.0,"2010-12-08 15:25:00",4,1363.60,3,3,3,"Loyal"
16367.0,"2011-11-02 13:13:00",3,1362.40,2,3,3,"At risk"
17796.0,"2011-10-30 15:38:00",7,1361.99,2,3,3,"At risk"
16588.0,"2010-11-18 17:56:00",4,1361.28,4,3,3,"Champion"
13396.0,"2011-11-10 16:59:00",2,1360.99,2,2,3,"At risk"
13919.0,"2011-10-11 14:24:00",4,1360.68,2,3,3,"At risk"
14102.0,"2011-12-04 15:38:00",5,1360.28,1,3,3,"Lost"
16384.0,"2011-09-11 11:19:00",4,1358.95,2,3,3,"At risk"
15411.0,"2011-11-13 15:19:00",4,1358.88,2,3,3,"At risk"
13232.0,"2011-11-27 10:39:00",7,1357.60,1,3,3,"Lost"
17429.0,"2011-08-03 13:22:00",5,1357.46,3,3,3,"Loyal"
12875.0,"2011-07-19 15:30:00",5,1356.99,3,3,3,"Loyal"
17054.0,"2011-11-11 12:56:00",5,1356.33,2,3,3,"At risk"
14550.0,"2011-11-29 12:12:00",4,1353.31,1,3,3,"Lost"
15116.0,"2011-11-22 12:25:00",4,1352.75,1,3,3,"Lost"
12591.0,"2011-01-26 14:35:00",3,1352.15,3,3,3,"Loyal"
16079.0,"2011-11-23 12:48:00",3,1352.00,1,3,3,"Lost"
14847.0,"2011-07-14 10:52:00",3,1348.95,3,3,3,"Loyal"
12646.0,"2011-12-05 10:14:00",2,1346.97,1,2,3,"Lost"
14320.0,"2011-05-17 09:24:00",5,1346.75,3,3,3,"Loyal"
13639.0,"2011-09-26 13:36:00",2,1346.27,2,2,3,"At risk"
15398.0,"2011-11-23 16:47:00",2,1345.53,1,2,3,"Lost"
16222.0,"2011-01-25 13:38:00",2,1345.22,3,2,3,"Loyal"
12426.0,"2011-05-29 12:26:00",2,1345.21,3,2,3,"Loyal"
12463.0,"2011-10-17 13:44:00",4,1344.78,2,3,3,"At risk"
14618.0,"2011-11-30 13:45:00",7,1342.32,1,3,3,"Lost"
13743.0,"2011-12-07 10:09:00",7,1341.60,1,4,3,"Lost"
17499.0,"2011-02-23 09:14:00",2,1341.39,3,2,3,"Loyal"
17097.0,"2011-12-07 17:05:00",9,1340.45,1,4,3,"Lost"
12620.0,"2011-11-25 10:20:00",3,1339.41,1,3,3,"Lost"
12711.0,"2010-04-07 11:59:00",2,1339.05,4,2,3,"Loyal"
13803.0,"2011-03-29 12:57:00",3,1338.91,3,3,3,"Loyal"
13220.0,"2011-09-22 13:38:00",5,1336.09,2,3,3,"At risk"
12919.0,"2011-12-01 13:47:00",6,1335.19,1,3,3,"Lost"
17033.0,"2011-09-14 14:34:00",4,1332.79,2,3,3,"At risk"
17932.0,"2011-11-10 19:49:00",3,1331.57,2,3,3,"At risk"
15774.0,"2011-10-02 12:04:00",6,1329.94,2,3,3,"At risk"
16372.0,"2011-11-06 13:08:00",5,1328.61,2,3,3,"At risk"
16295.0,"2011-11-30 08:17:00",4,1328.55,1,3,3,"Lost"
14712.0,"2011-11-10 12:59:00",4,1328.07,2,3,3,"At risk"
15146.0,"2011-06-28 12:09:00",2,1327.16,3,2,3,"Loyal"
17027.0,"2011-09-22 12:24:00",9,1327.11,2,4,3,"At risk"
14956.0,"2010-10-14 16:40:00",1,1325.00,4,1,3,"At risk"
16894.0,"2010-07-25 15:43:00",3,1324.06,4,3,3,"Champion"
12960.0,"2010-10-22 09:31:00",4,1322.07,4,3,3,"Champion"
16370.0,"2011-09-18 15:55:00",4,1320.56,2,3,3,"At risk"
13497.0,"2011-03-02 09:04:00",6,1320.33,3,3,3,"Loyal"
12526.0,"2011-12-09 12:09:00",3,1316.66,1,3,3,"Lost"
15471.0,"2011-12-07 14:12:00",3,1316.56,1,3,3,"Lost"
14921.0,"2011-11-09 13:17:00",2,1316.07,2,2,3,"At risk"
14725.0,"2011-11-15 12:42:00",4,1315.24,1,3,3,"Lost"
14511.0,"2011-11-28 17:05:00",5,1314.81,1,3,3,"Lost"
16464.0,"2011-11-20 12:11:00",3,1314.68,1,3,3,"Lost"
14973.0,"2011-08-24 15:51:00",3,1314.45,3,3,3,"Loyal"
16296.0,"2010-03-23 13:11:00",4,1313.67,4,3,3,"Champion"
13282.0,"2011-11-21 15:33:00",4,1313.19,1,3,3,"Lost"
12364.0,"2011-12-02 10:22:00",4,1313.10,1,3,3,"Lost"
16756.0,"2011-05-09 09:33:00",7,1312.37,3,4,3,"Loyal"
12639.0,"2011-04-15 12:48:00",3,1312.37,3,3,3,"Loyal"
12987.0,"2011-09-27 12:03:00",5,1312.21,2,3,3,"At risk"
14856.0,"2011-11-03 14:53:00",3,1311.38,2,3,3,"At risk"
13855.0,"2010-07-27 09:53:00",4,1310.34,4,3,3,"Champion"
15038.0,"2011-10-12 11:33:00",9,1309.86,2,4,3,"At risk"
16955.0,"2011-06-08 10:36:00",6,1309.41,3,3,3,"Loyal"
12717.0,"2011-07-11 14:47:00",3,1308.91,3,3,3,"Loyal"
16377.0,"2011-03-17 15:41:00",2,1308.48,3,2,3,"Loyal"
13328.0,"2011-01-27 15:22:00",1,1308.48,3,1,3,"At risk"
13846.0,"2011-11-15 12:07:00",4,1307.79,1,3,3,"Lost"
16777.0,"2011-09-20 13:41:00",5,1307.76,2,3,3,"At risk"
16282.0,"2011-01-04 11:42:00",3,1307.58,3,3,3,"Loyal"
15677.0,"2011-10-21 15:36:00",3,1305.63,2,3,3,"At risk"
14297.0,"2011-11-22 09:06:00",4,1305.33,1,3,3,"Lost"
16744.0,"2011-11-28 13:06:00",7,1304.76,1,4,3,"Lost"
15813.0,"2011-05-16 08:13:00",2,1303.91,3,2,3,"Loyal"
15579.0,"2011-10-02 12:45:00",5,1302.50,2,3,3,"At risk"
15400.0,"2011-09-08 13:57:00",8,1302.30,2,4,3,"At risk"
16574.0,"2011-09-29 13:39:00",3,1301.78,2,3,3,"At risk"
16723.0,"2011-09-09 13:01:00",4,1301.63,2,3,3,"At risk"
15108.0,"2011-07-21 10:24:00",4,1300.25,3,3,3,"Loyal"
14284.0,"2011-11-09 08:11:00",3,1299.65,2,3,3,"At risk"
14480.0,"2011-11-28 16:35:00",4,1299.52,1,3,3,"Lost"
16943.0,"2011-05-12 11:57:00",5,1299.49,3,3,3,"Loyal"
14479.0,"2011-03-31 09:07:00",4,1299.11,3,3,3,"Loyal"
12488.0,"2011-11-30 08:50:00",3,1298.66,1,3,3,"Lost"
12372.0,"2011-09-29 12:12:00",3,1298.04,2,3,3,"At risk"
14167.0,"2011-10-31 14:29:00",8,1296.49,2,4,3,"At risk"
18286.0,"2010-08-20 11:57:00",2,1296.43,4,2,3,"Loyal"
15525.0,"2011-12-07 14:43:00",4,1295.70,1,3,3,"Lost"
17109.0,"2011-11-10 16:59:00",8,1295.46,2,4,3,"At risk"
16929.0,"2011-12-06 08:37:00",7,1295.39,1,4,3,"Lost"
13440.0,"2010-10-12 13:11:00",7,1295.25,4,4,3,"Champion"
16212.0,"2011-11-20 13:00:00",4,1293.71,1,3,3,"Lost"
15621.0,"2011-12-05 14:01:00",4,1293.03,1,3,3,"Lost"
14619.0,"2011-04-08 07:37:00",2,1291.24,3,2,3,"Loyal"
15171.0,"2011-01-12 15:36:00",1,1289.50,3,1,3,"At risk"
14679.0,"2010-11-23 11:51:00",3,1289.44,4,3,3,"Champion"
16608.0,"2010-09-12 11:44:00",2,1288.72,4,2,3,"Loyal"
15136.0,"2011-12-07 12:26:00",4,1286.70,1,3,3,"Lost"
14821.0,"2010-12-08 08:43:00",7,1286.45,3,4,3,"Loyal"
16949.0,"2011-12-06 11:07:00",6,1286.27,1,3,3,"Lost"
13300.0,"2011-06-23 13:09:00",3,1285.51,3,3,3,"Loyal"
17034.0,"2011-11-23 15:14:00",5,1283.92,1,3,3,"Lost"
17142.0,"2011-04-14 18:22:00",4,1283.75,3,3,3,"Loyal"
13443.0,"2010-09-17 12:31:00",6,1280.16,4,3,3,"Champion"
17862.0,"2011-01-20 12:23:00",4,1279.09,3,3,3,"Loyal"
13617.0,"2011-10-30 13:50:00",8,1278.75,2,4,3,"At risk"
14474.0,"2011-10-24 13:26:00",2,1278.08,2,2,3,"At risk"
17521.0,"2011-11-10 11:22:00",5,1278.06,2,3,3,"At risk"
13243.0,"2011-05-20 13:14:00",5,1278.04,3,3,3,"Loyal"
16951.0,"2011-07-28 12:05:00",3,1277.75,3,3,3,"Loyal"
15584.0,"2011-11-16 10:55:00",6,1277.50,1,3,3,"Lost"
15211.0,"2011-10-10 13:31:00",2,1277.48,2,2,3,"At risk"
17759.0,"2011-11-22 16:02:00",5,1276.91,1,3,3,"Lost"
18035.0,"2011-11-04 12:39:00",5,1276.74,2,3,3,"At risk"
14478.0,"2010-11-22 15:29:00",4,1276.66,4,3,3,"Champion"
13916.0,"2010-09-02 10:04:00",4,1275.81,4,3,3,"Champion"
14820.0,"2011-11-18 15:41:00",9,1274.76,1,4,3,"Lost"
15809.0,"2011-11-03 16:40:00",7,1274.44,2,4,3,"At risk"
14490.0,"2010-10-29 15:04:00",2,1273.47,4,2,3,"Loyal"
17132.0,"2010-09-13 16:31:00",2,1272.80,4,2,3,"Loyal"
17478.0,"2010-10-27 15:01:00",2,1272.80,4,2,3,"Loyal"
12394.0,"2011-10-07 08:08:00",2,1272.48,2,2,3,"At risk"
16527.0,"2011-09-19 16:21:00",2,1272.44,2,2,3,"At risk"
14984.0,"2011-11-20 14:28:00",6,1271.41,1,3,3,"Lost"
12630.0,"2011-11-30 10:48:00",2,1270.88,1,2,3,"Lost"
13492.0,"2011-07-26 14:25:00",3,1269.84,3,3,3,"Loyal"
15439.0,"2010-10-31 10:38:00",4,1269.05,4,3,3,"Champion"
14379.0,"2011-10-26 16:43:00",4,1268.91,2,3,3,"At risk"
13892.0,"2011-11-13 11:50:00",6,1267.65,2,3,3,"At risk"
17037.0,"2011-09-13 12:49:00",1,1267.32,2,1,3,"At risk"
17531.0,"2011-06-02 19:17:00",3,1266.82,3,3,3,"Loyal"
13515.0,"2011-09-28 11:26:00",6,1265.82,2,3,3,"At risk"
17635.0,"2010-10-11 15:12:00",3,1265.58,4,3,3,"Champion"
16842.0,"2011-08-31 10:42:00",3,1264.19,3,3,3,"Loyal"
14427.0,"2011-10-20 14:23:00",4,1263.52,2,3,3,"At risk"
15009.0,"2011-11-27 13:35:00",3,1261.78,1,3,3,"Lost"
13065.0,"2010-12-01 16:52:00",5,1260.91,3,3,3,"Loyal"
14419.0,"2011-11-29 11:22:00",7,1260.91,1,4,3,"Lost"
16688.0,"2011-12-08 15:24:00",4,1260.86,1,3,3,"Lost"
17343.0,"2010-12-19 15:07:00",6,1259.94,3,3,3,"Loyal"
12993.0,"2011-11-16 15:49:00",8,1259.63,1,4,3,"Lost"
13689.0,"2011-10-07 13:21:00",2,1259.50,2,2,3,"At risk"
15651.0,"2011-11-03 08:41:00",5,1259.06,2,3,3,"At risk"
14871.0,"2011-12-06 13:42:00",9,1258.97,1,4,3,"Lost"
14931.0,"2011-12-05 10:19:00",5,1257.68,1,3,3,"Lost"
12402.0,"2011-01-20 13:49:00",6,1256.90,3,3,3,"Loyal"
17481.0,"2011-12-06 12:28:00",4,1255.59,1,3,3,"Lost"
15064.0,"2010-10-25 14:32:00",4,1254.41,4,3,3,"Champion"
15441.0,"2010-11-08 15:50:00",3,1254.21,4,3,3,"Champion"
15664.0,"2011-10-20 10:57:00",4,1254.03,2,3,3,"At risk"
16292.0,"2011-08-10 12:24:00",5,1253.76,3,3,3,"Loyal"
14698.0,"2011-12-08 12:26:00",5,1250.76,1,3,3,"Lost"
15599.0,"2011-11-13 11:44:00",3,1250.06,2,3,3,"At risk"
18135.0,"2011-11-10 19:32:00",10,1249.62,2,4,3,"At risk"
14020.0,"2011-11-23 09:22:00",4,1249.01,1,3,3,"Lost"
12666.0,"2010-11-10 16:40:00",1,1248.42,4,1,3,"At risk"
14383.0,"2011-11-01 15:53:00",3,1247.69,2,3,3,"At risk"
12689.0,"2011-11-14 08:31:00",2,1247.61,2,2,3,"At risk"
14240.0,"2011-11-09 13:45:00",3,1247.49,2,3,3,"At risk"
14382.0,"2011-11-13 16:18:00",2,1246.80,2,2,3,"At risk"
15004.0,"2011-07-15 14:05:00",1,1246.32,3,1,3,"At risk"
13860.0,"2011-12-08 12:57:00",5,1245.90,1,3,3,"Lost"
14428.0,"2011-12-02 13:17:00",5,1244.83,1,3,3,"Lost"
17076.0,"2011-11-03 17:53:00",6,1242.75,2,3,3,"At risk"
15800.0,"2011-08-24 14:23:00",7,1242.58,3,4,3,"Loyal"
17201.0,"2011-10-17 11:55:00",4,1242.04,2,3,3,"At risk"
14446.0,"2011-12-09 11:34:00",5,1241.31,1,3,3,"Lost"
13201.0,"2010-07-25 14:30:00",4,1240.61,4,3,3,"Champion"
17529.0,"2010-04-08 17:51:00",2,1240.25,4,2,3,"Loyal"
13863.0,"2011-04-06 10:20:00",4,1239.55,3,3,3,"Loyal"
12985.0,"2011-12-09 10:46:00",2,1239.38,1,2,3,"Lost"
16501.0,"2010-11-21 14:10:00",1,1237.23,4,1,3,"At risk"
14231.0,"2011-06-09 11:05:00",4,1235.62,3,3,3,"Loyal"
15376.0,"2011-10-30 15:04:00",3,1233.36,2,3,3,"At risk"
17397.0,"2011-11-17 14:08:00",3,1233.18,1,3,3,"Lost"
12605.0,"2010-11-28 14:18:00",4,1232.95,3,3,3,"Loyal"
16159.0,"2011-03-03 12:27:00",4,1232.79,3,3,3,"Loyal"
18080.0,"2011-11-21 08:02:00",2,1231.50,1,2,3,"Lost"
17360.0,"2011-11-22 13:11:00",6,1231.38,1,3,3,"Lost"
12673.0,"2011-12-04 13:55:00",3,1230.02,1,3,3,"Lost"
13019.0,"2010-11-25 14:56:00",6,1229.95,3,3,3,"Loyal"
17342.0,"2010-11-25 11:07:00",4,1227.54,3,3,3,"Loyal"
12866.0,"2011-03-01 14:11:00",3,1227.35,3,3,3,"Loyal"
13030.0,"2011-11-28 14:30:00",2,1227.22,1,2,3,"Lost"
17539.0,"2010-04-01 12:07:00",4,1226.57,4,3,3,"Champion"
17456.0,"2010-12-09 15:23:00",2,1225.42,3,2,3,"Loyal"
15269.0,"2011-11-16 09:32:00",3,1225.36,1,3,3,"Lost"
15303.0,"2011-02-22 13:59:00",3,1224.18,3,3,3,"Loyal"
14512.0,"2011-06-05 12:39:00",7,1223.47,3,4,3,"Loyal"
13787.0,"2011-09-25 12:06:00",6,1222.50,2,3,3,"At risk"
16946.0,"2010-11-21 14:06:00",5,1222.04,4,3,3,"Champion"
14430.0,"2010-07-16 11:35:00",3,1220.90,4,3,3,"Champion"
13299.0,"2011-03-16 12:55:00",3,1218.70,3,3,3,"Loyal"
13304.0,"2010-12-23 14:35:00",4,1217.99,3,3,3,"Loyal"
15390.0,"2010-11-08 15:19:00",2,1216.66,4,2,3,"Loyal"
15661.0,"2011-01-26 13:56:00",8,1215.95,3,4,3,"Loyal"
13140.0,"2011-08-23 15:33:00",5,1215.68,3,3,3,"Loyal"
17410.0,"2011-11-23 15:46:00",5,1214.72,1,3,3,"Lost"
17198.0,"2011-11-16 10:39:00",3,1213.88,1,3,3,"Lost"
13405.0,"2011-09-26 17:01:00",6,1213.81,2,3,3,"At risk"
18263.0,"2011-11-14 09:00:00",3,1213.16,2,3,3,"At risk"
16872.0,"2011-09-23 16:05:00",6,1213.13,2,3,3,"At risk"
13918.0,"2011-10-21 12:25:00",2,1212.84,2,2,3,"At risk"
16653.0,"2011-11-23 14:51:00",2,1212.66,1,2,3,"Lost"
12464.0,"2011-11-29 13:33:00",8,1212.05,1,4,3,"Lost"
15377.0,"2010-11-22 08:55:00",4,1211.75,4,3,3,"Champion"
14193.0,"2011-10-03 09:34:00",3,1210.19,2,3,3,"At risk"
13723.0,"2011-05-06 17:04:00",6,1209.20,3,3,3,"Loyal"
17062.0,"2011-01-30 11:01:00",6,1208.22,3,3,3,"Loyal"
17653.0,"2011-11-03 12:46:00",4,1207.56,2,3,3,"At risk"
16830.0,"2011-11-01 11:35:00",4,1207.50,2,3,3,"At risk"
18193.0,"2011-06-27 13:58:00",3,1207.35,3,2,3,"Loyal"
15573.0,"2011-11-08 11:38:00",5,1207.18,2,3,3,"At risk"
18181.0,"2011-11-15 15:08:00",5,1205.94,1,3,3,"Lost"
15737.0,"2011-11-25 11:21:00",8,1205.12,1,4,3,"Lost"
18057.0,"2010-11-11 16:55:00",3,1203.56,4,2,3,"Loyal"
15994.0,"2011-10-16 12:28:00",3,1202.18,2,2,3,"At risk"
12742.0,"2010-03-24 12:43:00",1,1201.52,4,1,3,"At risk"
16800.0,"2011-11-28 14:06:00",1,1201.49,1,1,3,"Lost"
15181.0,"2011-10-04 13:58:00",5,1200.20,2,3,3,"At risk"
16693.0,"2011-10-02 11:10:00",5,1199.46,2,3,3,"At risk"
15600.0,"2010-10-07 14:30:00",4,1199.31,4,3,3,"Champion"
17800.0,"2011-11-02 12:57:00",9,1199.01,2,4,3,"At risk"
16345.0,"2011-10-26 16:03:00",2,1198.74,2,2,3,"At risk"
17713.0,"2010-11-22 16:50:00",4,1198.09,4,3,3,"Champion"
16307.0,"2010-10-06 14:31:00",3,1194.92,4,2,3,"Loyal"
15145.0,"2011-12-05 17:21:00",4,1194.73,1,3,3,"Lost"
14201.0,"2011-10-10 13:27:00",10,1193.54,2,4,3,"At risk"
12611.0,"2011-10-18 13:12:00",1,1193.32,2,1,3,"At risk"
13293.0,"2010-11-12 13:28:00",6,1192.94,4,3,3,"Champion"
16306.0,"2011-05-10 12:12:00",7,1192.82,3,4,3,"Loyal"
13976.0,"2011-05-17 09:13:00",4,1192.36,3,3,3,"Loyal"
14213.0,"2010-10-31 10:37:00",1,1192.20,4,1,3,"At risk"
17984.0,"2011-07-17 15:59:00",5,1191.27,3,3,3,"Loyal"
13882.0,"2011-12-07 11:16:00",5,1191.13,1,3,3,"Lost"
16471.0,"2011-03-10 09:41:00",4,1189.98,3,3,3,"Loyal"
12462.0,"2011-11-21 09:11:00",2,1189.59,1,2,3,"Lost"
17239.0,"2011-01-31 09:41:00",4,1189.45,3,3,3,"Loyal"
14275.0,"2010-11-09 09:06:00",6,1189.38,4,3,3,"Champion"
15022.0,"2011-11-28 12:35:00",5,1186.09,1,3,3,"Lost"
13388.0,"2011-07-31 12:52:00",3,1185.65,3,2,3,"Loyal"
18060.0,"2010-10-27 16:41:00",2,1185.46,4,2,3,"Loyal"
13601.0,"2011-10-25 17:31:00",4,1185.14,2,3,3,"At risk"
14206.0,"2011-04-14 16:38:00",3,1185.01,3,2,3,"Loyal"
15259.0,"2010-07-15 08:47:00",4,1182.38,4,3,3,"Champion"
17021.0,"2010-09-23 20:01:00",6,1182.22,4,3,3,"Champion"
13526.0,"2009-12-01 13:13:00",2,1182.00,4,2,3,"Loyal"
13395.0,"2011-06-07 15:04:00",3,1180.23,3,2,3,"Loyal"
18277.0,"2011-10-12 15:22:00",5,1180.05,2,3,3,"At risk"
13270.0,"2010-12-08 14:53:00",1,1180.00,3,1,3,"At risk"
17058.0,"2011-09-19 10:13:00",3,1179.89,2,2,3,"At risk"
16614.0,"2011-06-10 11:36:00",3,1179.79,3,2,3,"Loyal"
13797.0,"2010-09-29 10:34:00",3,1179.45,4,2,3,"Loyal"
18025.0,"2010-11-25 12:37:00",6,1177.72,3,3,3,"Loyal"
15068.0,"2011-10-24 14:47:00",4,1176.85,2,3,3,"At risk"
13233.0,"2011-09-26 13:25:00",4,1176.46,2,3,3,"At risk"
15210.0,"2011-04-28 16:11:00",3,1176.19,3,2,3,"Loyal"
14370.0,"2010-09-15 10:53:00",6,1175.78,4,3,3,"Champion"
12885.0,"2011-10-07 13:40:00",3,1175.22,2,2,3,"At risk"
12915.0,"2011-07-14 11:34:00",4,1174.75,3,3,3,"Loyal"
12640.0,"2011-11-16 11:52:00",3,1174.58,1,2,3,"Lost"
14126.0,"2011-12-02 11:45:00",4,1172.46,1,3,3,"Lost"
14818.0,"2011-09-27 11:01:00",6,1170.41,2,3,3,"At risk"
12691.0,"2011-11-11 16:49:00",7,1170.40,2,3,3,"At risk"
17373.0,"2011-10-30 15:28:00",7,1167.50,2,3,3,"At risk"
17664.0,"2011-11-21 11:29:00",4,1166.23,1,3,3,"Lost"
17812.0,"2011-11-27 11:47:00",7,1165.89,1,3,3,"Lost"
14693.0,"2011-03-20 12:50:00",7,1165.36,3,3,3,"Loyal"
14261.0,"2011-10-20 10:04:00",2,1163.45,2,2,3,"At risk"
17525.0,"2010-12-15 12:05:00",3,1161.90,3,2,3,"Loyal"
12546.0,"2011-10-24 12:09:00",2,1161.50,2,2,3,"At risk"
12972.0,"2010-10-22 08:41:00",4,1161.20,4,3,3,"Champion"
13897.0,"2011-10-20 14:30:00",3,1160.72,2,2,3,"At risk"
13459.0,"2010-03-25 10:24:00",2,1160.41,4,2,3,"Loyal"
15088.0,"2011-11-18 13:14:00",2,1160.07,1,2,3,"Lost"
16838.0,"2011-05-26 13:13:00",4,1159.61,3,3,3,"Loyal"
13499.0,"2011-11-22 11:21:00",5,1159.11,1,3,3,"Lost"
17513.0,"2011-09-28 16:42:00",3,1158.80,2,2,3,"At risk"
16184.0,"2011-10-06 17:43:00",6,1158.79,2,3,3,"At risk"
12439.0,"2010-01-26 12:11:00",2,1158.18,4,2,3,"Loyal"
15028.0,"2011-12-01 14:06:00",6,1157.71,1,3,3,"Lost"
15879.0,"2010-10-31 16:21:00",4,1157.30,4,3,3,"Champion"
17169.0,"2011-10-13 10:25:00",3,1156.73,2,2,3,"At risk"
13744.0,"2011-09-05 15:19:00",2,1156.36,2,2,3,"At risk"
14788.0,"2011-12-02 17:06:00",3,1156.32,1,2,3,"Lost"
17127.0,"2010-10-07 09:54:00",5,1155.03,4,3,3,"Champion"
16637.0,"2011-11-07 13:17:00",4,1154.47,2,3,3,"At risk"
13462.0,"2011-04-01 11:20:00",5,1153.85,3,3,3,"Loyal"
14475.0,"2011-09-29 10:46:00",4,1151.15,2,3,3,"At risk"
12475.0,"2011-10-17 10:10:00",2,1149.64,2,2,3,"At risk"
12710.0,"2011-09-04 12:00:00",3,1149.02,3,2,3,"Loyal"
16521.0,"2010-10-20 13:09:00",3,1148.01,4,2,3,"Loyal"
14308.0,"2010-06-08 16:48:00",2,1147.02,4,2,3,"Loyal"
16766.0,"2011-03-11 15:22:00",2,1145.60,3,2,3,"Loyal"
17477.0,"2010-04-06 10:06:00",2,1144.30,4,2,3,"Loyal"
12769.0,"2011-04-15 10:25:00",1,1143.60,3,1,3,"At risk"
14585.0,"2011-10-20 14:33:00",5,1143.27,2,3,3,"At risk"
17770.0,"2011-05-25 12:34:00",5,1143.27,3,3,3,"Loyal"
18125.0,"2011-11-10 12:29:00",4,1142.99,2,3,3,"At risk"
13856.0,"2011-06-24 10:03:00",11,1142.03,3,4,3,"Loyal"
18218.0,"2011-05-12 12:53:00",4,1142.00,3,3,3,"Loyal"
16769.0,"2011-03-24 13:41:00",4,1141.75,3,3,3,"Loyal"
16270.0,"2010-12-21 14:26:00",1,1141.24,3,1,3,"At risk"
15586.0,"2010-04-26 11:00:00",3,1139.10,4,2,3,"Loyal"
17500.0,"2011-11-22 14:25:00",3,1138.00,1,2,3,"Lost"
17302.0,"2011-11-25 09:36:00",5,1135.63,1,3,3,"Lost"
17866.0,"2011-07-20 11:07:00",3,1134.95,3,2,3,"Loyal"
13109.0,"2011-10-11 10:16:00",3,1134.03,2,2,3,"At risk"
17137.0,"2010-10-19 14:51:00",6,1133.63,4,3,3,"Champion"
16989.0,"2011-12-02 16:39:00",6,1133.25,1,3,3,"Lost"
14375.0,"2011-06-07 13:44:00",3,1132.99,3,2,3,"Loyal"
15500.0,"2011-12-01 13:47:00",4,1131.56,1,3,3,"Lost"
13393.0,"2010-05-05 09:34:00",4,1131.45,4,3,3,"Champion"
12616.0,"2011-09-05 15:17:00",3,1131.10,2,2,3,"At risk"
15695.0,"2011-03-18 08:32:00",4,1131.04,3,3,3,"Loyal"
16014.0,"2011-11-02 12:04:00",5,1130.27,2,3,3,"At risk"
17622.0,"2010-04-21 12:36:00",2,1130.21,4,2,3,"Loyal"
16354.0,"2011-10-07 14:28:00",5,1129.51,2,3,3,"At risk"
12427.0,"2011-11-18 08:56:00",3,1129.30,1,2,3,"Lost"
13447.0,"2011-11-16 13:38:00",3,1129.14,1,2,3,"Lost"
14450.0,"2011-06-12 10:46:00",7,1128.44,3,4,3,"Loyal"
12373.0,"2011-02-01 13:10:00",3,1127.65,3,2,3,"Loyal"
14671.0,"2010-06-08 13:39:00",2,1127.45,4,2,3,"Loyal"
15969.0,"2011-12-07 11:06:00",5,1127.05,1,3,3,"Lost"
12503.0,"2010-05-04 13:59:00",1,1126.00,4,1,3,"At risk"
13167.0,"2011-11-21 12:24:00",5,1125.15,1,3,3,"Lost"
13778.0,"2011-08-28 15:25:00",4,1124.49,3,3,3,"Loyal"
14917.0,"2010-04-22 11:28:00",2,1123.75,4,2,3,"Loyal"
16916.0,"2011-11-16 12:08:00",4,1123.40,1,3,3,"Lost"
15436.0,"2011-11-27 16:05:00",3,1122.53,1,2,3,"Lost"
17492.0,"2011-04-05 15:21:00",3,1122.42,3,2,3,"Loyal"
13486.0,"2011-09-22 13:13:00",3,1122.41,2,2,3,"At risk"
17562.0,"2011-11-25 14:21:00",7,1122.38,1,4,3,"Lost"
13368.0,"2011-03-28 09:59:00",4,1121.50,3,3,3,"Loyal"
16895.0,"2011-10-06 12:15:00",5,1121.42,2,3,3,"At risk"
13589.0,"2011-11-25 12:10:00",6,1120.74,1,3,3,"Lost"
17007.0,"2011-10-20 10:47:00",7,1120.10,2,3,3,"At risk"
17871.0,"2011-05-19 11:32:00",5,1118.99,3,3,3,"Loyal"
17423.0,"2011-10-24 13:36:00",3,1118.95,2,2,3,"At risk"
16430.0,"2011-10-13 14:47:00",7,1117.94,2,3,3,"At risk"
17788.0,"2011-09-27 10:09:00",2,1117.90,2,2,3,"At risk"
16278.0,"2011-08-31 17:12:00",3,1117.84,3,2,3,"Loyal"
14971.0,"2011-11-04 17:07:00",3,1116.57,2,2,3,"At risk"
14966.0,"2011-11-25 12:20:00",6,1115.84,1,3,3,"Lost"
14080.0,"2011-11-07 11:09:00",5,1115.68,2,3,3,"At risk"
13509.0,"2011-12-01 10:10:00",8,1114.72,1,4,3,"Lost"
16203.0,"2011-10-12 12:31:00",6,1114.54,2,3,3,"At risk"
14672.0,"2011-04-19 10:19:00",4,1113.14,3,3,3,"Loyal"
12679.0,"2011-10-12 12:30:00",4,1113.02,2,3,3,"At risk"
12648.0,"2011-07-08 11:55:00",4,1112.00,3,3,3,"Loyal"
16139.0,"2011-11-21 08:37:00",5,1111.15,1,3,3,"Lost"
16702.0,"2010-10-20 14:10:00",4,1110.83,4,3,3,"Champion"
15069.0,"2011-06-13 14:16:00",1,1109.53,3,1,3,"At risk"
15559.0,"2010-05-20 14:06:00",1,1109.40,4,1,3,"At risk"
15828.0,"2010-11-29 16:41:00",1,1108.82,3,1,3,"At risk"
15933.0,"2011-11-18 13:14:00",3,1107.46,1,2,3,"Lost"
14891.0,"2011-07-14 18:08:00",4,1106.73,3,3,3,"Loyal"
14805.0,"2011-11-24 16:20:00",7,1104.64,1,4,3,"Lost"
16391.0,"2010-11-04 12:27:00",4,1103.61,4,3,3,"Champion"
12434.0,"2011-09-16 12:38:00",3,1103.43,2,2,3,"At risk"
16386.0,"2011-11-11 12:28:00",3,1102.59,2,2,3,"At risk"
16223.0,"2010-11-30 11:50:00",2,1102.35,3,2,3,"Loyal"
14948.0,"2011-11-16 17:16:00",6,1101.97,1,3,3,"Lost"
13295.0,"2010-12-15 11:21:00",4,1101.97,3,3,3,"Loyal"
16418.0,"2011-10-26 12:39:00",5,1101.94,2,3,3,"At risk"
12785.0,"2010-12-10 13:48:00",3,1100.40,3,2,3,"Loyal"
14009.0,"2011-05-25 15:47:00",3,1099.91,3,2,3,"Loyal"
12421.0,"2011-11-24 09:07:00",6,1098.60,1,3,3,"Lost"
13108.0,"2010-12-02 10:35:00",2,1098.52,3,2,3,"Loyal"
16805.0,"2011-06-19 11:23:00",5,1097.24,3,3,3,"Loyal"
17366.0,"2010-10-03 16:04:00",2,1096.24,4,2,3,"Loyal"
16533.0,"2011-11-20 13:08:00",3,1095.56,1,2,3,"Lost"
13835.0,"2011-11-14 15:37:00",7,1095.27,1,4,3,"Lost"
17703.0,"2011-11-04 15:51:00",4,1094.84,2,3,3,"At risk"
15745.0,"2011-11-20 13:45:00",4,1094.59,1,3,3,"Lost"
13521.0,"2011-12-08 13:50:00",3,1093.65,1,2,3,"Lost"
14460.0,"2011-08-21 14:19:00",9,1093.50,3,4,3,"Loyal"
12803.0,"2010-11-11 14:57:00",1,1092.81,4,1,3,"At risk"
13546.0,"2011-11-27 14:50:00",5,1092.14,1,3,3,"Lost"
17726.0,"2010-11-09 13:37:00",7,1092.06,4,4,3,"Champion"
14199.0,"2011-05-05 13:44:00",4,1091.70,3,3,3,"Loyal"
14813.0,"2010-12-05 11:57:00",4,1090.87,3,3,3,"Loyal"
16211.0,"2011-09-12 12:11:00",3,1090.59,2,2,3,"At risk"
13853.0,"2011-10-13 14:18:00",1,1090.14,2,1,3,"At risk"
12534.0,"2011-08-01 10:26:00",1,1089.18,3,1,3,"At risk"
14343.0,"2010-10-14 13:05:00",4,1088.91,4,3,3,"Champion"
15254.0,"2011-08-04 15:04:00",3,1088.35,3,2,3,"Loyal"
15535.0,"2011-06-19 16:02:00",6,1087.82,3,3,3,"Loyal"
16188.0,"2011-10-26 12:19:00",5,1087.66,2,3,3,"At risk"
15763.0,"2011-11-08 09:44:00",2,1086.92,2,2,3,"At risk"
14139.0,"2011-10-24 13:34:00",4,1086.80,2,3,3,"At risk"
16298.0,"2011-11-17 11:59:00",7,1085.70,1,4,3,"Lost"
14013.0,"2011-08-21 15:01:00",5,1084.57,3,3,3,"Loyal"
17420.0,"2011-10-20 14:52:00",6,1084.43,2,3,3,"At risk"
13467.0,"2011-11-29 10:01:00",2,1083.71,1,2,3,"Lost"
13567.0,"2010-10-07 12:51:00",4,1083.69,4,3,3,"Champion"
14561.0,"2011-09-25 12:39:00",3,1080.76,2,2,3,"At risk"
13727.0,"2011-11-11 09:46:00",8,1080.05,2,4,3,"At risk"
13726.0,"2011-11-01 10:49:00",2,1079.66,2,2,3,"At risk"
12354.0,"2011-04-21 13:11:00",1,1079.40,3,1,3,"At risk"
15546.0,"2010-04-12 11:51:00",2,1079.10,4,2,3,"Loyal"
14352.0,"2011-07-05 15:41:00",4,1078.96,3,3,3,"Loyal"
13656.0,"2011-06-28 10:31:00",4,1078.85,3,3,3,"Loyal"
13607.0,"2011-10-30 16:17:00",2,1078.31,2,2,3,"At risk"
16231.0,"2010-11-25 15:00:00",4,1078.22,3,3,3,"Loyal"
16183.0,"2011-10-03 14:59:00",4,1077.81,2,3,3,"At risk"
16642.0,"2011-12-05 11:31:00",3,1077.45,1,2,3,"Lost"
16071.0,"2011-10-26 11:14:00",4,1076.80,2,3,3,"At risk"
13959.0,"2011-09-21 15:06:00",6,1076.18,2,3,3,"At risk"
16048.0,"2010-12-01 15:28:00",4,1075.23,3,3,3,"Loyal"
15912.0,"2011-06-14 14:29:00",9,1074.70,3,4,3,"Loyal"
16884.0,"2011-11-02 11:52:00",4,1073.92,2,3,3,"At risk"
15238.0,"2011-11-10 14:28:00",3,1071.99,2,2,3,"At risk"
12801.0,"2010-07-27 09:38:00",1,1071.82,4,1,3,"At risk"
17854.0,"2011-06-07 16:21:00",6,1071.45,3,3,3,"Loyal"
16593.0,"2011-10-20 12:41:00",8,1071.14,2,4,3,"At risk"
14484.0,"2011-10-20 14:11:00",4,1070.98,2,3,3,"At risk"
17522.0,"2011-12-08 12:31:00",5,1070.71,1,3,3,"Lost"
12728.0,"2011-09-29 15:31:00",5,1070.17,2,3,3,"At risk"
17214.0,"2011-10-10 13:17:00",6,1069.12,2,3,3,"At risk"
15626.0,"2011-09-26 10:03:00",3,1067.52,2,2,3,"At risk"
14675.0,"2011-11-23 12:58:00",2,1066.90,1,2,3,"Lost"
17277.0,"2011-04-26 12:47:00",2,1065.35,3,2,3,"Loyal"
15639.0,"2011-07-28 14:30:00",3,1065.08,3,2,3,"Loyal"
14488.0,"2011-10-03 09:30:00",1,1064.28,2,1,3,"At risk"
15801.0,"2011-10-24 13:52:00",3,1063.95,2,2,3,"At risk"
12936.0,"2011-11-22 17:32:00",4,1063.90,1,3,3,"Lost"
17849.0,"2011-05-05 13:46:00",8,1063.76,3,4,3,"Loyal"
12815.0,"2011-07-15 10:21:00",2,1063.46,3,2,3,"Loyal"
14411.0,"2011-02-02 10:56:00",1,1063.00,3,1,3,"At risk"
14204.0,"2011-12-07 13:38:00",4,1062.96,1,3,3,"Lost"
16903.0,"2011-11-10 15:32:00",3,1062.28,2,2,3,"At risk"
15026.0,"2011-09-20 13:52:00",5,1061.61,2,3,3,"At risk"
17616.0,"2011-06-19 10:11:00",4,1060.80,3,3,3,"Loyal"
15003.0,"2010-08-23 15:44:00",6,1060.70,4,3,3,"Champion"
15706.0,"2011-10-07 10:09:00",4,1060.56,2,3,3,"At risk"
17727.0,"2011-11-24 17:06:00",1,1060.25,1,1,3,"Lost"
16261.0,"2011-11-22 17:23:00",6,1059.45,1,3,3,"Lost"
17421.0,"2010-11-18 16:57:00",3,1059.41,4,2,3,"Loyal"
18130.0,"2011-11-24 14:40:00",3,1059.39,1,2,3,"Lost"
15850.0,"2011-11-20 14:14:00",6,1058.72,1,3,3,"Lost"
17555.0,"2011-11-20 12:22:00",5,1057.74,1,3,3,"Lost"
15407.0,"2011-11-06 11:55:00",4,1056.44,2,3,3,"At risk"
14734.0,"2010-10-10 12:04:00",4,1056.42,4,3,3,"Champion"
12791.0,"2010-12-01 11:27:00",6,1056.11,3,3,3,"Loyal"
15645.0,"2011-11-21 11:55:00",3,1055.17,1,2,3,"Lost"
15977.0,"2011-11-22 13:29:00",2,1054.73,1,2,3,"Lost"
16728.0,"2011-10-24 14:36:00",4,1054.67,2,3,3,"At risk"
12716.0,"2011-12-06 08:55:00",2,1053.49,1,2,3,"Lost"
12580.0,"2011-04-07 10:24:00",2,1052.90,3,2,3,"Loyal"
15886.0,"2011-10-10 14:25:00",4,1052.87,2,3,3,"At risk"
15855.0,"2011-07-26 10:20:00",6,1052.72,3,3,3,"Loyal"
14947.0,"2011-09-28 15:48:00",6,1049.79,2,3,3,"At risk"
13775.0,"2010-04-28 12:15:00",1,1049.66,4,1,3,"At risk"
17934.0,"2011-10-19 11:16:00",3,1049.15,2,2,3,"At risk"
15464.0,"2011-01-05 15:56:00",1,1048.85,3,1,3,"At risk"
15839.0,"2011-11-06 13:54:00",3,1048.49,2,2,3,"At risk"
17578.0,"2011-05-05 18:38:00",7,1047.33,3,4,3,"Loyal"
17474.0,"2010-04-19 10:43:00",1,1047.00,4,1,3,"At risk"
15091.0,"2011-10-03 12:47:00",3,1046.61,2,2,3,"At risk"
14108.0,"2011-11-09 10:41:00",4,1044.96,2,3,3,"At risk"
17042.0,"2011-12-07 12:26:00",5,1044.38,1,3,3,"Lost"
13359.0,"2011-10-07 09:30:00",2,1043.31,2,2,3,"At risk"
16991.0,"2010-10-14 14:08:00",1,1041.21,4,1,3,"At risk"
13613.0,"2010-09-13 12:01:00",5,1039.85,4,3,3,"Champion"
13873.0,"2011-08-12 10:08:00",8,1038.92,3,4,3,"Loyal"
12486.0,"2010-10-04 12:14:00",1,1037.28,4,1,3,"At risk"
17869.0,"2011-08-24 16:16:00",7,1036.16,3,4,3,"Loyal"
14902.0,"2011-11-14 10:34:00",3,1035.62,2,2,3,"At risk"
17926.0,"2011-07-29 14:39:00",5,1035.49,3,3,3,"Loyal"
16260.0,"2011-10-20 09:40:00",1,1035.45,2,1,3,"At risk"
16787.0,"2010-11-07 11:01:00",4,1035.43,4,3,3,"Champion"
13258.0,"2011-11-28 09:31:00",5,1035.18,1,3,3,"Lost"
16441.0,"2011-10-03 17:48:00",5,1034.43,2,3,3,"At risk"
12811.0,"2011-03-24 09:42:00",5,1033.90,3,3,3,"Loyal"
17980.0,"2011-06-27 12:01:00",4,1033.42,3,3,3,"Loyal"
17724.0,"2011-09-29 15:26:00",3,1033.00,2,2,3,"At risk"
14248.0,"2011-01-25 14:45:00",3,1032.95,3,2,3,"Loyal"
13000.0,"2011-08-25 10:43:00",4,1032.50,3,3,3,"Loyal"
17405.0,"2011-12-08 17:12:00",3,1031.41,1,2,3,"Lost"
13235.0,"2011-05-11 17:13:00",1,1031.07,3,1,3,"At risk"
16385.0,"2011-10-10 13:12:00",5,1030.61,2,3,3,"At risk"
16198.0,"2011-09-25 14:58:00",2,1030.04,2,2,3,"At risk"
16284.0,"2011-11-08 16:12:00",3,1029.77,2,2,3,"At risk"
14932.0,"2010-12-09 11:48:00",2,1029.66,3,2,3,"Loyal"
15333.0,"2011-05-15 13:27:00",1,1028.56,3,1,3,"At risk"
16682.0,"2011-12-05 12:13:00",5,1028.00,1,3,3,"Lost"
15104.0,"2011-05-27 12:29:00",2,1027.44,3,2,3,"Loyal"
16227.0,"2011-04-28 13:33:00",3,1027.22,3,2,3,"Loyal"
15887.0,"2010-10-29 08:36:00",3,1027.15,4,2,3,"Loyal"
13956.0,"2011-12-04 13:20:00",5,1026.42,1,3,3,"Lost"
17749.0,"2011-06-14 15:45:00",3,1026.18,3,2,3,"Loyal"
16160.0,"2011-10-05 14:19:00",2,1025.44,2,2,3,"At risk"
13602.0,"2011-10-06 11:47:00",4,1025.17,2,3,3,"At risk"
17310.0,"2010-11-17 16:00:00",2,1025.10,4,2,3,"Loyal"
17362.0,"2011-04-14 14:43:00",7,1024.04,3,4,3,"Loyal"
16568.0,"2010-10-08 10:54:00",2,1020.90,4,2,3,"Loyal"
12572.0,"2011-12-01 09:20:00",2,1020.42,1,2,3,"Lost"
13376.0,"2011-09-01 16:16:00",3,1019.76,3,2,3,"Loyal"
18142.0,"2011-07-05 13:19:00",2,1019.52,3,2,3,"Loyal"
12403.0,"2011-10-21 10:51:00",2,1019.36,2,2,3,"At risk"
12828.0,"2011-12-07 08:45:00",6,1018.71,1,3,3,"Lost"
12905.0,"2010-05-12 10:05:00",2,1018.42,4,2,3,"Loyal"
12793.0,"2011-01-09 12:12:00",3,1017.33,3,2,3,"Loyal"
15970.0,"2011-02-09 12:08:00",2,1017.32,3,2,3,"Loyal"
12652.0,"2011-01-12 15:00:00",2,1017.03,3,2,3,"Loyal"
13641.0,"2010-03-09 07:37:00",5,1016.47,4,3,3,"Champion"
16898.0,"2011-11-13 15:44:00",5,1016.37,2,3,3,"At risk"
17299.0,"2011-11-28 12:01:00",6,1016.08,1,3,3,"Lost"
13333.0,"2010-10-24 13:24:00",3,1015.74,4,2,3,"Loyal"
17860.0,"2010-12-06 12:41:00",4,1015.54,3,3,3,"Loyal"
13867.0,"2011-11-08 15:48:00",3,1015.29,2,2,3,"At risk"
16623.0,"2011-04-08 10:09:00",4,1015.24,3,3,3,"Loyal"
14355.0,"2010-12-09 12:16:00",3,1014.45,3,2,3,"Loyal"
14953.0,"2011-11-14 14:59:00",4,1013.77,1,3,3,"Lost"
12410.0,"2011-02-04 10:39:00",3,1013.71,3,2,3,"Loyal"
13466.0,"2011-06-08 16:39:00",5,1013.35,3,3,3,"Loyal"
12642.0,"2011-11-14 15:03:00",3,1013.26,1,2,3,"Lost"
15951.0,"2011-12-01 08:34:00",3,1013.17,1,2,3,"Lost"
16451.0,"2011-09-13 09:17:00",3,1013.15,2,2,3,"At risk"
15025.0,"2011-11-06 15:20:00",2,1013.09,2,2,3,"At risk"
17197.0,"2011-11-10 10:32:00",1,1013.01,2,1,3,"At risk"
16435.0,"2010-07-15 18:22:00",3,1011.57,4,2,3,"Loyal"
15713.0,"2011-07-19 13:34:00",4,1010.79,3,3,3,"Loyal"
13039.0,"2010-05-04 16:45:00",4,1010.73,4,3,3,"Champion"
16572.0,"2011-08-04 16:34:00",3,1009.60,3,2,3,"Loyal"
12862.0,"2010-10-10 11:47:00",2,1008.32,4,2,3,"Loyal"
14510.0,"2010-11-29 12:46:00",3,1007.28,3,2,3,"Loyal"
16287.0,"2011-06-23 09:08:00",5,1006.98,3,3,3,"Loyal"
13429.0,"2011-11-29 09:10:00",4,1006.80,1,3,3,"Lost"
13238.0,"2011-11-22 15:37:00",6,1006.63,1,3,3,"Lost"
15771.0,"2010-04-14 13:56:00",3,1006.54,4,2,3,"Loyal"
12703.0,"2011-09-29 17:52:00",4,1006.53,2,3,3,"At risk"
13427.0,"2011-11-20 13:02:00",6,1006.53,1,3,3,"Lost"
13549.0,"2011-11-14 09:20:00",8,1005.80,2,4,3,"At risk"
17329.0,"2011-11-25 14:24:00",5,1004.43,1,3,3,"Lost"
14214.0,"2011-11-09 10:31:00",5,1004.38,2,3,3,"At risk"
15363.0,"2010-12-02 12:28:00",2,1004.11,3,2,3,"Loyal"
18160.0,"2011-10-13 15:50:00",3,1003.88,2,2,3,"At risk"
17987.0,"2011-06-07 14:22:00",5,1003.64,3,3,3,"Loyal"
14157.0,"2011-11-20 11:32:00",5,1002.78,1,3,3,"Lost"
12446.0,"2011-10-13 12:50:00",1,1002.31,2,1,3,"At risk"
17237.0,"2011-11-28 15:02:00",4,1002.08,1,3,3,"Lost"
16535.0,"2011-12-04 15:18:00",3,1001.59,1,2,3,"Lost"
16122.0,"2011-09-27 15:34:00",6,1001.34,2,3,3,"At risk"
13857.0,"2010-11-11 12:54:00",6,1001.01,4,3,3,"Champion"
17464.0,"2011-07-04 13:19:00",3,1000.94,3,2,3,"Loyal"
14255.0,"2010-06-11 15:54:00",1,1000.63,4,1,3,"At risk"
12545.0,"2011-09-25 13:39:00",2,1000.39,2,2,3,"At risk"
15508.0,"2011-06-03 15:43:00",6,1000.27,3,3,3,"Loyal"
18143.0,"2011-08-15 12:07:00",2,1000.16,3,2,3,"Loyal"
13005.0,"2011-06-19 10:53:00",4,999.68,3,3,3,"Loyal"
12413.0,"2011-10-04 09:00:00",4,999.45,2,3,3,"At risk"
17205.0,"2011-10-17 12:46:00",3,999.35,2,2,3,"At risk"
16863.0,"2011-11-08 15:26:00",3,998.52,2,2,3,"At risk"
17631.0,"2011-12-08 09:47:00",7,998.49,1,3,3,"Lost"
18006.0,"2011-11-16 16:52:00",4,997.86,1,3,3,"Lost"
12722.0,"2011-09-15 14:50:00",4,997.63,2,3,3,"At risk"
13965.0,"2010-08-20 10:40:00",3,996.61,4,2,3,"Loyal"
17883.0,"2011-12-06 17:49:00",7,995.85,1,3,3,"Lost"
16699.0,"2010-11-24 14:38:00",7,994.60,4,4,3,"Champion"
13292.0,"2011-11-01 10:04:00",5,994.51,2,3,3,"At risk"
16009.0,"2011-11-17 16:51:00",4,992.71,1,3,3,"Lost"
14223.0,"2011-09-08 13:38:00",3,991.13,2,2,3,"At risk"
13559.0,"2010-07-15 09:52:00",2,990.00,4,2,3,"Loyal"
13245.0,"2011-10-20 11:40:00",2,989.22,2,2,3,"At risk"
15973.0,"2010-12-08 11:42:00",3,988.44,3,2,3,"Loyal"
15176.0,"2010-02-10 10:36:00",1,988.04,4,2,3,"Loyal"
16130.0,"2010-10-13 15:14:00",4,987.48,4,3,3,"Champion"
18237.0,"2011-12-07 12:49:00",5,987.10,1,3,3,"Lost"
16376.0,"2011-12-01 11:38:00",2,987.01,1,2,3,"Lost"
16661.0,"2010-06-17 15:24:00",4,986.63,4,3,3,"Champion"
13439.0,"2011-03-29 14:20:00",3,986.61,3,2,3,"Loyal"
16254.0,"2010-11-26 13:22:00",3,985.14,3,2,3,"Loyal"
17144.0,"2011-12-08 17:57:00",2,984.57,1,2,3,"Lost"
14142.0,"2010-12-01 16:33:00",2,983.15,3,2,3,"Loyal"
15109.0,"2011-04-08 09:58:00",3,983.10,3,2,3,"Loyal"
14138.0,"2011-12-08 12:44:00",2,982.38,1,2,3,"Lost"
12541.0,"2011-11-10 10:40:00",3,981.18,2,2,3,"At risk"
12543.0,"2010-09-17 15:51:00",1,980.25,4,2,3,"Loyal"
14230.0,"2010-09-30 09:07:00",3,979.80,4,2,3,"Loyal"
17369.0,"2010-09-10 09:49:00",1,979.20,4,2,3,"Loyal"
13350.0,"2011-11-23 16:33:00",2,979.12,1,2,3,"Lost"
17221.0,"2011-12-02 13:35:00",5,978.52,1,3,3,"Lost"
15132.0,"2011-11-21 17:10:00",5,977.93,1,3,3,"Lost"
14454.0,"2010-11-28 13:26:00",5,977.30,3,3,3,"Loyal"
17123.0,"2011-07-01 10:47:00",3,977.17,3,2,3,"Loyal"
15247.0,"2011-08-09 12:52:00",3,976.06,3,2,3,"Loyal"
15406.0,"2011-11-08 13:22:00",4,975.87,2,3,3,"At risk"
15165.0,"2010-12-01 14:03:00",1,975.50,3,2,3,"Loyal"
15646.0,"2011-07-05 09:53:00",5,974.61,3,3,3,"Loyal"
15449.0,"2011-11-13 15:02:00",3,974.52,2,2,3,"At risk"
12994.0,"2011-12-05 15:43:00",3,974.42,1,2,3,"Lost"
17958.0,"2011-08-15 12:19:00",2,973.88,3,2,3,"Loyal"
12525.0,"2010-07-29 16:08:00",3,973.73,4,2,3,"Loyal"
14350.0,"2011-03-10 14:14:00",3,972.03,3,2,3,"Loyal"
17100.0,"2011-11-21 16:36:00",2,971.74,1,2,3,"Lost"
15208.0,"2011-12-08 17:24:00",6,970.52,1,3,3,"Lost"
13223.0,"2011-05-23 13:03:00",6,969.12,3,3,3,"Loyal"
15907.0,"2011-12-06 12:21:00",3,967.45,1,2,3,"Lost"
13204.0,"2009-12-08 14:56:00",1,966.66,4,2,3,"Loyal"
15084.0,"2010-11-25 11:58:00",2,965.20,3,2,3,"Loyal"
12550.0,"2011-09-21 14:35:00",1,964.83,2,2,3,"At risk"
16763.0,"2011-05-25 11:52:00",2,964.70,3,2,3,"Loyal"
17081.0,"2011-11-14 12:56:00",6,964.39,1,3,3,"Lost"
15268.0,"2010-08-18 10:33:00",3,961.90,4,2,3,"Loyal"
15156.0,"2011-12-08 18:22:00",3,961.49,1,2,3,"Lost"
17544.0,"2010-11-14 15:08:00",3,960.69,4,2,3,"Loyal"
14994.0,"2010-11-22 12:59:00",5,960.63,4,3,3,"Champion"
16518.0,"2011-10-09 15:04:00",4,959.37,2,3,3,"At risk"
14629.0,"2011-12-05 16:55:00",2,959.01,1,2,3,"Lost"
14437.0,"2010-12-09 09:27:00",5,958.84,3,3,3,"Loyal"
12588.0,"2011-10-31 15:01:00",4,958.78,2,3,3,"At risk"
12675.0,"2010-06-04 09:49:00",2,958.50,4,2,3,"Loyal"
18192.0,"2011-09-29 09:53:00",1,957.97,2,2,3,"At risk"
14958.0,"2011-07-15 14:20:00",6,957.94,3,3,3,"Loyal"
17189.0,"2011-08-25 19:39:00",5,957.63,3,3,3,"Loyal"
12697.0,"2011-11-11 08:47:00",3,957.59,2,2,3,"At risk"
17298.0,"2011-08-30 16:43:00",5,957.56,3,3,3,"Loyal"
17516.0,"2011-11-24 16:51:00",6,957.55,1,3,3,"Lost"
17080.0,"2011-11-17 12:59:00",7,957.53,1,4,3,"Lost"
17172.0,"2011-09-22 09:36:00",3,956.57,2,2,3,"At risk"
16141.0,"2011-09-12 13:11:00",2,955.94,2,2,3,"At risk"
12990.0,"2011-11-08 13:01:00",7,955.50,2,4,3,"At risk"
16947.0,"2011-04-18 09:38:00",5,955.21,3,3,3,"Loyal"
12505.0,"2010-10-27 09:18:00",1,955.20,4,2,3,"Loyal"
15430.0,"2010-08-29 10:42:00",2,954.75,4,2,3,"Loyal"
15835.0,"2011-10-26 15:47:00",4,954.09,2,3,3,"At risk"
18001.0,"2011-11-27 16:02:00",6,953.84,1,3,3,"Lost"
12414.0,"2011-05-06 14:51:00",6,952.41,3,3,3,"Loyal"
14615.0,"2010-11-10 13:36:00",5,951.76,4,3,3,"Champion"
17955.0,"2011-05-25 12:00:00",6,949.90,3,3,3,"Loyal"
12767.0,"2010-11-29 09:38:00",1,949.82,3,2,3,"Loyal"
13046.0,"2011-11-09 08:36:00",3,949.25,2,2,3,"At risk"
13636.0,"2011-11-03 10:30:00",5,949.12,2,3,3,"At risk"
15177.0,"2010-10-10 12:48:00",1,948.93,4,2,3,"Loyal"
12822.0,"2011-09-30 10:04:00",2,948.88,2,2,3,"At risk"
12874.0,"2010-11-19 15:23:00",2,948.42,4,2,3,"Loyal"
15787.0,"2011-11-13 14:55:00",3,948.05,2,2,3,"At risk"
15723.0,"2010-12-10 11:12:00",4,947.65,3,3,3,"Loyal"
12355.0,"2011-05-09 13:49:00",2,947.61,3,2,3,"Loyal"
16362.0,"2011-11-07 13:01:00",6,946.94,2,3,3,"At risk"
16136.0,"2011-10-11 09:10:00",4,946.80,2,3,3,"At risk"
16861.0,"2011-10-11 09:05:00",5,946.59,2,3,3,"At risk"
17356.0,"2011-02-01 11:07:00",5,946.47,3,3,3,"Loyal"
16146.0,"2011-07-05 14:20:00",4,946.38,3,3,3,"Loyal"
17604.0,"2011-05-06 13:43:00",6,945.93,3,3,3,"Loyal"
15707.0,"2011-11-04 14:35:00",4,945.58,2,3,3,"At risk"
18217.0,"2011-11-10 13:18:00",4,945.04,2,3,3,"At risk"
16204.0,"2011-11-16 13:40:00",3,944.24,1,2,3,"Lost"
13261.0,"2011-03-16 12:22:00",2,944.10,3,2,3,"Loyal"
16199.0,"2010-11-12 12:55:00",7,942.75,4,4,3,"Champion"
12942.0,"2011-07-31 14:39:00",3,942.65,3,2,3,"Loyal"
15385.0,"2011-10-30 15:11:00",3,942.08,2,2,3,"At risk"
18156.0,"2011-11-27 12:24:00",2,941.17,1,2,3,"Lost"
14326.0,"2011-04-11 15:04:00",3,940.98,3,2,3,"Loyal"
17363.0,"2010-11-09 17:11:00",3,940.86,4,2,3,"Loyal"
13416.0,"2011-10-27 08:56:00",3,940.80,2,2,3,"At risk"
15576.0,"2011-11-02 12:03:00",1,940.67,2,2,3,"At risk"
15107.0,"2011-02-01 14:46:00",9,940.35,3,4,3,"Loyal"
13936.0,"2011-06-13 08:47:00",3,939.66,3,2,3,"Loyal"
16109.0,"2011-05-05 09:17:00",3,939.48,3,2,3,"Loyal"
17527.0,"2011-10-17 12:32:00",4,939.37,2,3,3,"At risk"
14605.0,"2010-11-30 14:07:00",4,937.16,3,3,3,"Loyal"
17020.0,"2010-06-15 13:06:00",2,935.62,4,2,3,"Loyal"
17472.0,"2011-06-01 14:57:00",4,935.10,3,3,3,"Loyal"
14140.0,"2011-12-06 09:05:00",2,935.05,1,2,3,"Lost"
16781.0,"2010-12-02 14:26:00",2,934.25,3,2,3,"Loyal"
15792.0,"2010-11-05 08:21:00",2,933.84,4,2,3,"Loyal"
16657.0,"2011-11-30 11:48:00",4,933.62,1,3,3,"Lost"
18154.0,"2011-12-06 16:41:00",5,932.60,1,3,3,"Lost"
18133.0,"2011-05-11 14:14:00",1,931.50,3,2,3,"Loyal"
12396.0,"2010-02-03 13:22:00",1,931.43,4,2,3,"Loyal"
13465.0,"2010-09-19 15:13:00",2,931.12,4,2,3,"Loyal"
14924.0,"2011-04-08 09:25:00",3,931.01,3,2,3,"Loyal"
15957.0,"2011-11-08 12:14:00",3,930.10,2,2,3,"At risk"
16034.0,"2011-05-27 16:17:00",6,928.72,3,3,3,"Loyal"
14338.0,"2011-07-01 14:08:00",3,928.10,3,2,3,"Loyal"
13288.0,"2010-09-22 16:32:00",5,927.61,4,3,3,"Champion"
15243.0,"2011-09-26 14:12:00",2,927.28,2,2,3,"At risk"
17805.0,"2011-09-27 11:49:00",2,927.03,2,2,3,"At risk"
16975.0,"2010-10-12 17:53:00",3,926.12,4,2,3,"Loyal"
12745.0,"2010-08-10 10:14:00",3,925.41,4,2,3,"Loyal"
13805.0,"2011-10-18 14:50:00",2,924.60,2,2,3,"At risk"
17864.0,"2011-11-27 11:15:00",5,924.32,1,3,3,"Lost"
14128.0,"2011-10-10 12:00:00",3,924.21,2,2,3,"At risk"
17143.0,"2010-10-18 15:27:00",2,924.11,4,2,3,"Loyal"
16643.0,"2011-04-08 08:24:00",2,923.11,3,2,3,"Loyal"
13034.0,"2011-10-16 12:21:00",3,922.68,2,2,3,"At risk"
17322.0,"2010-11-28 14:41:00",5,922.59,3,3,3,"Loyal"
15654.0,"2011-11-30 13:08:00",2,922.53,1,2,3,"Lost"
13122.0,"2011-09-06 15:53:00",2,922.39,2,2,3,"At risk"
13934.0,"2011-03-21 08:39:00",1,922.10,3,2,3,"Loyal"
12638.0,"2011-11-06 13:11:00",2,921.49,2,2,3,"At risk"
14272.0,"2011-09-27 10:08:00",4,920.81,2,3,3,"At risk"
12998.0,"2010-08-04 08:05:00",3,920.08,4,2,3,"Loyal"
14568.0,"2010-09-30 17:15:00",1,919.70,4,2,3,"Loyal"
13075.0,"2011-08-02 10:19:00",1,919.61,3,2,3,"Loyal"
13872.0,"2010-06-30 15:35:00",3,919.57,4,2,3,"Loyal"
15304.0,"2011-10-10 10:23:00",9,919.55,2,4,3,"At risk"
17760.0,"2011-11-18 10:56:00",6,918.93,1,3,3,"Lost"
16387.0,"2011-01-21 11:34:00",5,918.55,3,3,3,"Loyal"
15542.0,"2010-07-15 13:32:00",3,918.45,4,2,3,"Loyal"
14342.0,"2011-11-18 13:21:00",6,918.44,1,3,3,"Lost"
12368.0,"2010-03-21 15:56:00",1,917.70,4,2,3,"Loyal"
14061.0,"2010-07-20 17:22:00",3,917.43,4,2,3,"Loyal"
14015.0,"2011-10-18 10:02:00",1,917.34,2,2,3,"At risk"
14423.0,"2011-05-05 15:12:00",3,916.61,3,2,3,"Loyal"
14549.0,"2011-02-01 13:47:00",4,916.55,3,3,3,"Loyal"
13573.0,"2011-10-20 14:33:00",6,916.47,2,3,3,"At risk"
14176.0,"2011-02-15 13:12:00",5,916.01,3,3,3,"Loyal"
14839.0,"2010-10-17 13:01:00",3,915.28,4,2,3,"Loyal"
14141.0,"2011-12-07 09:53:00",4,915.13,1,3,3,"Lost"
16216.0,"2011-03-17 15:34:00",1,914.93,3,2,3,"Loyal"
12940.0,"2011-10-16 12:09:00",2,913.54,2,2,3,"At risk"
15364.0,"2011-09-05 09:46:00",2,913.19,3,2,3,"Loyal"
14359.0,"2011-11-20 13:17:00",3,912.18,1,2,3,"Lost"
15244.0,"2011-10-05 13:19:00",3,912.08,2,2,3,"At risk"
14289.0,"2011-12-01 11:44:00",6,911.26,1,3,3,"Lost"
14133.0,"2011-08-02 11:34:00",4,911.14,3,3,3,"Loyal"
15919.0,"2011-11-20 11:28:00",2,910.61,1,2,3,"Lost"
16138.0,"2010-11-26 12:13:00",3,910.35,3,2,3,"Loyal"
16411.0,"2011-11-20 13:23:00",4,910.19,1,3,3,"Lost"
15511.0,"2011-11-28 09:43:00",5,909.23,1,3,3,"Lost"
13548.0,"2011-09-04 14:50:00",3,908.99,3,2,3,"Loyal"
13038.0,"2011-09-20 14:37:00",3,908.46,2,2,3,"At risk"
15097.0,"2011-12-05 14:03:00",3,908.35,1,2,3,"Lost"
14729.0,"2010-12-01 12:43:00",3,907.38,3,2,3,"Loyal"
14714.0,"2011-11-15 13:07:00",4,906.24,1,3,3,"Lost"
14969.0,"2010-01-05 12:43:00",1,906.23,4,2,3,"Loyal"
12808.0,"2011-11-03 10:05:00",5,906.10,2,3,3,"At risk"
13255.0,"2011-11-30 13:14:00",3,904.46,1,2,3,"Lost"
15180.0,"2010-12-07 14:57:00",3,904.43,3,2,3,"Loyal"
17746.0,"2011-04-13 14:31:00",4,904.18,3,3,3,"Loyal"
17176.0,"2011-05-22 12:41:00",3,902.32,3,2,3,"Loyal"
17382.0,"2011-10-05 13:05:00",8,902.28,2,4,3,"At risk"
17480.0,"2011-09-23 11:39:00",2,902.03,2,2,3,"At risk"
17566.0,"2011-12-01 19:54:00",2,901.21,1,2,3,"Lost"
15900.0,"2011-11-16 12:19:00",4,900.40,1,3,3,"Lost"
17226.0,"2011-02-04 11:52:00",3,900.12,3,2,3,"Loyal"
12945.0,"2011-02-24 14:15:00",2,900.11,3,2,3,"Loyal"
16442.0,"2011-12-08 11:43:00",5,899.47,1,3,3,"Lost"
16834.0,"2011-04-26 09:37:00",2,898.96,3,2,2,"Loyal"
15710.0,"2010-10-18 17:05:00",1,898.87,4,2,2,"Loyal"
17537.0,"2011-11-10 10:56:00",2,897.62,2,2,2,"At risk"
16361.0,"2011-11-30 12:32:00",4,896.66,1,3,2,"Lost"
15992.0,"2011-12-06 11:00:00",3,896.60,1,2,2,"Lost"
16784.0,"2011-11-20 12:20:00",5,896.53,1,3,2,"Lost"
13996.0,"2010-11-18 16:27:00",2,895.76,4,2,2,"Loyal"
13569.0,"2011-11-22 13:07:00",4,893.78,1,3,2,"Lost"
15066.0,"2011-10-17 13:25:00",1,893.59,2,2,2,"At risk"
12772.0,"2011-10-11 09:19:00",1,892.47,2,2,2,"At risk"
17155.0,"2011-11-22 12:38:00",7,892.46,1,4,2,"Lost"
15393.0,"2011-11-23 16:48:00",5,891.34,1,3,2,"Lost"
14065.0,"2010-11-15 16:13:00",3,891.02,4,2,2,"Loyal"
15824.0,"2010-09-12 13:20:00",2,890.94,4,2,2,"Loyal"
16228.0,"2010-11-19 14:20:00",3,890.81,4,2,2,"Loyal"
17968.0,"2010-12-01 12:23:00",4,888.04,3,3,2,"Loyal"
17708.0,"2011-06-05 10:12:00",4,887.93,3,3,2,"Loyal"
16900.0,"2011-11-23 10:32:00",3,887.11,1,2,2,"Lost"
14686.0,"2010-10-21 18:31:00",5,885.83,4,3,2,"Champion"
17704.0,"2011-06-24 09:40:00",2,885.19,3,2,2,"Loyal"
13166.0,"2011-03-01 15:16:00",2,884.18,3,2,2,"Loyal"
18141.0,"2010-11-03 11:44:00",2,882.47,4,2,2,"Loyal"
12680.0,"2011-12-09 12:50:00",4,880.81,1,3,2,"Lost"
17361.0,"2011-10-21 15:43:00",5,880.64,2,3,2,"At risk"
16677.0,"2010-10-24 14:53:00",2,880.62,4,2,2,"Loyal"
13937.0,"2011-06-23 16:35:00",2,880.13,3,2,2,"Loyal"
14551.0,"2011-11-21 13:36:00",7,880.04,1,4,2,"Lost"
14612.0,"2010-10-20 16:01:00",1,877.70,4,2,2,"Loyal"
15653.0,"2011-09-08 10:49:00",2,877.44,2,2,2,"At risk"
14645.0,"2011-07-06 09:15:00",3,876.89,3,2,2,"Loyal"
18043.0,"2011-11-15 12:48:00",3,875.97,1,2,2,"Lost"
13768.0,"2009-12-13 10:41:00",2,875.97,4,2,2,"Loyal"
14681.0,"2011-09-29 15:52:00",6,875.15,2,3,2,"At risk"
14508.0,"2011-11-17 19:48:00",5,874.94,1,3,2,"Lost"
16513.0,"2011-12-05 10:18:00",4,874.59,1,3,2,"Lost"
15469.0,"2011-10-20 16:21:00",3,874.25,2,2,2,"At risk"
17223.0,"2011-02-02 15:57:00",3,873.53,3,2,2,"Loyal"
15224.0,"2010-12-16 15:02:00",5,871.36,3,3,2,"Loyal"
13200.0,"2011-11-20 15:35:00",4,870.09,1,3,2,"Lost"
14753.0,"2011-09-13 14:50:00",2,869.51,2,2,2,"At risk"
16948.0,"2011-07-24 12:46:00",7,868.77,3,4,2,"Loyal"
16357.0,"2011-11-06 16:04:00",4,868.37,2,3,2,"At risk"
17167.0,"2010-11-25 10:05:00",3,867.11,4,2,2,"Loyal"
17358.0,"2011-02-09 16:57:00",5,866.05,3,3,2,"Loyal"
16567.0,"2011-05-29 13:57:00",2,865.60,3,2,2,"Loyal"
13922.0,"2010-12-23 10:38:00",3,865.20,3,2,2,"Loyal"
14600.0,"2011-02-07 09:48:00",2,865.17,3,2,2,"Loyal"
13891.0,"2010-11-26 15:57:00",3,863.56,3,2,2,"Loyal"
15870.0,"2011-11-07 10:58:00",4,862.61,2,3,2,"At risk"
16668.0,"2011-11-24 17:43:00",13,862.42,1,4,2,"Lost"
15483.0,"2011-07-01 13:07:00",10,862.20,3,4,2,"Loyal"
12787.0,"2011-11-30 08:44:00",4,862.18,1,3,2,"Lost"
15012.0,"2011-10-17 12:22:00",3,860.62,2,2,2,"At risk"
12794.0,"2011-10-17 14:54:00",2,860.41,2,2,2,"At risk"
13339.0,"2011-05-23 08:31:00",1,860.12,3,2,2,"Loyal"
14372.0,"2010-09-22 16:17:00",2,860.08,4,2,2,"Loyal"
17064.0,"2011-10-12 10:18:00",3,859.35,2,2,2,"At risk"
12440.0,"2010-09-03 13:11:00",2,859.20,4,2,2,"Loyal"
15287.0,"2011-11-17 15:34:00",5,856.03,1,3,2,"Lost"
17161.0,"2010-09-21 16:44:00",1,856.01,4,2,2,"Loyal"
13991.0,"2011-11-27 16:18:00",6,855.97,1,3,2,"Lost"
12878.0,"2011-04-17 13:07:00",2,854.99,3,2,2,"Loyal"
13945.0,"2010-11-10 10:00:00",2,854.15,4,2,2,"Loyal"
14873.0,"2011-05-13 13:52:00",2,854.13,3,2,2,"Loyal"
16877.0,"2011-11-27 13:47:00",6,853.72,1,3,2,"Lost"
17349.0,"2011-06-13 14:29:00",5,852.25,3,3,2,"Loyal"
15266.0,"2011-01-05 13:40:00",5,852.21,3,3,2,"Loyal"
16070.0,"2011-11-17 15:50:00",2,852.15,1,2,2,"Lost"
12696.0,"2010-10-01 10:43:00",2,851.91,4,2,2,"Loyal"
17674.0,"2011-09-26 13:35:00",2,851.70,2,2,2,"At risk"
13479.0,"2011-05-23 10:45:00",4,851.37,3,3,2,"Loyal"
16020.0,"2011-11-23 11:18:00",3,851.01,1,2,2,"Lost"
18108.0,"2011-03-30 13:56:00",3,848.81,3,2,2,"Loyal"
16798.0,"2010-06-03 19:01:00",3,848.71,4,2,2,"Loyal"
12713.0,"2011-12-09 12:16:00",1,848.55,1,2,2,"Lost"
15264.0,"2011-10-06 13:49:00",2,848.40,2,2,2,"At risk"
15784.0,"2010-08-29 10:38:00",2,848.33,4,2,2,"Loyal"
14202.0,"2010-11-23 17:13:00",3,847.76,4,2,2,"Loyal"
13221.0,"2011-04-13 16:58:00",2,847.41,3,2,2,"Loyal"
13487.0,"2011-10-13 12:07:00",5,846.87,2,3,2,"At risk"
16924.0,"2011-11-18 12:53:00",3,846.75,1,2,2,"Lost"
13970.0,"2010-11-18 13:21:00",2,846.55,4,2,2,"Loyal"
14087.0,"2011-12-07 12:41:00",3,846.22,1,2,2,"Lost"
14803.0,"2011-06-30 13:58:00",3,845.55,3,2,2,"Loyal"
18078.0,"2011-05-06 14:32:00",4,844.60,3,3,2,"Loyal"
16500.0,"2011-12-05 12:04:00",9,843.91,1,4,2,"Lost"
14922.0,"2010-11-11 11:14:00",2,843.74,4,2,2,"Loyal"
15070.0,"2010-12-02 11:23:00",3,843.25,3,2,2,"Loyal"
16344.0,"2011-07-04 15:50:00",4,842.42,3,3,2,"Loyal"
16846.0,"2011-10-20 13:55:00",3,842.41,2,2,2,"At risk"
17638.0,"2010-03-02 14:32:00",2,842.40,4,2,2,"Loyal"
16810.0,"2011-05-31 15:32:00",2,842.04,3,2,2,"Loyal"
14862.0,"2011-11-14 10:01:00",2,841.20,2,2,2,"At risk"
12891.0,"2011-06-07 12:31:00",11,840.50,3,4,2,"Loyal"
13169.0,"2011-10-07 12:11:00",3,840.08,2,3,2,"At risk"
18247.0,"2010-10-21 09:49:00",3,839.73,4,3,2,"Champion"
13940.0,"2011-11-22 15:15:00",4,839.14,1,3,2,"Lost"
17332.0,"2010-06-29 16:10:00",5,838.27,4,3,2,"Champion"
16264.0,"2010-09-27 15:00:00",2,837.53,4,2,2,"Loyal"
14037.0,"2011-06-16 13:57:00",6,836.95,3,3,2,"Loyal"
15832.0,"2011-03-30 15:29:00",1,836.79,3,2,2,"Loyal"
14929.0,"2011-11-07 17:21:00",2,836.69,2,2,2,"At risk"
13795.0,"2010-11-16 17:25:00",4,836.30,4,3,2,"Champion"
16747.0,"2011-11-02 11:37:00",2,836.06,2,2,2,"At risk"
13386.0,"2010-10-21 12:52:00",2,835.46,4,2,2,"Loyal"
14556.0,"2010-04-22 14:57:00",3,835.34,4,3,2,"Champion"
16737.0,"2011-10-17 13:03:00",2,835.20,2,2,2,"At risk"
15190.0,"2010-10-01 13:09:00",1,834.44,4,2,2,"Loyal"
16644.0,"2011-06-15 12:39:00",2,833.78,3,2,2,"Loyal"
12903.0,"2010-10-07 12:39:00",1,833.53,4,2,2,"Loyal"
13175.0,"2010-05-06 13:13:00",2,831.45,4,2,2,"Loyal"
15766.0,"2011-10-06 17:03:00",3,831.06,2,3,2,"At risk"
15759.0,"2011-05-05 15:13:00",7,830.93,3,4,2,"Loyal"
17003.0,"2010-11-02 13:15:00",4,830.16,4,3,2,"Champion"
14851.0,"2011-11-16 14:20:00",3,829.41,1,3,2,"Lost"
12730.0,"2010-07-06 12:19:00",1,829.25,4,2,2,"Loyal"
13544.0,"2011-10-31 11:57:00",6,829.00,2,3,2,"At risk"
16469.0,"2011-11-16 12:25:00",5,828.91,1,3,2,"Lost"
12953.0,"2011-11-30 09:24:00",2,828.81,1,2,2,"Lost"
15617.0,"2010-11-08 16:07:00",3,828.55,4,3,2,"Champion"
13681.0,"2011-11-22 11:13:00",4,827.83,1,3,2,"Lost"
17045.0,"2011-08-18 17:09:00",5,827.68,3,3,2,"Loyal"
15945.0,"2010-12-09 13:14:00",4,827.27,3,3,2,"Loyal"
16246.0,"2010-09-06 12:04:00",2,827.25,4,2,2,"Loyal"
12792.0,"2011-03-28 11:36:00",2,827.01,3,2,2,"Loyal"
12461.0,"2011-09-06 16:57:00",2,826.88,2,2,2,"At risk"
12781.0,"2011-10-07 10:37:00",2,826.74,2,2,2,"At risk"
16494.0,"2011-02-16 12:49:00",1,826.53,3,1,2,"At risk"
16869.0,"2011-11-17 12:02:00",4,825.42,1,3,2,"Lost"
15006.0,"2011-10-19 15:08:00",2,825.14,2,2,2,"At risk"
17880.0,"2010-12-10 10:21:00",3,824.92,3,3,2,"Loyal"
13513.0,"2011-08-05 11:50:00",3,824.59,3,3,2,"Loyal"
14260.0,"2010-08-25 14:55:00",3,824.28,4,3,2,"Champion"
15137.0,"2010-07-07 09:41:00",2,823.40,4,2,2,"Loyal"
15847.0,"2011-11-01 14:41:00",5,822.57,2,3,2,"At risk"
16164.0,"2011-11-22 15:04:00",3,822.48,1,3,2,"Lost"
16680.0,"2011-10-27 17:35:00",3,821.45,2,3,2,"At risk"
13893.0,"2011-02-15 11:30:00",1,821.10,3,1,2,"At risk"
15314.0,"2011-05-24 14:39:00",3,820.45,3,3,2,"Loyal"
17952.0,"2010-11-26 13:54:00",4,819.61,3,3,2,"Loyal"
16135.0,"2011-03-22 12:30:00",2,819.45,3,2,2,"Loyal"
17683.0,"2010-11-19 10:11:00",3,819.01,4,3,2,"Champion"
13612.0,"2010-03-17 12:14:00",1,818.29,4,1,2,"At risk"
13595.0,"2010-07-11 12:36:00",3,818.22,4,3,2,"Champion"
14890.0,"2011-03-31 11:57:00",3,817.25,3,3,2,"Loyal"
14872.0,"2010-08-13 12:34:00",3,816.60,4,3,2,"Champion"
13514.0,"2011-09-27 09:39:00",4,815.90,2,3,2,"At risk"
15399.0,"2011-12-08 13:04:00",3,815.77,1,3,2,"Lost"
16460.0,"2011-11-11 13:46:00",3,814.72,2,3,2,"At risk"
14656.0,"2011-06-23 13:51:00",5,814.65,3,3,2,"Loyal"
13811.0,"2011-06-09 09:54:00",3,814.50,3,3,2,"Loyal"
12763.0,"2011-07-24 14:12:00",2,814.16,3,2,2,"Loyal"
16658.0,"2010-12-06 13:47:00",6,814.07,3,3,2,"Loyal"
14624.0,"2011-10-13 13:44:00",6,814.07,2,3,2,"At risk"
16621.0,"2011-10-19 11:38:00",4,813.48,2,3,2,"At risk"
15644.0,"2011-06-26 14:54:00",4,813.00,3,3,2,"Loyal"
18084.0,"2011-11-23 13:57:00",3,812.93,1,3,2,"Lost"
17194.0,"2011-03-11 12:05:00",3,812.50,3,3,2,"Loyal"
17251.0,"2010-12-12 11:06:00",3,812.43,3,3,2,"Loyal"
16624.0,"2011-09-20 12:39:00",2,810.57,2,2,2,"At risk"
13637.0,"2011-10-18 13:32:00",3,810.50,2,3,2,"At risk"
16958.0,"2010-09-30 14:25:00",1,809.44,4,1,2,"At risk"
13045.0,"2011-09-01 15:04:00",3,808.92,3,3,2,"Loyal"
17114.0,"2011-12-04 12:17:00",8,808.62,1,4,2,"Lost"
17817.0,"2011-12-05 14:39:00",6,807.85,1,3,2,"Lost"
15533.0,"2011-11-20 15:35:00",3,807.57,1,3,2,"Lost"
17495.0,"2011-12-02 12:08:00",3,806.72,1,3,2,"Lost"
15952.0,"2011-11-06 11:18:00",4,806.57,2,3,2,"At risk"
12797.0,"2010-12-09 10:55:00",2,806.11,3,2,2,"Loyal"
12632.0,"2010-07-07 09:39:00",2,804.88,4,2,2,"Loyal"
18248.0,"2011-08-09 10:19:00",2,804.02,3,2,2,"Loyal"
15921.0,"2011-06-20 11:03:00",4,802.11,3,3,2,"Loyal"
15831.0,"2011-10-12 13:14:00",3,801.76,2,3,2,"At risk"
18265.0,"2011-09-28 14:10:00",2,801.51,2,2,2,"At risk"
16806.0,"2011-08-28 15:27:00",4,801.49,3,3,2,"Loyal"
16127.0,"2011-10-31 13:58:00",2,801.31,2,2,2,"At risk"
13415.0,"2010-08-24 11:38:00",4,800.67,4,3,2,"Champion"
17023.0,"2010-10-18 15:37:00",3,800.18,4,3,2,"Champion"
13980.0,"2011-10-10 13:34:00",5,799.92,2,3,2,"At risk"
13720.0,"2011-08-15 12:46:00",4,799.90,3,3,2,"Loyal"
17255.0,"2011-10-30 12:18:00",4,799.13,2,3,2,"At risk"
13041.0,"2010-09-15 11:44:00",4,799.13,4,3,2,"Champion"
16952.0,"2011-08-22 13:03:00",5,798.78,3,3,2,"Loyal"
16438.0,"2011-12-04 10:51:00",5,798.35,1,3,2,"Lost"
17801.0,"2010-09-14 14:32:00",3,798.33,4,3,2,"Champion"
15309.0,"2010-04-08 11:11:00",4,797.96,4,3,2,"Champion"
13389.0,"2011-11-28 14:01:00",3,797.96,1,3,2,"Lost"
17281.0,"2010-11-30 18:05:00",6,797.85,3,3,2,"Loyal"
15637.0,"2011-10-18 08:28:00",5,797.59,2,3,2,"At risk"
16155.0,"2010-11-23 12:03:00",5,796.90,4,3,2,"Champion"
15396.0,"2011-08-19 10:56:00",2,796.38,3,2,2,"Loyal"
15872.0,"2011-11-25 11:55:00",4,795.68,1,3,2,"Lost"
16720.0,"2011-11-13 16:22:00",3,795.48,2,3,2,"At risk"
13336.0,"2011-09-23 14:05:00",1,795.12,2,1,2,"At risk"
16961.0,"2011-08-15 13:46:00",3,794.56,3,3,2,"Loyal"
17212.0,"2011-03-31 19:42:00",3,794.41,3,3,2,"Loyal"
14690.0,"2011-10-26 15:39:00",4,794.33,2,3,2,"At risk"
18034.0,"2011-11-18 12:22:00",3,793.70,1,3,2,"Lost"
16679.0,"2010-12-08 13:51:00",3,793.06,3,3,2,"Loyal"
13296.0,"2011-07-25 13:46:00",6,792.51,3,3,2,"Loyal"
14022.0,"2011-04-28 14:39:00",2,792.15,3,2,2,"Loyal"
16250.0,"2011-03-23 15:07:00",3,791.38,3,3,2,"Loyal"
14976.0,"2011-10-13 16:37:00",7,790.86,2,4,2,"At risk"
13484.0,"2011-04-12 16:30:00",3,790.72,3,3,2,"Loyal"
13016.0,"2011-09-27 14:08:00",3,789.89,2,3,2,"At risk"
12923.0,"2011-10-06 16:20:00",3,789.87,2,3,2,"At risk"
16759.0,"2011-12-02 12:42:00",3,789.79,1,3,2,"Lost"
16472.0,"2010-10-01 13:56:00",2,789.60,4,2,2,"Loyal"
13598.0,"2011-10-23 14:28:00",5,789.59,2,3,2,"At risk"
15448.0,"2011-01-31 10:42:00",2,788.81,3,2,2,"Loyal"
14557.0,"2011-09-15 15:48:00",1,788.38,2,1,2,"At risk"
13212.0,"2011-11-20 12:40:00",3,788.08,1,3,2,"Lost"
14513.0,"2011-08-31 11:25:00",6,788.01,3,3,2,"Loyal"
13323.0,"2011-12-06 17:12:00",5,787.85,1,3,2,"Lost"
16468.0,"2011-09-26 14:13:00",3,787.52,2,3,2,"At risk"
14463.0,"2011-09-02 15:20:00",4,786.57,3,3,2,"Loyal"
12628.0,"2011-12-05 13:15:00",3,786.46,1,3,2,"Lost"
16739.0,"2011-06-16 09:17:00",2,786.43,3,2,2,"Loyal"
16972.0,"2010-11-22 10:59:00",2,786.25,4,2,2,"Loyal"
13770.0,"2010-10-13 15:10:00",4,785.37,4,3,2,"Champion"
13541.0,"2010-10-08 16:37:00",2,785.25,4,2,2,"Loyal"
15714.0,"2011-11-28 11:26:00",5,784.81,1,3,2,"Lost"
15806.0,"2011-10-24 14:35:00",3,784.58,2,3,2,"At risk"
15743.0,"2011-11-23 17:19:00",4,784.46,1,3,2,"Lost"
17387.0,"2011-11-20 11:00:00",2,784.11,1,2,2,"Lost"
12761.0,"2010-09-08 12:17:00",2,782.95,4,2,2,"Loyal"
16836.0,"2011-10-31 10:05:00",4,782.37,2,3,2,"At risk"
13453.0,"2011-06-27 09:34:00",3,781.69,3,3,2,"Loyal"
13287.0,"2010-04-15 15:26:00",3,781.59,4,3,2,"Champion"
15679.0,"2011-11-15 16:19:00",4,781.28,1,3,2,"Lost"
15239.0,"2011-11-29 14:14:00",2,780.59,1,2,2,"Lost"
13502.0,"2011-11-23 10:39:00",5,780.50,1,3,2,"Lost"
15246.0,"2011-04-15 14:45:00",3,780.40,3,3,2,"Loyal"
17691.0,"2010-12-16 17:20:00",4,780.05,3,3,2,"Loyal"
18228.0,"2011-10-14 09:21:00",2,779.90,2,2,2,"At risk"
12735.0,"2011-01-28 13:37:00",2,779.57,3,2,2,"Loyal"
12504.0,"2011-11-21 16:02:00",4,779.05,1,3,2,"Lost"
13781.0,"2011-04-03 12:08:00",3,778.83,3,3,2,"Loyal"
14815.0,"2011-11-03 11:36:00",2,778.50,2,2,2,"At risk"
17482.0,"2010-08-09 15:33:00",2,778.19,4,2,2,"Loyal"
16505.0,"2011-11-08 12:14:00",1,777.60,2,1,2,"At risk"
13563.0,"2011-09-16 14:45:00",2,777.53,2,2,2,"At risk"
13745.0,"2011-06-30 16:43:00",2,777.36,3,2,2,"Loyal"
15837.0,"2011-10-06 09:01:00",2,777.01,2,2,2,"At risk"
15794.0,"2009-12-03 13:04:00",2,777.00,4,2,2,"Loyal"
15618.0,"2011-11-07 08:34:00",4,776.85,2,3,2,"At risk"
14997.0,"2011-10-24 13:28:00",4,776.60,2,3,2,"At risk"
15092.0,"2011-05-08 14:10:00",3,776.46,3,3,2,"Loyal"
18112.0,"2011-11-27 14:43:00",4,775.96,1,3,2,"Lost"
13314.0,"2011-12-08 12:29:00",3,775.94,1,3,2,"Lost"
13341.0,"2011-03-24 09:50:00",1,775.85,3,1,2,"At risk"
14234.0,"2011-11-17 17:53:00",4,775.46,1,3,2,"Lost"
16447.0,"2011-07-27 12:45:00",3,775.14,3,3,2,"Loyal"
15414.0,"2011-11-30 09:50:00",3,774.90,1,3,2,"Lost"
17889.0,"2011-05-11 16:26:00",7,774.87,3,4,2,"Loyal"
15773.0,"2011-12-04 12:48:00",2,774.52,1,2,2,"Lost"
18058.0,"2011-11-30 08:38:00",3,774.06,1,3,2,"Lost"
14838.0,"2010-10-12 15:46:00",2,773.67,4,2,2,"Loyal"
16565.0,"2010-12-10 15:21:00",4,773.05,3,3,2,"Loyal"
15075.0,"2011-09-23 12:27:00",1,773.03,2,1,2,"At risk"
14247.0,"2011-03-06 15:21:00",5,772.66,3,3,2,"Loyal"
12965.0,"2011-09-11 15:31:00",1,771.91,2,1,2,"At risk"
14104.0,"2011-07-08 12:50:00",5,771.58,3,3,2,"Loyal"
14998.0,"2011-06-22 17:30:00",4,770.73,3,3,2,"Loyal"
14413.0,"2010-12-12 13:37:00",4,770.37,3,3,2,"Loyal"
15988.0,"2011-11-20 13:23:00",3,770.09,1,2,2,"Lost"
16480.0,"2011-09-25 11:40:00",1,769.29,2,1,2,"At risk"
16978.0,"2011-09-23 12:50:00",3,768.88,2,2,2,"At risk"
13356.0,"2011-09-20 14:33:00",1,768.24,2,1,2,"At risk"
15331.0,"2010-07-28 09:42:00",3,767.91,4,2,2,"Loyal"
13712.0,"2011-04-07 12:33:00",2,766.42,3,2,2,"Loyal"
12991.0,"2011-11-16 15:34:00",3,764.82,1,2,2,"Lost"
15908.0,"2010-08-06 11:56:00",2,764.57,4,2,2,"Loyal"
13699.0,"2011-07-07 16:51:00",2,764.15,3,2,2,"Loyal"
16602.0,"2011-11-03 15:54:00",2,763.33,2,2,2,"At risk"
17466.0,"2011-11-29 13:15:00",2,763.28,1,2,2,"Lost"
16392.0,"2011-03-15 12:11:00",3,763.05,3,2,2,"Loyal"
15428.0,"2011-11-24 16:54:00",4,762.75,1,3,2,"Lost"
16892.0,"2011-12-08 13:18:00",7,762.10,1,3,2,"Lost"
14883.0,"2011-11-21 10:23:00",6,761.59,1,3,2,"Lost"
17425.0,"2011-11-20 15:30:00",2,759.17,1,2,2,"Lost"
18246.0,"2011-11-16 11:49:00",3,758.82,1,2,2,"Lost"
15568.0,"2011-12-07 11:27:00",3,758.29,1,2,2,"Lost"
17979.0,"2011-11-04 12:05:00",4,757.71,2,3,2,"At risk"
17461.0,"2011-11-17 10:21:00",3,757.46,1,2,2,"Lost"
16262.0,"2010-11-26 13:22:00",1,755.15,3,1,2,"At risk"
18104.0,"2011-11-02 14:07:00",1,754.64,2,1,2,"At risk"
17141.0,"2010-10-17 14:54:00",4,754.33,4,3,2,"Champion"
17579.0,"2011-12-05 12:28:00",4,753.28,1,3,2,"Lost"
13730.0,"2011-07-27 08:35:00",2,752.60,3,2,2,"Loyal"
13070.0,"2011-05-31 13:45:00",4,751.70,3,3,2,"Loyal"
14923.0,"2011-10-20 11:51:00",1,749.10,2,1,2,"At risk"
14048.0,"2011-02-07 14:53:00",3,748.69,3,2,2,"Loyal"
15656.0,"2011-10-25 14:56:00",4,748.50,2,3,2,"At risk"
14942.0,"2010-11-03 10:51:00",4,746.56,4,3,2,"Champion"
14050.0,"2011-11-08 10:00:00",2,746.36,2,2,2,"At risk"
16465.0,"2010-10-15 09:27:00",2,746.24,4,2,2,"Loyal"
18190.0,"2011-05-31 14:48:00",5,745.62,3,3,2,"Loyal"
14228.0,"2010-09-28 09:45:00",3,745.50,4,2,2,"Loyal"
13950.0,"2011-11-28 14:44:00",4,745.06,1,3,2,"Lost"
13236.0,"2011-11-15 12:50:00",2,744.85,1,2,2,"Lost"
12871.0,"2011-09-16 15:07:00",3,744.02,2,2,2,"At risk"
13354.0,"2011-09-29 13:17:00",1,743.53,2,1,2,"At risk"
13713.0,"2010-10-27 16:18:00",3,743.26,4,2,2,"Loyal"
17038.0,"2011-11-09 13:50:00",2,743.17,2,2,2,"At risk"
16730.0,"2011-10-18 14:11:00",3,743.11,2,2,2,"At risk"
15420.0,"2010-10-01 15:46:00",6,743.00,4,3,2,"Champion"
14302.0,"2010-10-05 08:10:00",3,742.90,4,2,2,"Loyal"
17005.0,"2010-08-26 10:57:00",2,742.36,4,2,2,"Loyal"
12465.0,"2011-11-22 16:34:00",2,742.19,1,2,2,"Lost"
15720.0,"2011-11-15 14:48:00",2,741.92,1,2,2,"Lost"
18275.0,"2010-05-10 15:46:00",2,741.85,4,2,2,"Loyal"
13721.0,"2011-11-03 14:05:00",2,741.54,2,2,2,"At risk"
12603.0,"2011-11-18 10:42:00",1,739.20,1,1,2,"Lost"
15922.0,"2010-12-01 13:51:00",1,739.00,3,1,2,"At risk"
15462.0,"2011-09-06 13:11:00",4,737.05,2,3,2,"At risk"
16075.0,"2010-07-25 11:31:00",2,736.93,4,2,2,"Loyal"
13780.0,"2011-12-02 13:49:00",3,735.82,1,2,2,"Lost"
15045.0,"2011-07-11 11:33:00",2,735.66,3,2,2,"Loyal"
12527.0,"2011-09-19 11:55:00",5,735.51,2,3,2,"At risk"
17430.0,"2011-11-07 09:24:00",4,735.17,2,3,2,"At risk"
13286.0,"2010-04-18 15:35:00",1,734.91,4,1,2,"At risk"
15938.0,"2011-08-19 12:56:00",9,734.81,3,4,2,"Loyal"
17756.0,"2010-11-29 12:20:00",3,733.70,3,2,2,"Loyal"
17964.0,"2011-11-08 10:44:00",2,733.46,2,2,2,"At risk"
17615.0,"2011-08-01 14:06:00",6,733.20,3,3,2,"Loyal"
12537.0,"2010-10-27 08:36:00",1,732.94,4,1,2,"At risk"
13575.0,"2011-11-16 13:14:00",5,732.07,1,3,2,"Lost"
17825.0,"2010-04-20 12:01:00",4,731.96,4,3,2,"Champion"
17548.0,"2011-04-20 12:01:00",4,731.26,3,3,2,"Loyal"
17681.0,"2010-04-21 17:22:00",5,731.20,4,3,2,"Champion"
17999.0,"2011-11-02 15:56:00",3,730.90,2,2,2,"At risk"
14778.0,"2011-08-04 15:23:00",2,730.86,3,2,2,"Loyal"
13921.0,"2010-11-02 16:32:00",4,730.70,4,3,2,"Champion"
17834.0,"2010-10-21 12:09:00",2,730.47,4,2,2,"Loyal"
13452.0,"2011-03-25 14:19:00",3,729.80,3,2,2,"Loyal"
12925.0,"2011-12-05 11:11:00",3,729.33,1,2,2,"Lost"
18163.0,"2010-05-04 14:51:00",1,728.84,4,1,2,"At risk"
12786.0,"2010-04-09 12:12:00",1,728.50,4,1,2,"At risk"
17547.0,"2010-11-29 09:41:00",2,727.85,3,2,2,"Loyal"
17374.0,"2011-05-05 09:05:00",3,727.11,3,2,2,"Loyal"
12519.0,"2011-10-07 09:26:00",2,726.54,2,2,2,"At risk"
12723.0,"2011-12-06 10:19:00",5,725.07,1,3,2,"Lost"
18187.0,"2010-03-18 09:49:00",1,724.89,4,1,2,"At risk"
13729.0,"2010-09-30 10:44:00",3,724.73,4,2,2,"Loyal"
14798.0,"2011-10-18 10:58:00",8,724.31,2,4,2,"At risk"
17572.0,"2011-09-29 17:53:00",10,723.01,2,4,2,"At risk"
15368.0,"2011-11-18 14:42:00",2,722.74,1,2,2,"Lost"
13264.0,"2010-09-23 12:42:00",1,722.56,4,1,2,"At risk"
17561.0,"2011-11-20 12:53:00",4,722.34,1,3,2,"Lost"
13057.0,"2010-06-27 15:44:00",3,722.09,4,3,2,"Champion"
13441.0,"2011-09-09 09:38:00",2,720.90,2,2,2,"At risk"
16023.0,"2011-10-24 16:34:00",3,719.81,2,3,2,"At risk"
14179.0,"2011-10-30 12:07:00",2,719.78,2,2,2,"At risk"
16415.0,"2011-10-26 13:35:00",3,719.44,2,3,2,"At risk"
13537.0,"2010-10-10 12:45:00",2,717.85,4,2,2,"Loyal"
13604.0,"2010-02-19 12:02:00",1,717.62,4,1,2,"At risk"
16269.0,"2010-09-28 11:50:00",1,717.57,4,1,2,"At risk"
12573.0,"2011-04-26 15:52:00",5,717.41,3,3,2,"Loyal"
12890.0,"2011-11-15 17:26:00",2,717.27,1,2,2,"Lost"
16526.0,"2011-06-21 12:02:00",2,717.21,3,2,2,"Loyal"
15274.0,"2011-12-05 16:57:00",2,716.57,1,2,2,"Lost"
12535.0,"2011-09-09 08:48:00",2,716.35,2,2,2,"At risk"
16274.0,"2010-12-01 15:35:00",1,715.90,3,1,2,"At risk"
12492.0,"2011-10-07 15:15:00",3,715.21,2,2,2,"At risk"
15330.0,"2011-11-07 17:50:00",2,714.96,2,2,2,"At risk"
17051.0,"2011-05-29 14:13:00",4,714.39,3,3,2,"Loyal"
13512.0,"2011-03-24 10:03:00",4,713.39,3,3,2,"Loyal"
14026.0,"2010-08-26 10:31:00",2,713.11,4,2,2,"Loyal"
13147.0,"2011-11-29 13:59:00",4,712.80,1,3,2,"Lost"
17761.0,"2011-11-07 10:23:00",1,712.78,2,1,2,"At risk"
14470.0,"2011-11-28 10:31:00",3,712.04,1,3,2,"Lost"
15127.0,"2011-10-05 10:30:00",2,711.50,2,2,2,"At risk"
16885.0,"2011-11-24 13:40:00",4,710.74,1,3,2,"Lost"
13103.0,"2011-10-31 09:38:00",3,709.64,2,2,2,"At risk"
13927.0,"2011-09-26 12:00:00",2,708.26,2,2,2,"At risk"
12485.0,"2010-06-28 15:22:00",1,708.10,4,1,2,"At risk"
14398.0,"2010-11-03 13:46:00",2,707.79,4,2,2,"Loyal"
16449.0,"2011-05-26 10:25:00",2,707.69,3,2,2,"Loyal"
12453.0,"2011-07-28 14:08:00",1,707.09,3,1,2,"At risk"
13626.0,"2011-04-01 10:05:00",2,707.04,3,2,2,"Loyal"
16364.0,"2011-11-28 11:27:00",2,707.04,1,2,2,"Lost"
16309.0,"2011-08-25 15:35:00",2,706.57,3,2,2,"Loyal"
17976.0,"2010-12-02 13:49:00",1,706.38,3,1,2,"At risk"
14880.0,"2011-09-23 13:42:00",3,706.19,2,3,2,"At risk"
16015.0,"2011-12-06 10:58:00",3,705.39,1,3,2,"Lost"
16882.0,"2011-10-04 10:42:00",3,705.12,2,3,2,"At risk"
12612.0,"2011-09-26 15:35:00",1,704.04,2,1,2,"At risk"
12883.0,"2011-11-15 09:32:00",4,703.47,1,3,2,"Lost"
18082.0,"2011-11-14 12:45:00",1,703.37,1,1,2,"Lost"
15103.0,"2011-11-08 14:53:00",2,703.36,2,2,2,"At risk"
15901.0,"2011-11-23 12:43:00",7,703.22,1,4,2,"Lost"
14699.0,"2011-05-09 14:54:00",4,702.60,3,3,2,"Loyal"
16997.0,"2011-02-24 17:28:00",3,702.00,3,2,2,"Loyal"
14324.0,"2010-10-26 11:44:00",2,701.61,4,2,2,"Loyal"
13833.0,"2011-07-03 13:27:00",2,701.36,3,2,2,"Loyal"
14356.0,"2011-09-21 09:18:00",2,701.23,2,2,2,"At risk"
17163.0,"2011-11-18 08:57:00",4,699.78,1,3,2,"Lost"
13242.0,"2011-08-19 12:53:00",7,699.40,3,3,2,"Loyal"
16018.0,"2011-10-31 14:13:00",4,698.13,2,3,2,"At risk"
15053.0,"2011-12-05 12:08:00",3,697.79,1,2,2,"Lost"
14497.0,"2011-02-03 17:01:00",2,697.06,3,2,2,"Loyal"
13596.0,"2011-12-04 12:01:00",2,697.04,1,2,2,"Lost"
15700.0,"2011-06-20 16:53:00",2,696.68,3,2,2,"Loyal"
15995.0,"2010-10-21 13:57:00",1,696.19,4,1,2,"At risk"
16704.0,"2010-03-31 14:02:00",2,695.66,4,2,2,"Loyal"
14959.0,"2011-10-06 18:23:00",4,695.42,2,3,2,"At risk"
13101.0,"2011-04-19 14:37:00",4,695.40,3,3,2,"Loyal"
14111.0,"2011-11-25 13:44:00",4,692.85,1,3,2,"Lost"
17733.0,"2011-11-01 08:16:00",2,692.19,2,2,2,"At risk"
12817.0,"2011-03-03 16:28:00",3,690.98,3,2,2,"Loyal"
15184.0,"2011-11-10 13:41:00",4,689.95,2,3,2,"At risk"
16545.0,"2011-06-28 10:37:00",2,689.82,3,2,2,"Loyal"
17502.0,"2011-11-30 13:13:00",4,689.10,1,3,2,"Lost"
15361.0,"2010-12-13 09:52:00",4,689.07,3,3,2,"Loyal"
12837.0,"2011-06-19 16:07:00",2,688.41,3,2,2,"Loyal"
12450.0,"2011-07-06 14:41:00",5,688.20,3,3,2,"Loyal"
18017.0,"2011-09-19 16:15:00",4,688.00,2,3,2,"At risk"
17962.0,"2011-07-20 14:16:00",4,687.42,3,3,2,"Loyal"
16343.0,"2011-11-23 17:45:00",3,687.07,1,2,2,"Lost"
14809.0,"2010-03-28 15:44:00",2,686.76,4,2,2,"Loyal"
15880.0,"2010-12-05 13:00:00",1,686.56,3,1,2,"At risk"
13898.0,"2011-01-18 10:28:00",2,686.40,3,2,2,"Loyal"
16824.0,"2011-11-24 12:38:00",3,686.24,1,2,2,"Lost"
17935.0,"2011-07-24 13:18:00",7,686.14,3,4,2,"Loyal"
12658.0,"2011-11-21 10:22:00",1,686.05,1,1,2,"Lost"
15257.0,"2011-03-01 12:58:00",2,685.90,3,2,2,"Loyal"
15219.0,"2011-06-16 16:57:00",2,685.45,3,2,2,"Loyal"
18123.0,"2011-11-15 14:23:00",3,684.59,1,2,2,"Lost"
13585.0,"2010-06-27 12:33:00",3,684.54,4,2,2,"Loyal"
16495.0,"2011-12-06 13:20:00",3,684.41,1,2,2,"Lost"
15669.0,"2011-10-30 16:03:00",4,684.34,2,3,2,"At risk"
16601.0,"2011-10-30 11:09:00",3,684.25,2,2,2,"At risk"
15207.0,"2010-10-19 13:29:00",3,683.92,4,2,2,"Loyal"
17874.0,"2011-06-07 12:54:00",6,683.46,3,3,2,"Loyal"
14222.0,"2011-06-15 16:42:00",1,683.17,3,1,2,"At risk"
15582.0,"2011-11-15 09:55:00",3,682.91,1,2,2,"Lost"
13987.0,"2010-11-25 10:20:00",2,682.54,3,2,2,"Loyal"
12601.0,"2011-06-03 10:17:00",6,681.26,3,3,2,"Loyal"
12478.0,"2011-12-06 09:56:00",1,680.99,1,1,2,"Lost"
18271.0,"2010-04-09 09:26:00",2,680.85,4,2,2,"Loyal"
13524.0,"2011-10-30 12:34:00",5,680.18,2,3,2,"At risk"
13809.0,"2011-02-07 13:15:00",3,679.70,3,2,2,"Loyal"
13430.0,"2011-11-21 08:19:00",2,679.45,1,2,2,"Lost"
14151.0,"2010-02-04 15:35:00",2,679.45,4,2,2,"Loyal"
14563.0,"2010-07-18 12:01:00",2,679.44,4,2,2,"Loyal"
17782.0,"2010-11-22 11:15:00",2,679.02,4,2,2,"Loyal"
16646.0,"2010-09-16 13:28:00",1,678.80,4,1,2,"At risk"
14182.0,"2010-09-22 11:45:00",4,678.77,4,3,2,"Champion"
13925.0,"2011-09-08 12:47:00",4,678.25,2,3,2,"At risk"
13974.0,"2011-10-21 14:41:00",2,677.72,2,2,2,"At risk"
13040.0,"2011-12-01 10:38:00",2,676.99,1,2,2,"Lost"
17462.0,"2011-10-10 13:56:00",2,675.69,2,2,2,"At risk"
13325.0,"2011-09-19 10:36:00",1,675.30,2,1,2,"At risk"
13355.0,"2011-08-09 14:48:00",1,674.70,3,1,2,"At risk"
13951.0,"2011-06-16 16:43:00",3,674.45,3,3,2,"Loyal"
15562.0,"2010-12-23 09:55:00",3,673.38,3,3,2,"Loyal"
14504.0,"2011-10-23 16:00:00",4,673.26,2,3,2,"At risk"
18121.0,"2011-07-13 12:53:00",2,673.10,3,2,2,"Loyal"
16648.0,"2011-10-28 08:58:00",3,672.80,2,3,2,"At risk"
16226.0,"2011-05-20 14:41:00",5,672.17,3,3,2,"Loyal"
17011.0,"2011-11-09 13:30:00",3,671.70,2,3,2,"At risk"
17709.0,"2011-06-23 11:55:00",5,671.01,3,3,2,"Loyal"
13398.0,"2011-05-31 13:17:00",2,670.34,3,2,2,"Loyal"
17418.0,"2011-10-28 13:00:00",3,670.06,2,3,2,"At risk"
13741.0,"2011-09-29 09:19:00",3,668.43,2,3,2,"At risk"
16268.0,"2011-09-29 18:30:00",2,667.65,2,2,2,"At risk"
13217.0,"2011-08-09 15:32:00",4,666.48,3,3,2,"Loyal"
17777.0,"2011-11-15 12:02:00",3,665.86,1,3,2,"Lost"
17105.0,"2011-07-03 15:53:00",2,665.78,3,2,2,"Loyal"
14452.0,"2011-11-29 12:06:00",4,665.59,1,3,2,"Lost"
16056.0,"2011-10-25 15:19:00",1,664.85,2,1,2,"At risk"
16132.0,"2010-06-13 13:49:00",2,664.20,4,2,2,"Loyal"
15643.0,"2011-06-01 07:38:00",3,664.00,3,3,2,"Loyal"
14720.0,"2011-12-04 12:02:00",3,663.81,1,3,2,"Lost"
13474.0,"2011-04-17 13:53:00",3,663.79,3,3,2,"Loyal"
16573.0,"2011-09-16 09:13:00",2,663.61,2,2,2,"At risk"
15350.0,"2010-12-01 13:33:00",2,663.25,3,2,2,"Loyal"
17852.0,"2011-11-28 12:36:00",5,663.21,1,3,2,"Lost"
17371.0,"2011-11-22 13:30:00",6,662.55,1,3,2,"Lost"
13864.0,"2010-11-18 12:50:00",1,662.40,4,1,2,"At risk"
16862.0,"2010-06-10 13:05:00",4,662.33,4,3,2,"Champion"
14425.0,"2010-10-01 10:24:00",3,661.39,4,3,2,"Champion"
13028.0,"2011-11-17 11:10:00",2,661.32,1,2,2,"Lost"
12386.0,"2011-01-06 12:37:00",2,660.80,3,2,2,"Loyal"
16887.0,"2011-11-04 14:07:00",3,660.72,2,3,2,"At risk"
13820.0,"2010-10-17 13:46:00",3,660.65,4,3,2,"Champion"
17375.0,"2011-05-24 15:45:00",4,660.55,3,3,2,"Loyal"
16428.0,"2010-10-22 12:22:00",3,660.28,4,3,2,"Champion"
14603.0,"2011-03-10 10:27:00",1,660.00,3,1,2,"At risk"
15405.0,"2011-06-03 14:44:00",2,659.84,3,2,2,"Loyal"
15492.0,"2011-11-11 14:53:00",2,659.46,2,2,2,"At risk"
13518.0,"2011-09-15 10:29:00",1,659.44,2,1,2,"At risk"
13759.0,"2011-11-06 14:47:00",2,659.41,2,2,2,"At risk"
13622.0,"2010-01-12 13:22:00",1,658.95,4,1,2,"At risk"
14150.0,"2011-11-04 10:05:00",2,658.64,2,2,2,"At risk"
17779.0,"2011-11-18 14:15:00",3,658.57,1,3,2,"Lost"
13433.0,"2010-07-26 16:55:00",4,658.32,4,3,2,"Champion"
15715.0,"2010-06-02 09:56:00",5,658.02,4,3,2,"Champion"
16696.0,"2011-07-27 14:23:00",4,657.90,3,3,2,"Loyal"
15648.0,"2011-05-19 15:53:00",2,657.35,3,2,2,"Loyal"
17459.0,"2011-10-27 13:25:00",2,657.30,2,2,2,"At risk"
16157.0,"2011-11-24 11:41:00",3,656.69,1,3,2,"Lost"
16708.0,"2011-10-25 12:20:00",1,656.63,2,1,2,"At risk"
14558.0,"2010-02-23 12:51:00",3,655.50,4,3,2,"Champion"
16117.0,"2011-06-03 11:42:00",3,654.40,3,3,2,"Loyal"
17398.0,"2011-08-17 09:48:00",3,653.38,3,3,2,"Loyal"
13496.0,"2011-11-29 10:58:00",2,653.33,1,2,2,"Lost"
15205.0,"2011-09-15 19:36:00",2,653.24,2,2,2,"At risk"
17523.0,"2011-11-28 13:20:00",4,652.74,1,3,2,"Lost"
14034.0,"2011-11-17 14:02:00",3,651.82,1,3,2,"Lost"
17963.0,"2010-08-25 15:58:00",4,651.51,4,3,2,"Champion"
13840.0,"2010-10-19 13:34:00",1,651.40,4,1,2,"At risk"
12855.0,"2010-12-02 09:37:00",4,650.94,3,3,2,"Loyal"
16734.0,"2011-10-18 13:44:00",3,650.51,2,3,2,"At risk"
16969.0,"2011-10-31 13:12:00",3,650.41,2,3,2,"At risk"
15276.0,"2011-10-04 16:39:00",4,649.53,2,3,2,"At risk"
12844.0,"2011-11-10 13:31:00",4,648.60,2,3,2,"At risk"
16412.0,"2011-10-17 12:35:00",5,647.23,2,3,2,"At risk"
14024.0,"2011-08-10 11:30:00",3,645.74,3,3,2,"Loyal"
17380.0,"2010-10-01 16:42:00",3,645.00,4,3,2,"Champion"
12719.0,"2011-12-04 13:45:00",2,644.95,1,2,2,"Lost"
16185.0,"2011-11-23 09:41:00",3,644.72,1,3,2,"Lost"
17312.0,"2011-07-24 11:52:00",3,644.30,3,3,2,"Loyal"
13237.0,"2010-11-17 10:07:00",1,643.00,4,1,2,"At risk"
16431.0,"2011-05-10 14:09:00",3,642.81,3,3,2,"Loyal"
15297.0,"2011-11-29 16:32:00",3,641.94,1,3,2,"Lost"
16399.0,"2011-11-20 16:12:00",3,641.82,1,3,2,"Lost"
14537.0,"2011-10-13 10:54:00",2,641.40,2,2,2,"At risk"
12365.0,"2011-02-21 14:04:00",2,641.38,3,2,2,"Loyal"
12624.0,"2011-08-25 15:04:00",2,641.13,3,2,2,"Loyal"
13318.0,"2011-12-08 18:51:00",3,640.76,1,3,2,"Lost"
12538.0,"2011-11-10 17:16:00",2,640.45,2,2,2,"At risk"
16368.0,"2011-12-07 13:12:00",3,640.21,1,3,2,"Lost"
12880.0,"2010-11-23 10:50:00",2,640.13,4,2,2,"Loyal"
15183.0,"2010-06-10 10:43:00",3,639.93,4,2,2,"Loyal"
12734.0,"2010-12-22 12:47:00",3,639.65,3,2,2,"Loyal"
17998.0,"2010-11-24 15:31:00",3,639.24,4,2,2,"Loyal"
12699.0,"2010-10-18 12:07:00",1,638.11,4,1,2,"At risk"
14664.0,"2011-11-20 10:59:00",2,637.89,1,2,2,"Lost"
17134.0,"2011-08-25 09:53:00",3,637.10,3,2,2,"Loyal"
15829.0,"2011-09-01 16:45:00",2,636.14,3,2,2,"Loyal"
16534.0,"2010-03-07 15:47:00",1,635.90,4,1,2,"At risk"
17334.0,"2011-02-10 14:59:00",3,635.15,3,2,2,"Loyal"
17985.0,"2011-11-17 14:24:00",1,634.95,1,1,2,"Lost"
14594.0,"2011-12-02 13:28:00",2,634.83,1,2,2,"Lost"
14365.0,"2010-11-10 09:52:00",2,634.68,4,2,2,"Loyal"
16330.0,"2011-11-22 12:24:00",7,634.33,1,4,2,"Lost"
14219.0,"2011-12-05 16:23:00",3,633.83,1,2,2,"Lost"
15666.0,"2010-08-24 16:14:00",2,632.94,4,2,2,"Loyal"
13540.0,"2010-08-29 14:20:00",3,632.39,4,2,2,"Loyal"
14237.0,"2010-12-01 13:20:00",2,632.14,3,2,2,"Loyal"
18183.0,"2011-04-26 15:26:00",2,632.07,3,2,2,"Loyal"
13822.0,"2011-12-04 12:13:00",2,632.00,1,2,2,"Lost"
13444.0,"2010-11-30 13:02:00",2,631.68,3,2,2,"Loyal"
14381.0,"2011-10-18 17:10:00",2,631.34,2,2,2,"At risk"
13706.0,"2011-02-10 09:21:00",2,631.17,3,2,2,"Loyal"
16193.0,"2011-04-17 11:45:00",2,630.43,3,2,2,"Loyal"
15016.0,"2011-06-20 12:06:00",5,630.30,3,3,2,"Loyal"
18101.0,"2011-11-28 13:37:00",5,629.16,1,3,2,"Lost"
13525.0,"2011-11-25 12:01:00",2,628.78,1,2,2,"Lost"
14283.0,"2010-09-02 14:46:00",4,628.44,4,3,2,"Champion"
16158.0,"2010-07-05 13:55:00",9,628.32,4,4,2,"Champion"
16022.0,"2011-03-24 13:16:00",1,628.28,3,1,2,"At risk"
14455.0,"2010-10-03 15:48:00",4,628.21,4,3,2,"Champion"
13480.0,"2010-10-19 11:53:00",2,627.82,4,2,2,"Loyal"
14036.0,"2011-02-28 09:26:00",1,626.65,3,1,2,"At risk"
17392.0,"2011-02-06 12:48:00",3,626.56,3,2,2,"Loyal"
13914.0,"2011-11-28 10:35:00",2,626.45,1,2,2,"Lost"
14793.0,"2011-11-18 14:50:00",2,625.90,1,2,2,"Lost"
16715.0,"2011-09-22 18:15:00",2,625.52,2,2,2,"At risk"
14169.0,"2010-10-05 08:45:00",2,624.43,4,2,2,"Loyal"
13776.0,"2010-10-07 16:11:00",2,623.98,4,2,2,"Loyal"
16750.0,"2011-10-26 12:48:00",5,623.93,2,3,2,"At risk"
15147.0,"2011-04-13 15:57:00",1,623.50,3,1,2,"At risk"
16792.0,"2011-03-02 14:41:00",5,623.46,3,3,2,"Loyal"
15258.0,"2011-06-24 12:30:00",2,623.16,3,2,2,"Loyal"
12575.0,"2010-09-08 13:09:00",2,622.82,4,2,2,"Loyal"
14115.0,"2010-07-26 12:36:00",2,622.67,4,2,2,"Loyal"
13836.0,"2010-11-05 13:31:00",2,620.37,4,2,2,"Loyal"
14339.0,"2011-04-11 11:06:00",2,620.27,3,2,2,"Loyal"
12667.0,"2011-10-12 17:00:00",1,620.13,2,1,2,"At risk"
14529.0,"2011-10-10 15:27:00",3,620.04,2,2,2,"At risk"
16776.0,"2011-10-10 13:04:00",2,619.85,2,2,2,"At risk"
13020.0,"2010-05-26 11:12:00",2,618.96,4,2,2,"Loyal"
14079.0,"2011-08-07 12:10:00",2,618.73,3,2,2,"Loyal"
13493.0,"2011-03-09 15:35:00",2,618.63,3,2,2,"Loyal"
16613.0,"2011-09-30 15:52:00",1,618.59,2,1,2,"At risk"
12596.0,"2011-10-19 13:02:00",2,618.27,2,2,2,"At risk"
13301.0,"2011-08-28 11:25:00",4,618.09,3,3,2,"Loyal"
15956.0,"2010-06-06 13:06:00",2,617.60,4,2,2,"Loyal"
14377.0,"2011-06-01 13:32:00",2,617.05,3,2,2,"Loyal"
13369.0,"2010-12-09 11:30:00",1,616.56,3,1,2,"At risk"
16311.0,"2011-11-22 08:54:00",2,616.26,1,2,2,"Lost"
17639.0,"2011-03-08 15:22:00",6,615.17,3,3,2,"Loyal"
15275.0,"2011-11-02 11:20:00",1,615.14,2,1,2,"At risk"
14077.0,"2011-10-30 12:35:00",6,615.08,2,3,2,"At risk"
16847.0,"2011-10-27 13:29:00",2,614.89,2,2,2,"At risk"
15748.0,"2011-10-30 12:51:00",3,614.76,2,2,2,"At risk"
16566.0,"2011-11-24 16:34:00",5,614.66,1,3,2,"Lost"
16844.0,"2010-05-26 10:29:00",2,614.34,4,2,2,"Loyal"
14570.0,"2011-03-04 10:58:00",3,613.75,3,2,2,"Loyal"
13832.0,"2011-11-20 15:36:00",2,613.69,1,2,2,"Lost"
17035.0,"2011-04-08 11:23:00",4,613.59,3,3,2,"Loyal"
15362.0,"2010-09-17 10:37:00",2,613.08,4,2,2,"Loyal"
16116.0,"2011-05-12 12:01:00",1,612.78,3,1,2,"At risk"
16178.0,"2011-07-24 16:05:00",2,612.60,3,2,2,"Loyal"
16589.0,"2011-09-29 14:50:00",4,612.36,2,3,2,"At risk"
12513.0,"2011-08-19 10:51:00",1,612.29,3,1,2,"At risk"
13008.0,"2011-01-20 14:24:00",3,612.13,3,2,2,"Loyal"
15232.0,"2011-08-18 16:27:00",2,612.06,3,2,2,"Loyal"
17209.0,"2010-02-28 16:01:00",3,611.60,4,2,2,"Loyal"
16922.0,"2010-05-16 11:24:00",1,611.08,4,1,2,"At risk"
13731.0,"2011-05-04 14:33:00",2,610.59,3,2,2,"Loyal"
14636.0,"2011-11-03 16:12:00",2,609.85,2,2,2,"At risk"
17325.0,"2011-03-04 13:09:00",3,609.57,3,2,2,"Loyal"
17707.0,"2011-06-07 15:03:00",8,609.30,3,4,2,"Loyal"
16675.0,"2010-09-24 12:15:00",2,608.86,4,2,2,"Loyal"
13933.0,"2011-08-22 14:03:00",2,608.79,3,2,2,"Loyal"
15018.0,"2011-11-01 12:47:00",3,607.46,2,2,2,"At risk"
15717.0,"2011-04-19 13:21:00",5,607.00,3,3,2,"Loyal"
17473.0,"2010-10-27 11:45:00",2,607.00,4,2,2,"Loyal"
17119.0,"2011-12-06 14:40:00",2,606.91,1,2,2,"Lost"
15158.0,"2011-10-25 13:53:00",2,606.02,2,2,2,"At risk"
16590.0,"2010-11-04 09:06:00",2,605.90,4,2,2,"Loyal"
17507.0,"2011-03-23 11:48:00",2,605.58,3,2,2,"Loyal"
16780.0,"2011-08-31 16:09:00",3,605.55,3,2,2,"Loyal"
14323.0,"2011-08-17 11:37:00",2,605.06,3,2,2,"Loyal"
13558.0,"2011-12-04 11:24:00",4,605.06,1,3,2,"Lost"
16321.0,"2011-09-28 14:55:00",7,604.55,2,4,2,"At risk"
12944.0,"2011-11-04 11:04:00",2,604.51,2,2,2,"At risk"
17270.0,"2010-08-27 14:09:00",2,604.40,4,2,2,"Loyal"
14611.0,"2010-09-22 09:19:00",2,604.33,4,2,2,"Loyal"
14417.0,"2010-11-17 10:55:00",1,604.20,4,1,2,"At risk"
12556.0,"2011-10-20 13:06:00",2,603.71,2,2,2,"At risk"
13106.0,"2011-07-29 15:12:00",2,603.46,3,2,2,"Loyal"
12707.0,"2011-02-21 08:38:00",1,603.42,3,1,2,"At risk"
18264.0,"2010-07-29 10:02:00",1,603.25,4,1,2,"At risk"
16445.0,"2011-11-06 12:32:00",4,602.73,2,3,2,"At risk"
16080.0,"2011-09-19 10:42:00",4,602.56,2,3,2,"At risk"
17890.0,"2011-01-21 11:19:00",2,602.09,3,2,2,"Loyal"
14670.0,"2011-03-04 14:13:00",3,602.00,3,2,2,"Loyal"
12654.0,"2011-11-29 10:10:00",5,601.98,1,3,2,"Lost"
14254.0,"2010-10-03 11:52:00",1,601.03,4,1,2,"At risk"
12420.0,"2011-10-07 08:55:00",1,600.39,2,1,2,"At risk"
17745.0,"2010-08-19 12:30:00",2,600.34,4,2,2,"Loyal"
18211.0,"2011-11-14 08:10:00",5,600.07,2,3,2,"At risk"
17678.0,"2011-03-21 11:52:00",2,599.76,3,2,2,"Loyal"
12521.0,"2011-07-20 10:51:00",1,599.68,3,1,2,"At risk"
14965.0,"2011-09-04 13:20:00",2,599.00,3,2,2,"Loyal"
14569.0,"2011-12-08 14:58:00",4,598.98,1,3,2,"Lost"
13311.0,"2011-12-05 12:55:00",2,598.57,1,2,2,"Lost"
17845.0,"2010-06-02 15:20:00",4,598.19,4,3,2,"Champion"
15424.0,"2011-03-30 13:02:00",3,597.78,3,2,2,"Loyal"
14170.0,"2010-11-29 13:10:00",3,597.33,3,2,2,"Loyal"
13684.0,"2011-02-27 10:13:00",4,596.98,3,3,2,"Loyal"
15631.0,"2010-03-07 14:52:00",1,596.67,4,1,2,"At risk"
15346.0,"2011-01-11 11:18:00",3,596.12,3,2,2,"Loyal"
17658.0,"2011-11-14 12:07:00",2,595.42,1,2,2,"Lost"
14771.0,"2010-03-28 12:52:00",2,594.62,4,2,2,"Loyal"
15929.0,"2010-03-05 14:56:00",1,594.00,4,1,2,"At risk"
15442.0,"2011-04-05 12:24:00",1,594.00,3,1,2,"At risk"
14746.0,"2010-10-29 14:44:00",4,593.50,4,3,2,"Champion"
18232.0,"2011-09-19 11:49:00",4,592.97,2,3,2,"At risk"
13472.0,"2010-09-02 09:41:00",2,592.24,4,2,2,"Loyal"
17815.0,"2010-11-11 14:39:00",1,591.96,4,1,2,"At risk"
17156.0,"2010-08-05 11:30:00",1,591.87,4,1,2,"At risk"
12790.0,"2011-05-31 14:14:00",2,591.85,3,2,2,"Loyal"
17483.0,"2011-10-05 13:10:00",4,591.73,2,3,2,"At risk"
15524.0,"2011-11-15 12:09:00",2,591.40,1,2,2,"Lost"
17098.0,"2010-11-23 12:13:00",3,591.07,4,2,2,"Loyal"
15160.0,"2010-12-17 14:15:00",4,589.27,3,3,2,"Loyal"
15624.0,"2011-08-15 11:38:00",4,588.13,3,3,2,"Loyal"
15191.0,"2010-09-02 15:37:00",3,588.05,4,2,2,"Loyal"
17014.0,"2011-12-01 14:09:00",3,586.33,1,2,2,"Lost"
14173.0,"2011-11-29 11:54:00",6,586.00,1,3,2,"Lost"
12384.0,"2011-11-11 08:39:00",2,585.27,2,2,2,"At risk"
17773.0,"2010-07-13 14:07:00",2,585.27,4,2,2,"Loyal"
12800.0,"2010-08-26 14:11:00",3,584.25,4,2,2,"Loyal"
14023.0,"2011-12-02 13:58:00",2,584.07,1,2,2,"Lost"
15762.0,"2011-10-05 16:15:00",2,583.75,2,2,2,"At risk"
16001.0,"2010-11-23 17:10:00",1,583.39,4,1,2,"At risk"
15918.0,"2011-06-02 11:42:00",3,582.88,3,2,2,"Loyal"
16100.0,"2010-09-03 11:39:00",1,582.64,4,1,2,"At risk"
16802.0,"2010-01-29 13:44:00",2,582.61,4,2,2,"Loyal"
17970.0,"2011-05-12 20:03:00",1,582.59,3,1,2,"At risk"
17099.0,"2010-06-24 16:25:00",1,582.17,4,1,2,"At risk"
14742.0,"2010-09-30 14:07:00",1,579.85,4,1,2,"At risk"
16596.0,"2011-11-24 10:02:00",4,579.63,1,3,2,"Lost"
15588.0,"2010-01-31 12:19:00",1,579.60,4,1,2,"At risk"
15959.0,"2010-01-26 16:38:00",3,579.49,4,2,2,"Loyal"
18039.0,"2010-11-30 13:07:00",4,579.17,3,3,2,"Loyal"
18262.0,"2011-07-22 16:04:00",3,577.54,3,2,2,"Loyal"
17274.0,"2011-11-04 13:16:00",2,577.38,2,2,2,"At risk"
15830.0,"2011-11-02 10:40:00",1,576.00,2,1,2,"At risk"
17557.0,"2011-11-25 12:57:00",4,575.46,1,3,2,"Lost"
12859.0,"2010-09-07 12:20:00",1,575.10,4,1,2,"At risk"
13262.0,"2011-03-21 15:06:00",3,573.45,3,2,2,"Loyal"
12879.0,"2011-10-26 12:24:00",3,573.22,2,2,2,"At risk"
15415.0,"2011-01-30 14:13:00",1,572.81,3,1,2,"At risk"
13424.0,"2010-09-16 10:49:00",1,572.77,4,1,2,"At risk"
13379.0,"2011-11-13 13:45:00",3,572.56,2,2,2,"At risk"
13179.0,"2010-03-31 11:40:00",1,572.31,4,1,2,"At risk"
14053.0,"2011-08-07 14:27:00",4,572.30,3,3,2,"Loyal"
12816.0,"2011-09-05 12:41:00",2,572.20,2,2,2,"At risk"
13816.0,"2011-11-16 08:38:00",2,571.67,1,2,2,"Lost"
15920.0,"2011-07-08 15:31:00",9,571.64,3,4,2,"Loyal"
15198.0,"2011-09-08 14:42:00",5,571.35,2,3,2,"At risk"
15691.0,"2011-04-01 15:13:00",4,571.30,3,3,2,"Loyal"
18053.0,"2011-09-30 09:05:00",3,571.07,2,2,2,"At risk"
15821.0,"2011-10-26 15:48:00",2,570.96,2,2,2,"At risk"
13190.0,"2010-06-13 15:47:00",3,570.66,4,2,2,"Loyal"
17122.0,"2011-08-12 14:33:00",4,570.50,3,3,2,"Loyal"
15315.0,"2011-10-06 12:51:00",2,570.50,2,2,2,"At risk"
15857.0,"2011-11-21 12:18:00",2,570.48,1,2,2,"Lost"
14592.0,"2011-11-04 16:35:00",3,570.46,2,2,2,"At risk"
16667.0,"2011-10-02 15:26:00",2,570.13,2,2,2,"At risk"
17433.0,"2011-09-12 14:24:00",2,569.96,2,2,2,"At risk"
15169.0,"2010-11-22 13:04:00",2,569.22,4,2,2,"Loyal"
13406.0,"2010-10-08 14:44:00",2,568.92,4,2,2,"Loyal"
18244.0,"2010-10-05 11:15:00",2,568.64,4,2,2,"Loyal"
13321.0,"2011-09-28 15:24:00",2,567.36,2,2,2,"At risk"
14208.0,"2011-09-06 12:48:00",2,567.05,2,2,2,"At risk"
14986.0,"2010-11-28 15:25:00",2,566.90,3,2,2,"Loyal"
15627.0,"2010-09-08 14:14:00",2,566.90,4,2,2,"Loyal"
13998.0,"2010-09-19 10:20:00",3,566.70,4,2,2,"Loyal"
18150.0,"2011-11-07 16:49:00",3,566.58,2,2,2,"At risk"
14716.0,"2011-10-27 17:29:00",3,565.45,2,2,2,"At risk"
13894.0,"2011-11-16 09:44:00",3,564.62,1,2,2,"Lost"
15344.0,"2011-12-09 10:45:00",3,563.94,1,2,2,"Lost"
15143.0,"2011-04-28 12:03:00",2,563.63,3,2,2,"Loyal"
15597.0,"2011-11-04 13:26:00",2,563.37,2,2,2,"At risk"
17665.0,"2010-08-03 13:12:00",1,563.10,4,1,2,"At risk"
17195.0,"2010-02-22 13:05:00",1,562.98,4,1,2,"At risk"
17265.0,"2011-07-24 10:49:00",2,562.90,3,2,2,"Loyal"
16111.0,"2010-10-07 19:51:00",1,562.48,4,1,2,"At risk"
12559.0,"2011-02-02 09:49:00",2,561.71,3,2,2,"Loyal"
18127.0,"2011-11-20 14:05:00",4,561.53,1,3,2,"Lost"
17233.0,"2011-11-04 14:06:00",3,560.86,2,2,2,"At risk"
15655.0,"2011-04-10 15:25:00",1,560.67,3,1,2,"At risk"
15917.0,"2011-04-06 10:40:00",5,560.63,3,3,2,"Loyal"
17413.0,"2010-10-31 12:33:00",2,560.14,4,2,2,"Loyal"
15055.0,"2010-08-22 11:06:00",3,560.07,4,2,2,"Loyal"
14273.0,"2011-10-19 13:20:00",4,559.97,2,3,2,"At risk"
16414.0,"2011-11-18 09:42:00",5,559.71,1,3,2,"Lost"
17503.0,"2011-12-07 09:18:00",2,558.96,1,2,2,"Lost"
13260.0,"2011-10-09 13:21:00",1,557.62,2,1,2,"At risk"
17295.0,"2011-11-11 10:49:00",3,556.95,2,2,2,"At risk"
18049.0,"2010-09-28 14:26:00",2,556.52,4,2,2,"Loyal"
16519.0,"2011-11-14 15:41:00",4,556.26,1,3,2,"Lost"
13677.0,"2010-10-31 11:32:00",2,556.19,4,2,2,"Loyal"
13024.0,"2010-08-26 09:42:00",2,555.87,4,2,2,"Loyal"
15102.0,"2010-06-27 12:16:00",2,554.67,4,2,2,"Loyal"
15634.0,"2011-11-22 16:28:00",2,554.65,1,2,2,"Lost"
18056.0,"2011-02-24 14:27:00",2,554.60,3,2,2,"Loyal"
16641.0,"2011-08-26 12:49:00",2,554.50,3,2,2,"Loyal"
15650.0,"2010-07-06 10:41:00",2,553.88,4,2,2,"Loyal"
17407.0,"2010-10-24 11:57:00",1,552.90,4,1,2,"At risk"
16406.0,"2011-11-21 11:57:00",3,552.68,1,2,2,"Lost"
17016.0,"2010-05-12 12:32:00",1,552.40,4,1,2,"At risk"
12363.0,"2011-08-22 10:18:00",2,552.00,3,2,2,"Loyal"
16936.0,"2011-11-14 11:04:00",2,551.17,2,2,2,"At risk"
16707.0,"2010-11-04 14:39:00",4,551.11,4,3,2,"Champion"
18098.0,"2010-11-08 16:31:00",1,550.84,4,1,2,"At risk"
17291.0,"2011-02-04 13:04:00",1,550.80,3,1,2,"At risk"
12390.0,"2011-09-21 09:33:00",1,549.84,2,1,2,"At risk"
15200.0,"2010-08-02 09:38:00",1,549.05,4,1,2,"At risk"
16536.0,"2011-08-21 15:54:00",1,548.97,3,1,2,"At risk"
16031.0,"2011-09-08 13:07:00",2,548.94,2,2,2,"At risk"
15842.0,"2010-11-11 14:08:00",2,548.80,4,2,2,"Loyal"
13948.0,"2010-12-14 10:18:00",4,548.76,3,3,2,"Loyal"
15598.0,"2011-10-17 16:04:00",2,548.02,2,2,2,"At risk"
16811.0,"2011-12-05 11:39:00",2,547.07,1,2,2,"Lost"
17637.0,"2011-11-08 12:51:00",2,547.06,2,2,2,"At risk"
17520.0,"2011-10-17 12:04:00",1,546.81,2,1,2,"At risk"
18212.0,"2011-01-17 16:14:00",2,546.72,3,2,2,"Loyal"
12743.0,"2011-07-28 16:21:00",2,546.43,3,2,2,"Loyal"
15080.0,"2010-10-08 11:52:00",2,546.25,4,2,2,"Loyal"
17248.0,"2011-08-11 13:34:00",2,546.16,3,2,2,"Loyal"
17806.0,"2011-11-28 14:12:00",1,546.04,1,1,2,"Lost"
17580.0,"2011-04-01 12:41:00",5,545.27,3,3,2,"Loyal"
13955.0,"2011-07-08 17:19:00",3,545.17,3,2,2,"Loyal"
15728.0,"2010-11-25 10:39:00",2,544.60,3,2,2,"Loyal"
18207.0,"2010-07-28 14:26:00",1,544.47,4,1,2,"At risk"
16475.0,"2011-09-12 14:37:00",4,544.30,2,3,2,"At risk"
13390.0,"2011-09-26 08:38:00",1,544.08,2,1,2,"At risk"
16927.0,"2011-08-16 11:10:00",3,543.05,3,2,2,"Loyal"
17514.0,"2011-08-03 15:45:00",2,542.83,3,2,2,"Loyal"
13785.0,"2010-10-07 09:25:00",4,542.49,4,3,2,"Champion"
15675.0,"2011-09-19 13:48:00",4,542.04,2,3,2,"At risk"
16230.0,"2011-06-03 10:06:00",2,542.03,3,2,2,"Loyal"
16060.0,"2010-11-04 12:10:00",3,541.95,4,2,2,"Loyal"
16647.0,"2011-06-23 11:47:00",4,541.90,3,3,2,"Loyal"
17447.0,"2011-10-30 14:18:00",2,541.53,2,2,2,"At risk"
17643.0,"2010-12-01 14:38:00",2,541.25,3,2,2,"Loyal"
16576.0,"2010-10-15 13:37:00",2,540.87,4,2,2,"Loyal"
12819.0,"2010-09-07 15:20:00",1,540.52,4,1,2,"At risk"
12958.0,"2010-11-04 16:16:00",2,539.49,4,2,2,"Loyal"
17524.0,"2010-12-13 14:32:00",3,539.14,3,2,2,"Loyal"
13812.0,"2011-10-28 14:27:00",3,539.00,2,2,2,"At risk"
15539.0,"2011-12-02 13:36:00",1,538.46,1,1,2,"Lost"
13961.0,"2010-11-12 14:40:00",1,538.40,4,1,2,"At risk"
14539.0,"2011-11-24 09:50:00",2,537.48,1,2,2,"Lost"
17269.0,"2010-11-19 11:12:00",1,537.46,4,1,2,"At risk"
16804.0,"2011-11-16 16:43:00",3,536.99,1,2,2,"Lost"
18140.0,"2010-08-23 11:58:00",1,536.41,4,1,2,"At risk"
13207.0,"2011-11-24 14:52:00",4,535.86,1,3,2,"Lost"
15890.0,"2010-11-10 12:46:00",5,535.65,4,3,2,"Champion"
16142.0,"2011-04-04 10:16:00",1,535.34,3,1,2,"At risk"
12988.0,"2011-02-20 14:31:00",1,535.32,3,1,2,"At risk"
16935.0,"2010-11-23 09:16:00",3,535.10,4,2,2,"Loyal"
12810.0,"2010-06-23 10:53:00",2,534.99,4,2,2,"Loyal"
13807.0,"2010-12-07 15:48:00",3,534.80,3,2,2,"Loyal"
13385.0,"2011-01-14 09:52:00",1,534.57,3,1,2,"At risk"
17443.0,"2011-05-04 10:47:00",1,534.24,3,1,2,"At risk"
17436.0,"2011-12-08 12:30:00",5,534.06,1,3,2,"Lost"
16785.0,"2010-10-26 10:36:00",1,533.78,4,1,2,"At risk"
13594.0,"2011-10-18 10:19:00",2,533.32,2,2,2,"At risk"
15433.0,"2011-05-10 10:45:00",2,533.30,3,2,2,"Loyal"
15756.0,"2011-10-09 13:30:00",4,532.96,2,3,2,"At risk"
15825.0,"2011-06-20 13:27:00",1,532.94,3,1,2,"At risk"
15659.0,"2011-10-27 09:23:00",3,532.49,2,2,2,"At risk"
16021.0,"2010-11-09 14:48:00",2,532.25,4,2,2,"Loyal"
15115.0,"2011-11-21 14:59:00",2,531.85,1,2,2,"Lost"
14940.0,"2010-10-18 10:47:00",2,531.49,4,2,2,"Loyal"
16583.0,"2010-12-01 12:03:00",2,531.40,3,2,2,"Loyal"
16706.0,"2011-11-02 13:50:00",3,531.35,2,2,2,"At risk"
17765.0,"2011-07-04 12:41:00",4,530.80,3,3,2,"Loyal"
18159.0,"2011-02-11 14:26:00",1,530.15,3,1,2,"At risk"
14002.0,"2011-07-28 15:55:00",2,529.73,3,2,2,"Loyal"
17458.0,"2011-11-24 13:01:00",2,529.58,1,2,2,"Lost"
18191.0,"2011-03-23 12:08:00",2,529.40,3,2,2,"Loyal"
16413.0,"2011-10-14 12:08:00",2,528.98,2,2,2,"At risk"
14616.0,"2011-04-11 09:54:00",5,527.78,3,3,2,"Loyal"
12479.0,"2011-11-28 13:26:00",1,527.20,1,1,2,"Lost"
18011.0,"2010-12-01 17:35:00",2,527.03,3,2,2,"Loyal"
16421.0,"2010-11-28 13:31:00",3,526.27,3,2,2,"Loyal"
15467.0,"2011-11-30 14:17:00",3,524.88,1,2,2,"Lost"
15683.0,"2011-08-14 12:56:00",2,524.54,3,2,2,"Loyal"
15891.0,"2011-04-27 12:35:00",1,524.52,3,1,2,"At risk"
13277.0,"2011-11-24 09:21:00",7,523.30,1,4,2,"Lost"
17712.0,"2011-10-26 12:28:00",1,522.91,2,1,2,"At risk"
13605.0,"2010-11-17 17:16:00",2,522.67,4,2,2,"Loyal"
12956.0,"2011-02-06 16:08:00",4,521.89,3,3,2,"Loyal"
15689.0,"2011-08-12 09:37:00",3,521.03,3,2,2,"Loyal"
14647.0,"2011-05-22 13:40:00",2,519.97,3,2,2,"Loyal"
13977.0,"2010-10-24 14:08:00",1,519.81,4,1,2,"At risk"
12571.0,"2011-10-31 10:19:00",2,519.61,2,2,2,"At risk"
12777.0,"2010-09-08 11:35:00",1,519.45,4,1,2,"At risk"
14807.0,"2010-11-14 12:47:00",2,519.29,4,2,2,"Loyal"
12825.0,"2010-07-06 13:56:00",2,518.63,4,2,2,"Loyal"
13600.0,"2011-01-31 15:27:00",2,518.42,3,2,2,"Loyal"
13553.0,"2010-02-03 12:21:00",1,517.80,4,1,2,"At risk"
17266.0,"2011-12-07 14:12:00",5,517.73,1,3,2,"Lost"
12979.0,"2009-12-10 15:45:00",1,517.70,4,1,2,"At risk"
12977.0,"2011-07-06 16:40:00",4,517.63,3,3,2,"Loyal"
18205.0,"2011-11-03 13:22:00",2,517.36,2,2,2,"At risk"
14311.0,"2011-04-11 10:14:00",2,516.45,3,2,2,"Loyal"
13043.0,"2011-03-11 14:52:00",1,516.42,3,1,2,"At risk"
14429.0,"2010-11-01 10:08:00",1,516.28,4,1,2,"At risk"
13859.0,"2011-01-17 16:14:00",2,515.86,3,2,2,"Loyal"
18243.0,"2010-10-21 14:29:00",1,515.78,4,1,2,"At risk"
14949.0,"2010-08-27 15:38:00",4,515.00,4,3,2,"Champion"
13642.0,"2011-05-08 12:34:00",4,514.72,3,3,2,"Loyal"
17510.0,"2011-11-15 10:00:00",2,514.56,1,2,2,"Lost"
12897.0,"2011-05-19 12:13:00",4,514.25,3,3,2,"Loyal"
14722.0,"2011-07-15 14:58:00",3,513.37,3,2,2,"Loyal"
16829.0,"2011-07-06 10:48:00",2,513.32,3,2,2,"Loyal"
13177.0,"2011-10-06 09:56:00",2,512.20,2,2,2,"At risk"
16402.0,"2011-03-20 12:25:00",2,511.40,3,2,2,"Loyal"
14552.0,"2011-07-11 12:49:00",3,511.28,3,2,2,"Loyal"
12361.0,"2011-02-25 13:51:00",4,511.25,3,3,2,"Loyal"
16561.0,"2011-12-04 11:50:00",2,511.12,1,2,2,"Lost"
17110.0,"2011-06-27 12:58:00",3,510.70,3,2,2,"Loyal"
13367.0,"2010-10-04 10:00:00",1,510.20,4,1,2,"At risk"
12904.0,"2011-11-21 14:34:00",2,509.58,1,2,2,"Lost"
13710.0,"2011-11-08 08:16:00",3,509.52,2,2,2,"At risk"
14008.0,"2010-10-03 13:09:00",1,509.04,4,1,2,"At risk"
12436.0,"2011-09-01 12:09:00",1,509.01,3,1,2,"At risk"
12907.0,"2010-11-09 12:08:00",2,508.91,4,2,2,"Loyal"
15417.0,"2011-09-15 15:26:00",1,508.80,2,1,2,"At risk"
17391.0,"2011-06-29 09:58:00",2,508.80,3,2,2,"Loyal"
14317.0,"2011-10-06 10:44:00",1,508.58,2,1,2,"At risk"
13067.0,"2011-09-18 13:38:00",3,508.51,2,2,2,"At risk"
17276.0,"2010-11-02 16:20:00",1,508.39,4,1,2,"At risk"
17335.0,"2010-11-21 10:17:00",2,508.00,4,2,2,"Loyal"
17415.0,"2011-09-21 12:50:00",1,507.84,2,1,2,"At risk"
14158.0,"2011-10-30 15:08:00",1,507.66,2,1,2,"At risk"
17384.0,"2011-11-20 15:48:00",3,507.55,1,2,2,"Lost"
15721.0,"2011-11-28 12:14:00",1,507.08,1,1,2,"Lost"
13885.0,"2011-06-03 15:07:00",2,506.80,3,2,2,"Loyal"
13123.0,"2010-08-24 10:18:00",2,506.75,4,2,2,"Loyal"
14968.0,"2011-11-09 13:58:00",2,504.99,2,2,2,"At risk"
18203.0,"2011-07-05 13:07:00",4,504.42,3,3,2,"Loyal"
17630.0,"2011-06-23 11:58:00",2,503.60,3,2,2,"Loyal"
14954.0,"2011-11-27 14:30:00",2,503.44,1,2,2,"Lost"
12376.0,"2010-11-15 12:15:00",2,503.15,4,2,2,"Loyal"
12419.0,"2010-11-19 10:04:00",2,503.01,4,2,2,"Loyal"
15138.0,"2010-11-11 09:16:00",1,502.52,4,1,2,"At risk"
13865.0,"2011-10-12 13:31:00",4,501.56,2,3,2,"At risk"
15881.0,"2011-01-31 16:59:00",5,501.39,3,3,2,"Loyal"
13116.0,"2011-07-24 14:33:00",1,501.14,3,1,2,"At risk"
13247.0,"2011-11-22 10:59:00",4,501.12,1,3,2,"Lost"
16616.0,"2011-11-24 16:31:00",2,500.42,1,2,2,"Lost"
12366.0,"2010-03-16 10:28:00",1,500.24,4,1,2,"At risk"
13428.0,"2011-11-29 14:20:00",3,499.98,1,2,2,"Lost"
15193.0,"2011-10-10 08:23:00",1,499.32,2,1,2,"At risk"
17256.0,"2011-08-24 13:30:00",5,498.93,3,3,2,"Loyal"
16488.0,"2011-11-06 13:42:00",3,498.80,2,2,2,"At risk"
14171.0,"2011-09-02 16:43:00",2,498.79,3,2,2,"Loyal"
17608.0,"2011-11-06 13:06:00",4,498.53,2,3,2,"At risk"
17053.0,"2011-08-01 10:23:00",1,498.48,3,1,2,"At risk"
16820.0,"2011-09-05 12:06:00",1,497.61,2,1,2,"At risk"
17680.0,"2011-11-16 12:42:00",3,497.45,1,2,2,"Lost"
17923.0,"2011-03-02 15:15:00",3,497.00,3,2,2,"Loyal"
12943.0,"2010-05-30 13:52:00",2,496.50,4,2,2,"Loyal"
15300.0,"2011-10-06 17:08:00",1,496.44,2,1,2,"At risk"
15278.0,"2010-05-27 10:03:00",4,496.16,4,3,2,"Champion"
16977.0,"2010-11-09 13:17:00",4,496.00,4,3,2,"Champion"
16799.0,"2010-10-03 14:28:00",2,495.98,4,2,2,"Loyal"
17995.0,"2011-03-03 12:30:00",3,495.48,3,2,2,"Loyal"
14319.0,"2010-10-11 13:38:00",1,494.85,4,1,2,"At risk"
16352.0,"2011-11-22 10:32:00",2,494.44,1,2,2,"Lost"
17823.0,"2010-10-14 16:24:00",2,494.25,4,2,2,"Loyal"
17333.0,"2011-09-15 10:11:00",1,494.25,2,1,2,"At risk"
15877.0,"2011-12-08 11:53:00",2,493.28,1,2,2,"Lost"
15958.0,"2011-09-26 13:41:00",4,492.99,2,3,2,"At risk"
15447.0,"2011-01-13 11:26:00",5,492.88,3,3,2,"Loyal"
13176.0,"2011-10-24 15:43:00",1,492.84,2,1,2,"At risk"
14270.0,"2011-01-12 09:33:00",1,492.65,3,1,2,"At risk"
15507.0,"2011-06-21 11:19:00",1,492.36,3,1,2,"At risk"
14310.0,"2010-10-03 12:34:00",1,492.10,4,1,2,"At risk"
13732.0,"2011-11-11 15:49:00",1,491.86,2,1,2,"At risk"
17106.0,"2010-11-15 14:11:00",1,491.23,4,1,2,"At risk"
14663.0,"2010-10-05 13:21:00",2,490.60,4,2,2,"Loyal"
15000.0,"2011-10-23 11:42:00",1,490.52,2,1,2,"At risk"
14416.0,"2011-11-17 15:22:00",2,490.22,1,2,2,"Lost"
12983.0,"2010-04-20 12:58:00",1,490.08,4,1,2,"At risk"
12634.0,"2010-06-22 10:05:00",2,490.00,4,2,2,"Loyal"
17476.0,"2010-11-09 10:21:00",2,489.86,4,2,2,"Loyal"
17715.0,"2011-05-23 12:32:00",2,489.60,3,2,2,"Loyal"
17988.0,"2011-11-28 11:00:00",14,489.54,1,4,2,"Lost"
17925.0,"2010-12-02 10:10:00",1,488.16,3,1,2,"At risk"
18280.0,"2011-03-07 09:52:00",2,488.15,3,2,2,"Loyal"
12920.0,"2011-11-22 15:05:00",4,488.09,1,3,2,"Lost"
13412.0,"2010-03-29 16:28:00",1,487.35,4,1,2,"At risk"
13733.0,"2010-10-25 12:18:00",2,487.03,4,2,2,"Loyal"
13675.0,"2011-07-11 12:57:00",2,486.82,3,2,2,"Loyal"
17453.0,"2011-11-22 09:42:00",2,486.72,1,2,2,"Lost"
13153.0,"2011-12-04 12:14:00",1,486.22,1,1,2,"Lost"
15216.0,"2011-09-13 11:41:00",2,486.09,2,2,2,"At risk"
12443.0,"2009-12-07 15:42:00",1,485.31,4,1,2,"At risk"
16999.0,"2011-11-16 13:53:00",2,484.82,1,2,2,"Lost"
16504.0,"2011-11-14 15:18:00",1,484.38,1,1,2,"Lost"
16024.0,"2011-11-27 13:26:00",3,484.20,1,2,2,"Lost"
15048.0,"2011-10-05 14:55:00",4,482.75,2,3,2,"At risk"
16603.0,"2011-09-26 10:06:00",2,482.47,2,2,2,"At risk"
17996.0,"2010-11-25 11:00:00",3,482.33,3,2,2,"Loyal"
12542.0,"2010-08-12 19:12:00",2,481.88,4,2,2,"Loyal"
18216.0,"2011-11-08 16:55:00",1,481.75,2,1,2,"At risk"
15174.0,"2011-01-21 09:06:00",2,481.46,3,2,2,"Loyal"
14052.0,"2011-11-20 12:30:00",2,480.81,1,2,2,"Lost"
13161.0,"2011-01-30 14:03:00",2,478.88,3,2,2,"Loyal"
15589.0,"2011-03-29 09:54:00",3,478.53,3,2,2,"Loyal"
17111.0,"2011-10-23 15:59:00",2,476.58,2,2,2,"At risk"
12447.0,"2011-04-10 13:25:00",1,476.49,3,1,2,"At risk"
18176.0,"2010-12-16 15:45:00",1,476.35,3,1,2,"At risk"
15277.0,"2011-10-24 10:08:00",2,476.34,2,2,2,"At risk"
15780.0,"2011-06-09 12:01:00",3,475.28,3,2,2,"Loyal"
16552.0,"2011-04-11 10:04:00",2,475.02,3,2,2,"Loyal"
14599.0,"2010-11-14 14:49:00",2,474.54,4,2,2,"Loyal"
14322.0,"2010-10-06 15:17:00",4,474.10,4,3,2,"Champion"
17104.0,"2010-10-12 12:21:00",1,474.03,4,1,2,"At risk"
15349.0,"2011-07-04 16:06:00",2,473.81,3,2,2,"Loyal"
15557.0,"2011-11-11 12:46:00",1,473.65,2,1,2,"At risk"
16635.0,"2010-10-29 09:41:00",1,473.00,4,1,2,"At risk"
13194.0,"2011-07-27 09:01:00",2,472.78,3,2,2,"Loyal"
14975.0,"2011-10-13 14:08:00",2,472.39,2,2,2,"At risk"
16038.0,"2011-12-02 12:40:00",3,471.78,1,2,2,"Lost"
16473.0,"2011-06-28 09:10:00",4,470.83,3,3,2,"Loyal"
13066.0,"2011-11-15 12:57:00",2,470.80,1,2,2,"Lost"
15963.0,"2011-11-20 11:33:00",2,470.76,1,2,2,"Lost"
18083.0,"2010-11-07 11:44:00",1,470.73,4,1,2,"At risk"
17254.0,"2011-12-05 12:46:00",3,470.73,1,2,2,"Lost"
14819.0,"2011-10-06 13:41:00",4,470.16,2,3,2,"At risk"
14058.0,"2010-09-03 09:31:00",2,469.19,4,2,2,"Loyal"
14369.0,"2010-03-07 15:47:00",2,469.13,4,2,2,"Loyal"
15387.0,"2010-08-04 16:05:00",1,468.65,4,1,2,"At risk"
12554.0,"2010-09-17 12:29:00",1,468.50,4,1,2,"At risk"
13171.0,"2011-11-18 10:27:00",3,468.41,1,2,2,"Lost"
14335.0,"2011-11-23 13:41:00",2,468.26,1,2,2,"Lost"
14491.0,"2011-06-17 15:22:00",2,468.13,3,2,2,"Loyal"
17344.0,"2011-10-24 12:56:00",2,468.11,2,2,2,"At risk"
14727.0,"2011-03-10 14:45:00",3,467.93,3,2,2,"Loyal"
17294.0,"2010-02-08 16:12:00",2,467.79,4,2,2,"Loyal"
17187.0,"2011-04-27 12:39:00",2,467.71,3,2,2,"Loyal"
14029.0,"2011-10-07 14:46:00",2,467.66,2,2,2,"At risk"
16390.0,"2010-06-21 10:11:00",3,467.50,4,2,2,"Loyal"
14148.0,"2011-04-20 12:02:00",2,466.29,3,2,2,"Loyal"
13248.0,"2011-08-07 12:40:00",2,465.68,3,2,2,"Loyal"
15036.0,"2011-09-28 15:42:00",3,465.55,2,2,2,"At risk"
13698.0,"2010-04-22 11:52:00",2,465.53,4,2,2,"Loyal"
17181.0,"2011-10-13 14:48:00",3,465.37,2,2,2,"At risk"
17140.0,"2011-04-06 13:33:00",1,465.32,3,1,2,"At risk"
13928.0,"2011-11-29 10:33:00",4,464.57,1,3,2,"Lost"
17040.0,"2011-07-25 10:19:00",2,463.25,3,2,2,"Loyal"
14627.0,"2010-11-25 16:32:00",1,462.75,3,1,2,"At risk"
14331.0,"2011-08-07 13:17:00",2,462.66,3,2,2,"Loyal"
18031.0,"2010-11-26 11:00:00",1,462.10,3,1,2,"At risk"
13624.0,"2010-11-16 13:43:00",1,462.08,4,1,2,"At risk"
18284.0,"2010-10-04 11:33:00",1,461.68,4,1,2,"At risk"
14575.0,"2010-08-08 14:51:00",1,460.71,4,1,2,"At risk"
15540.0,"2011-11-28 13:51:00",2,460.68,1,2,2,"Lost"
12491.0,"2011-11-01 12:18:00",1,460.40,2,1,2,"At risk"
16310.0,"2010-10-21 14:47:00",2,460.08,4,2,2,"Loyal"
14118.0,"2010-10-07 11:59:00",1,458.45,4,1,2,"At risk"
13957.0,"2010-10-18 10:02:00",3,458.25,4,2,2,"Loyal"
14011.0,"2010-08-16 15:31:00",2,457.82,4,2,2,"Loyal"
15121.0,"2011-10-20 14:51:00",2,457.72,2,2,2,"At risk"
16069.0,"2010-10-18 10:32:00",1,457.70,4,1,2,"At risk"
12375.0,"2011-11-29 10:36:00",2,457.50,1,2,2,"Lost"
12564.0,"2011-03-23 14:55:00",1,456.90,3,1,2,"At risk"
16039.0,"2010-10-12 10:44:00",2,456.40,4,2,2,"Loyal"
14296.0,"2010-10-14 14:14:00",2,456.40,4,2,2,"Loyal"
12999.0,"2011-05-27 13:24:00",3,455.88,3,2,2,"Loyal"
15585.0,"2011-06-16 08:38:00",1,455.30,3,1,2,"At risk"
16765.0,"2011-02-18 15:41:00",2,454.75,3,2,2,"Loyal"
17067.0,"2009-12-15 08:39:00",3,454.54,4,2,2,"Loyal"
12459.0,"2010-04-13 14:53:00",1,454.36,4,1,2,"At risk"
15475.0,"2011-09-23 15:20:00",1,454.11,2,1,2,"At risk"
17564.0,"2011-11-15 13:27:00",3,454.01,1,2,2,"Lost"
17376.0,"2011-09-30 12:36:00",4,453.64,2,3,2,"At risk"
18158.0,"2011-11-30 16:19:00",2,453.40,1,2,2,"Lost"
16481.0,"2010-01-26 13:09:00",1,453.38,4,1,2,"At risk"
12729.0,"2011-08-18 11:40:00",1,453.01,3,1,2,"At risk"
14184.0,"2011-10-04 12:43:00",1,452.89,2,1,2,"At risk"
15418.0,"2010-10-10 13:38:00",2,452.32,4,2,2,"Loyal"
18100.0,"2010-06-07 14:19:00",1,451.56,4,1,2,"At risk"
15802.0,"2011-07-20 11:38:00",1,451.42,3,1,2,"At risk"
15961.0,"2010-11-25 15:59:00",1,451.29,3,1,2,"At risk"
12831.0,"2011-03-22 13:02:00",3,451.11,3,2,2,"Loyal"
15124.0,"2011-11-17 10:09:00",4,450.82,1,3,2,"Lost"
16870.0,"2010-08-27 13:53:00",1,450.16,4,1,2,"At risk"
13150.0,"2010-08-12 12:59:00",3,449.97,4,2,2,"Loyal"
14784.0,"2011-11-13 13:30:00",3,449.93,2,2,2,"At risk"
13877.0,"2011-09-14 15:49:00",3,449.68,2,2,2,"At risk"
13489.0,"2011-08-26 13:16:00",4,449.52,3,3,2,"Loyal"
15126.0,"2010-06-21 12:31:00",2,449.49,4,2,2,"Loyal"
12448.0,"2011-10-26 13:46:00",1,449.45,2,1,2,"At risk"
15739.0,"2011-10-04 13:42:00",1,449.12,2,1,2,"At risk"
16939.0,"2010-08-08 12:24:00",3,449.00,4,2,2,"Loyal"
14761.0,"2011-10-12 12:10:00",3,447.92,2,2,2,"At risk"
14780.0,"2011-10-16 12:46:00",2,447.68,2,2,2,"At risk"
18201.0,"2009-12-17 08:55:00",1,447.53,4,1,2,"At risk"
16095.0,"2010-09-09 16:54:00",1,447.05,4,1,2,"At risk"
13754.0,"2011-07-11 11:51:00",3,447.05,3,2,2,"Loyal"
16921.0,"2011-10-09 16:22:00",3,446.67,2,2,2,"At risk"
14149.0,"2011-05-03 09:44:00",1,446.62,3,1,2,"At risk"
17370.0,"2011-09-28 10:14:00",4,446.18,2,3,2,"At risk"
17070.0,"2011-08-17 17:01:00",2,445.32,3,2,2,"Loyal"
14010.0,"2010-05-23 13:00:00",2,445.15,4,2,2,"Loyal"
14328.0,"2010-09-27 16:01:00",1,445.05,4,1,2,"At risk"
18134.0,"2010-04-20 14:02:00",2,445.00,4,2,2,"Loyal"
12788.0,"2010-09-02 14:21:00",4,444.90,4,3,2,"Champion"
18270.0,"2011-11-01 13:57:00",3,444.55,2,2,2,"At risk"
14638.0,"2011-10-20 10:10:00",1,443.60,2,1,2,"At risk"
16424.0,"2011-06-01 13:40:00",2,443.06,3,2,2,"Loyal"
16404.0,"2011-09-30 14:55:00",1,443.05,2,1,2,"At risk"
18222.0,"2011-09-08 10:45:00",1,443.00,2,1,2,"At risk"
14093.0,"2011-11-27 16:27:00",1,442.85,1,1,2,"Lost"
14996.0,"2010-08-15 13:44:00",2,442.29,4,2,2,"Loyal"
17699.0,"2010-08-20 09:39:00",2,442.00,4,2,2,"Loyal"
13738.0,"2010-11-08 15:23:00",1,440.93,4,1,2,"At risk"
16932.0,"2011-10-17 14:12:00",3,440.71,2,2,2,"At risk"
12579.0,"2011-09-22 17:15:00",1,440.42,2,1,2,"At risk"
18233.0,"2011-01-18 08:44:00",1,440.00,3,1,2,"At risk"
13954.0,"2011-12-08 12:50:00",2,439.92,1,2,2,"Lost"
16025.0,"2011-11-10 11:45:00",1,439.66,2,1,2,"At risk"
14979.0,"2009-12-04 12:54:00",1,439.46,4,1,2,"At risk"
16968.0,"2011-12-05 15:02:00",2,439.43,1,2,2,"Lost"
13086.0,"2010-11-22 10:28:00",1,439.33,4,1,2,"At risk"
17718.0,"2011-04-21 13:39:00",2,439.18,3,2,2,"Loyal"
13432.0,"2010-05-17 13:18:00",2,439.10,4,2,2,"Loyal"
13358.0,"2011-03-16 11:52:00",1,439.03,3,1,2,"At risk"
13964.0,"2010-11-17 13:53:00",2,438.90,4,2,2,"Loyal"
17729.0,"2010-04-22 15:03:00",1,438.65,4,1,2,"At risk"
15859.0,"2010-10-03 12:52:00",1,438.46,4,1,2,"At risk"
17807.0,"2010-11-09 16:21:00",3,437.87,4,2,2,"Loyal"
12552.0,"2011-11-01 10:02:00",2,437.82,2,2,2,"At risk"
14846.0,"2010-10-08 17:07:00",1,437.40,4,1,2,"At risk"
15553.0,"2011-10-10 14:02:00",1,437.23,2,1,2,"At risk"
16888.0,"2010-11-04 12:39:00",3,437.15,4,2,2,"Loyal"
12672.0,"2011-01-14 09:20:00",2,437.05,3,2,2,"Loyal"
14877.0,"2010-10-17 13:09:00",2,437.00,4,2,2,"Loyal"
17178.0,"2009-12-08 16:20:00",1,436.71,4,1,2,"At risk"
16084.0,"2011-02-13 16:05:00",1,436.18,3,1,2,"At risk"
14123.0,"2009-12-06 15:35:00",1,436.18,4,1,2,"At risk"
16166.0,"2010-10-07 15:44:00",2,435.83,4,2,2,"Loyal"
18110.0,"2011-11-20 12:34:00",2,435.43,1,2,2,"Lost"
12445.0,"2011-11-17 18:43:00",2,434.98,1,2,2,"Lost"
15323.0,"2010-05-26 10:01:00",3,434.60,4,2,2,"Loyal"
14910.0,"2011-12-07 10:06:00",4,434.35,1,3,2,"Lost"
14238.0,"2011-01-17 14:40:00",3,434.23,3,2,2,"Loyal"
14581.0,"2011-11-23 12:39:00",2,433.80,1,2,2,"Lost"
18029.0,"2010-03-07 15:30:00",1,433.77,4,1,2,"At risk"
12493.0,"2011-06-27 10:17:00",2,433.74,3,2,2,"Loyal"
15613.0,"2010-04-08 12:51:00",1,433.72,4,1,2,"At risk"
16522.0,"2010-09-30 10:54:00",2,433.36,4,2,2,"Loyal"
17687.0,"2010-10-15 12:30:00",1,432.68,4,1,2,"At risk"
16604.0,"2010-05-26 09:10:00",2,432.45,4,2,2,"Loyal"
16236.0,"2011-09-22 14:10:00",1,432.20,2,1,2,"At risk"
16881.0,"2011-10-04 10:33:00",1,432.00,2,1,2,"At risk"
14042.0,"2009-12-14 15:07:00",1,431.98,4,1,2,"At risk"
15488.0,"2011-09-08 10:11:00",5,431.92,2,3,2,"At risk"
17842.0,"2010-04-16 14:23:00",1,430.69,4,1,2,"At risk"
12452.0,"2011-11-23 10:28:00",2,430.57,1,2,2,"Lost"
12795.0,"2011-11-21 10:27:00",1,430.48,1,1,2,"Lost"
12827.0,"2011-12-04 12:17:00",3,430.15,1,2,2,"Lost"
15450.0,"2011-11-09 17:11:00",1,429.84,2,1,2,"At risk"
15461.0,"2010-09-05 12:31:00",2,429.70,4,2,2,"Loyal"
15230.0,"2011-04-14 14:39:00",2,429.60,3,2,2,"Loyal"
13413.0,"2010-03-10 12:17:00",6,429.44,4,3,2,"Champion"
15915.0,"2010-11-03 11:13:00",1,429.21,4,1,2,"At risk"
15888.0,"2011-09-20 12:30:00",3,429.16,2,2,2,"At risk"
16324.0,"2011-08-03 12:58:00",3,428.68,3,3,2,"Loyal"
18089.0,"2010-09-19 11:57:00",1,428.45,4,1,2,"At risk"
17285.0,"2010-03-21 13:38:00",2,428.34,4,2,2,"Loyal"
15545.0,"2011-10-16 13:24:00",2,428.05,2,2,2,"At risk"
15360.0,"2011-10-31 09:35:00",1,427.93,2,1,2,"At risk"
12740.0,"2011-10-07 10:44:00",1,427.60,2,1,2,"At risk"
18285.0,"2010-02-17 10:24:00",1,427.00,4,1,2,"At risk"
17740.0,"2010-11-15 16:33:00",6,426.90,4,3,2,"Champion"
18152.0,"2010-03-03 15:26:00",1,426.69,4,1,2,"At risk"
15930.0,"2011-10-03 14:52:00",1,426.63,2,1,2,"At risk"
14288.0,"2011-05-10 13:22:00",1,426.60,3,1,2,"At risk"
15966.0,"2010-09-15 10:44:00",1,426.53,4,1,2,"At risk"
15217.0,"2010-05-25 13:51:00",1,426.24,4,1,2,"At risk"
13703.0,"2011-01-25 13:10:00",2,425.56,3,2,2,"Loyal"
17103.0,"2009-12-17 14:08:00",1,424.30,4,1,2,"At risk"
16541.0,"2009-12-04 13:22:00",1,424.03,4,1,2,"At risk"
16913.0,"2011-02-22 12:56:00",3,423.91,3,3,2,"Loyal"
15504.0,"2011-09-19 13:45:00",4,423.85,2,3,2,"At risk"
17330.0,"2011-11-17 08:56:00",4,423.80,1,3,2,"Lost"
14097.0,"2010-08-15 14:20:00",2,422.86,4,2,2,"Loyal"
13374.0,"2010-10-21 10:04:00",2,422.80,4,2,2,"Loyal"
16137.0,"2010-01-28 15:04:00",1,422.70,4,1,2,"At risk"
16689.0,"2011-09-25 11:39:00",2,422.60,2,2,2,"At risk"
18240.0,"2011-10-24 13:06:00",1,422.58,2,1,2,"At risk"
16149.0,"2011-12-05 11:29:00",3,422.22,1,3,2,"Lost"
17232.0,"2011-12-07 12:21:00",2,421.52,1,2,2,"Lost"
17601.0,"2011-04-14 18:02:00",2,421.48,3,2,2,"Loyal"
13574.0,"2010-10-24 13:28:00",1,421.25,4,1,2,"At risk"
16773.0,"2011-10-13 14:37:00",3,421.24,2,3,2,"At risk"
14757.0,"2011-09-25 14:36:00",1,420.50,2,1,2,"At risk"
15206.0,"2011-11-29 13:41:00",4,420.30,1,3,2,"Lost"
15894.0,"2011-03-31 13:50:00",2,420.29,3,2,2,"Loyal"
15711.0,"2010-06-01 12:14:00",2,420.25,4,2,2,"Loyal"
18128.0,"2010-06-20 13:19:00",1,420.04,4,1,2,"At risk"
13672.0,"2011-02-11 13:53:00",3,419.92,3,3,2,"Loyal"
13442.0,"2010-02-10 14:03:00",3,419.87,4,3,2,"Champion"
13096.0,"2010-11-10 14:08:00",1,419.70,4,1,2,"At risk"
14124.0,"2011-09-16 13:32:00",1,419.58,2,1,2,"At risk"
13079.0,"2011-12-05 16:53:00",6,419.18,1,3,2,"Lost"
15262.0,"2011-01-20 12:16:00",3,418.82,3,2,2,"Loyal"
12593.0,"2011-08-23 12:43:00",3,418.10,3,2,2,"Loyal"
13073.0,"2010-10-24 14:06:00",2,418.08,4,2,2,"Loyal"
15968.0,"2010-11-16 13:04:00",1,418.05,4,1,2,"At risk"
17701.0,"2011-04-01 12:25:00",1,417.95,3,1,2,"At risk"
17855.0,"2010-12-02 09:44:00",1,417.94,3,1,2,"At risk"
16629.0,"2011-09-27 10:34:00",2,417.73,2,2,2,"At risk"
16832.0,"2011-06-08 15:36:00",5,417.61,3,3,2,"Loyal"
14762.0,"2011-03-21 08:20:00",2,417.57,3,2,2,"Loyal"
12833.0,"2011-07-17 13:46:00",1,417.38,3,1,2,"At risk"
17258.0,"2010-11-08 12:37:00",2,417.30,4,2,2,"Loyal"
16816.0,"2011-08-28 14:16:00",4,417.06,3,3,2,"Loyal"
15935.0,"2011-04-14 13:27:00",2,416.86,3,2,2,"Loyal"
16957.0,"2011-04-14 13:56:00",2,416.64,3,2,2,"Loyal"
15011.0,"2010-11-09 11:10:00",2,416.60,4,2,2,"Loyal"
16355.0,"2010-11-29 14:21:00",1,416.35,3,1,2,"At risk"
16356.0,"2011-05-26 11:51:00",6,415.87,3,3,2,"Loyal"
12930.0,"2011-09-22 15:18:00",2,415.80,2,2,2,"At risk"
12608.0,"2010-10-31 10:49:00",1,415.79,4,1,2,"At risk"
15725.0,"2011-11-24 14:51:00",1,415.25,1,1,2,"Lost"
14333.0,"2011-10-03 10:38:00",1,415.20,2,1,2,"At risk"
16752.0,"2010-12-02 12:18:00",1,415.00,3,1,2,"At risk"
13565.0,"2011-11-20 14:33:00",3,414.80,1,2,2,"Lost"
18278.0,"2011-09-27 11:58:00",2,414.20,2,2,2,"At risk"
13002.0,"2011-01-25 15:18:00",3,414.13,3,3,2,"Loyal"
17052.0,"2011-11-11 14:50:00",1,413.75,2,1,2,"At risk"
13669.0,"2011-10-20 09:32:00",3,413.55,2,3,2,"At risk"
14082.0,"2010-12-10 11:02:00",2,413.36,3,2,2,"Loyal"
17767.0,"2011-11-24 14:42:00",2,413.05,1,2,2,"Lost"
17662.0,"2010-02-16 09:38:00",2,412.92,4,2,2,"Loyal"
14620.0,"2011-05-18 11:58:00",2,412.78,3,2,2,"Loyal"
18050.0,"2010-12-15 14:25:00",2,412.06,3,2,2,"Loyal"
13827.0,"2011-10-13 12:38:00",3,412.05,2,3,2,"At risk"
16272.0,"2011-08-15 10:54:00",1,411.70,3,1,2,"At risk"
16815.0,"2010-09-12 10:59:00",2,410.97,4,2,2,"Loyal"
15960.0,"2010-11-30 15:57:00",4,410.95,3,3,2,"Loyal"
15099.0,"2011-09-16 13:13:00",1,410.48,2,1,2,"At risk"
17598.0,"2010-11-23 17:43:00",1,409.98,4,1,2,"At risk"
14348.0,"2011-03-24 16:23:00",1,409.57,3,1,2,"At risk"
15225.0,"2011-04-19 14:51:00",1,409.40,3,1,2,"At risk"
16864.0,"2010-10-01 16:16:00",2,409.25,4,2,2,"Loyal"
16243.0,"2011-11-06 12:32:00",2,409.10,2,2,2,"At risk"
13686.0,"2011-06-10 09:10:00",3,409.04,3,2,2,"Loyal"
12974.0,"2011-05-26 09:33:00",2,408.95,3,2,2,"Loyal"
15446.0,"2010-11-28 11:59:00",3,406.95,3,2,2,"Loyal"
12353.0,"2011-05-19 17:47:00",2,406.76,3,2,2,"Loyal"
16632.0,"2010-08-11 11:39:00",2,406.40,4,2,2,"Loyal"
17000.0,"2010-11-08 13:35:00",2,406.30,4,2,2,"Loyal"
15280.0,"2011-06-20 17:14:00",3,406.22,3,3,2,"Loyal"
15342.0,"2011-08-02 10:19:00",1,406.09,3,1,2,"At risk"
12741.0,"2010-06-28 14:36:00",2,406.07,4,2,2,"Loyal"
18111.0,"2010-04-29 12:58:00",1,405.85,4,1,2,"At risk"
12922.0,"2011-07-01 15:35:00",1,405.38,3,1,2,"At risk"
13143.0,"2010-05-04 12:22:00",1,405.10,4,1,2,"At risk"
13640.0,"2010-04-07 15:33:00",1,405.00,4,1,2,"At risk"
15941.0,"2010-03-12 14:45:00",1,405.00,4,1,2,"At risk"
17379.0,"2011-11-28 13:56:00",1,404.66,1,1,2,"Lost"
16319.0,"2011-05-06 11:27:00",1,404.40,3,1,2,"At risk"
16484.0,"2011-06-19 12:06:00",2,404.30,3,2,2,"Loyal"
12498.0,"2011-11-18 12:53:00",3,403.70,1,3,2,"Lost"
14678.0,"2010-05-09 14:32:00",1,403.39,4,1,2,"At risk"
17785.0,"2011-10-17 13:43:00",3,403.38,2,3,2,"At risk"
17431.0,"2011-01-30 14:36:00",1,403.30,3,1,2,"At risk"
13530.0,"2010-03-15 14:10:00",1,402.98,4,1,2,"At risk"
14172.0,"2010-04-13 13:26:00",3,402.72,4,2,2,"Loyal"
16315.0,"2011-01-13 11:57:00",2,402.71,3,2,2,"Loyal"
15037.0,"2010-11-28 13:05:00",2,402.51,3,2,2,"Loyal"
15501.0,"2010-10-31 11:15:00",2,402.50,4,2,2,"Loyal"
17094.0,"2011-01-21 13:09:00",2,402.20,3,2,2,"Loyal"
16998.0,"2011-07-13 09:44:00",5,402.00,3,3,2,"Loyal"
16893.0,"2010-12-08 12:06:00",2,401.77,3,2,2,"Loyal"
18048.0,"2011-05-20 14:58:00",3,401.73,3,2,2,"Loyal"
14494.0,"2011-11-14 09:21:00",3,401.46,2,2,2,"At risk"
14736.0,"2010-08-11 15:21:00",2,401.08,4,2,2,"Loyal"
14471.0,"2010-04-27 17:12:00",2,400.95,4,2,2,"Loyal"
17403.0,"2011-11-03 15:18:00",2,400.57,2,2,2,"At risk"
17168.0,"2010-07-29 12:33:00",1,400.20,4,1,2,"At risk"
14358.0,"2010-11-15 15:51:00",2,400.06,4,2,2,"Loyal"
18164.0,"2011-11-02 12:56:00",1,399.65,2,1,2,"At risk"
16538.0,"2010-06-16 16:59:00",3,399.62,4,2,2,"Loyal"
13252.0,"2010-11-10 16:00:00",2,399.30,4,2,2,"Loyal"
15522.0,"2011-11-07 11:26:00",2,398.84,2,2,2,"At risk"
17830.0,"2011-12-08 12:28:00",3,398.70,1,2,2,"Lost"
12508.0,"2011-11-13 15:37:00",2,398.27,2,2,2,"At risk"
15577.0,"2011-07-11 17:03:00",5,397.98,3,3,2,"Loyal"
13352.0,"2011-10-10 13:55:00",1,397.98,2,1,2,"At risk"
15429.0,"2011-11-13 12:28:00",2,397.35,2,2,2,"At risk"
17789.0,"2011-03-03 13:14:00",2,397.15,3,2,2,"Loyal"
12824.0,"2011-10-11 12:49:00",1,397.12,2,1,2,"At risk"
13673.0,"2011-11-21 12:11:00",2,396.92,1,2,2,"Lost"
17486.0,"2011-03-23 14:00:00",1,396.87,3,1,2,"At risk"
13597.0,"2010-11-04 14:54:00",2,396.71,4,2,2,"Loyal"
15883.0,"2011-12-07 17:05:00",2,396.48,1,2,2,"Lost"
17918.0,"2010-07-27 11:51:00",3,396.39,4,2,2,"Loyal"
18067.0,"2011-10-30 15:58:00",1,396.33,2,1,2,"At risk"
13879.0,"2010-03-04 10:49:00",1,395.50,4,1,2,"At risk"
17286.0,"2011-11-18 12:47:00",3,395.48,1,2,2,"Lost"
13083.0,"2011-12-05 15:01:00",3,395.43,1,2,2,"Lost"
17617.0,"2010-05-30 12:48:00",1,395.33,4,1,2,"At risk"
12677.0,"2010-06-02 14:30:00",2,395.10,4,2,2,"Loyal"
16207.0,"2011-11-14 13:51:00",1,394.38,1,1,2,"Lost"
15386.0,"2011-06-06 13:47:00",1,394.14,3,1,2,"At risk"
12499.0,"2010-05-28 15:12:00",1,393.72,4,1,2,"At risk"
17300.0,"2010-11-14 10:56:00",2,393.64,4,2,2,"Loyal"
15345.0,"2011-10-25 11:28:00",1,393.54,2,1,2,"At risk"
15437.0,"2011-03-22 13:11:00",2,393.45,3,2,2,"Loyal"
16868.0,"2010-11-10 13:17:00",3,393.39,4,2,2,"Loyal"
13584.0,"2011-02-06 12:49:00",3,392.45,3,2,2,"Loyal"
17563.0,"2010-05-10 14:54:00",2,392.38,4,2,2,"Loyal"
16827.0,"2010-11-11 14:04:00",5,392.13,4,3,2,"Champion"
16783.0,"2010-09-29 11:53:00",1,391.95,4,1,2,"At risk"
13966.0,"2010-09-30 13:08:00",1,390.86,4,1,2,"At risk"
14072.0,"2010-02-11 12:31:00",1,390.85,4,1,2,"At risk"
14706.0,"2010-03-31 11:09:00",1,390.69,4,1,2,"At risk"
17753.0,"2010-09-01 15:49:00",4,390.56,4,3,2,"Champion"
17614.0,"2011-10-13 16:01:00",1,390.07,2,1,2,"At risk"
14197.0,"2010-10-25 10:01:00",1,390.05,4,1,2,"At risk"
17936.0,"2011-12-04 13:32:00",1,389.84,1,1,2,"Lost"
18024.0,"2011-07-10 12:40:00",2,389.78,3,2,2,"Loyal"
17116.0,"2010-03-01 16:29:00",1,389.78,4,1,2,"At risk"
14752.0,"2011-10-27 11:55:00",1,389.64,2,1,2,"At risk"
13345.0,"2011-02-25 09:01:00",1,389.50,3,1,2,"At risk"
17479.0,"2010-03-17 09:26:00",1,389.26,4,1,2,"At risk"
12690.0,"2011-05-18 09:09:00",1,389.01,3,1,2,"At risk"
17595.0,"2011-11-27 16:08:00",2,388.79,1,2,2,"Lost"
18227.0,"2011-05-06 12:23:00",2,388.75,3,2,2,"Loyal"
15592.0,"2011-10-24 08:59:00",1,388.58,2,1,2,"At risk"
13896.0,"2010-03-24 08:55:00",1,388.55,4,1,2,"At risk"
13899.0,"2011-11-23 13:40:00",2,388.52,1,2,2,"Lost"
17357.0,"2011-11-15 16:30:00",2,388.14,1,2,2,"Lost"
17771.0,"2011-10-14 11:43:00",4,387.41,2,3,2,"At risk"
16148.0,"2011-02-16 14:01:00",2,386.62,3,2,2,"Loyal"
14779.0,"2011-03-04 12:42:00",3,386.15,3,3,2,"Loyal"
16492.0,"2010-06-17 08:20:00",1,385.56,4,1,2,"At risk"
12973.0,"2010-10-22 10:14:00",1,385.55,4,1,2,"At risk"
12889.0,"2010-11-23 16:08:00",4,385.46,4,3,2,"Champion"
12829.0,"2011-01-07 11:13:00",3,385.30,3,3,2,"Loyal"
17804.0,"2010-11-28 14:01:00",3,385.23,3,3,2,"Loyal"
14826.0,"2010-05-07 09:00:00",2,385.20,4,2,2,"Loyal"
17711.0,"2011-11-29 11:40:00",2,385.10,1,2,2,"Lost"
17772.0,"2011-11-29 11:05:00",3,384.77,1,3,2,"Lost"
17171.0,"2011-02-23 16:37:00",2,384.59,3,2,2,"Loyal"
17250.0,"2011-12-06 12:15:00",2,384.52,1,2,2,"Lost"
16433.0,"2011-11-11 14:09:00",2,384.52,2,2,2,"At risk"
17012.0,"2009-12-14 17:34:00",1,384.16,4,1,2,"At risk"
16982.0,"2011-10-10 12:28:00",1,384.06,2,1,2,"At risk"
14598.0,"2011-10-26 13:19:00",2,384.04,2,2,2,"At risk"
15155.0,"2010-11-21 12:59:00",1,383.97,4,1,2,"At risk"
13792.0,"2011-10-04 14:31:00",3,383.95,2,3,2,"At risk"
12515.0,"2010-12-21 15:43:00",1,383.70,3,1,2,"At risk"
15440.0,"2011-10-16 12:16:00",3,383.68,2,3,2,"At risk"
12547.0,"2011-05-26 12:38:00",3,383.58,3,3,2,"Loyal"
12832.0,"2011-11-07 13:30:00",2,383.03,2,2,2,"At risk"
13817.0,"2011-11-10 17:49:00",2,382.98,2,2,2,"At risk"
14767.0,"2010-08-22 14:54:00",1,382.81,4,2,2,"Loyal"
17568.0,"2010-03-16 16:45:00",1,382.79,4,2,2,"Loyal"
16988.0,"2011-12-04 16:02:00",2,382.67,1,2,2,"Lost"
13997.0,"2010-07-08 18:06:00",3,382.31,4,3,2,"Champion"
13657.0,"2011-11-29 12:32:00",2,382.14,1,2,2,"Lost"
14908.0,"2011-09-26 12:56:00",2,381.90,2,2,2,"At risk"
16304.0,"2010-01-14 08:30:00",1,381.66,4,2,2,"Loyal"
15090.0,"2011-02-04 14:03:00",1,381.32,3,2,2,"Loyal"
17393.0,"2010-10-25 11:10:00",2,381.15,4,2,2,"Loyal"
17903.0,"2010-11-10 15:39:00",1,381.09,4,2,2,"Loyal"
12796.0,"2010-03-21 15:49:00",1,381.00,4,2,2,"Loyal"
17573.0,"2011-11-10 13:01:00",3,380.60,2,3,2,"At risk"
16930.0,"2011-11-13 16:13:00",3,380.55,2,3,2,"At risk"
14731.0,"2011-10-23 15:54:00",3,380.02,2,3,2,"At risk"
16577.0,"2010-02-11 09:45:00",1,380.00,4,2,2,"Loyal"
17783.0,"2011-09-28 16:07:00",3,379.91,2,2,2,"At risk"
14200.0,"2010-04-01 13:01:00",1,379.20,4,2,2,"Loyal"
18162.0,"2009-12-07 13:24:00",1,379.16,4,2,2,"Loyal"
16909.0,"2011-09-28 16:45:00",1,379.14,2,2,2,"At risk"
13372.0,"2011-09-11 12:46:00",1,378.64,2,2,2,"At risk"
17078.0,"2011-11-03 19:17:00",2,378.20,2,2,2,"At risk"
12651.0,"2011-01-09 12:46:00",4,377.75,3,3,2,"Loyal"
12941.0,"2009-12-15 13:12:00",1,377.49,4,2,2,"Loyal"
17736.0,"2011-11-30 15:36:00",3,377.44,1,2,2,"Lost"
17717.0,"2010-10-14 12:54:00",1,376.92,4,2,2,"Loyal"
16544.0,"2010-07-08 11:11:00",4,376.70,4,3,2,"Champion"
17489.0,"2011-10-12 08:56:00",2,376.64,2,2,2,"At risk"
14353.0,"2011-05-08 16:06:00",3,376.50,3,2,2,"Loyal"
14531.0,"2010-08-17 10:16:00",1,376.34,4,2,2,"Loyal"
13688.0,"2010-03-14 14:11:00",1,375.50,4,2,2,"Loyal"
17912.0,"2011-02-02 14:25:00",6,375.50,3,3,2,"Loyal"
14448.0,"2011-11-30 13:50:00",2,375.35,1,2,2,"Lost"
14294.0,"2010-10-28 16:25:00",1,375.34,4,2,2,"Loyal"
17810.0,"2010-02-09 10:47:00",2,374.81,4,2,2,"Loyal"
14067.0,"2011-10-07 10:21:00",2,374.70,2,2,2,"At risk"
13545.0,"2010-11-14 11:27:00",2,374.64,4,2,2,"Loyal"
13351.0,"2011-10-04 12:55:00",1,373.94,2,2,2,"At risk"
13283.0,"2011-10-11 09:50:00",4,373.36,2,3,2,"At risk"
17437.0,"2010-06-28 11:11:00",1,373.17,4,2,2,"Loyal"
15337.0,"2010-10-24 15:29:00",1,373.02,4,2,2,"Loyal"
13197.0,"2010-04-09 09:14:00",1,373.01,4,2,2,"Loyal"
14981.0,"2011-04-07 13:45:00",2,372.92,3,2,2,"Loyal"
12895.0,"2011-10-28 13:51:00",2,372.80,2,2,2,"At risk"
12544.0,"2011-11-03 16:15:00",1,372.70,2,2,2,"At risk"
15989.0,"2010-11-29 12:03:00",2,372.51,3,2,2,"Loyal"
12981.0,"2011-11-10 12:00:00",2,372.22,2,2,2,"At risk"
13164.0,"2010-05-19 13:52:00",2,372.20,4,2,2,"Loyal"
17245.0,"2011-05-19 10:43:00",2,371.63,3,2,2,"Loyal"
18155.0,"2011-09-25 13:32:00",3,371.62,2,2,2,"At risk"
15472.0,"2011-08-18 15:17:00",1,371.56,3,2,2,"Loyal"
14950.0,"2011-11-20 13:48:00",1,371.20,1,2,2,"Lost"
15975.0,"2011-09-16 13:33:00",1,371.01,2,2,2,"At risk"
15063.0,"2011-05-10 13:25:00",1,370.80,3,2,2,"Loyal"
15765.0,"2010-02-11 10:25:00",1,370.63,4,2,2,"Loyal"
14168.0,"2010-10-15 10:49:00",2,370.45,4,2,2,"Loyal"
15458.0,"2011-11-14 13:08:00",2,370.44,1,2,2,"Lost"
17792.0,"2010-08-29 14:30:00",2,370.05,4,2,2,"Loyal"
16758.0,"2011-10-05 14:47:00",1,369.34,2,2,2,"At risk"
14888.0,"2011-05-16 14:58:00",1,369.20,3,2,2,"Loyal"
15477.0,"2010-02-28 10:37:00",1,368.40,4,2,2,"Loyal"
16448.0,"2011-05-25 16:28:00",2,367.87,3,2,2,"Loyal"
14018.0,"2010-03-04 14:23:00",1,367.15,4,2,2,"Loyal"
13187.0,"2011-01-06 18:57:00",4,367.01,3,3,2,"Loyal"
14962.0,"2011-03-14 09:42:00",4,366.91,3,3,2,"Loyal"
14244.0,"2010-02-17 11:40:00",1,366.42,4,2,2,"Loyal"
12899.0,"2010-10-22 09:53:00",1,366.40,4,2,2,"Loyal"
17911.0,"2011-11-30 14:52:00",1,366.23,1,2,2,"Lost"
16974.0,"2010-07-05 10:18:00",2,365.50,4,2,2,"Loyal"
15029.0,"2010-03-30 12:16:00",1,365.10,4,2,2,"Loyal"
17536.0,"2011-06-15 13:23:00",3,364.83,3,2,2,"Loyal"
14886.0,"2011-04-01 08:56:00",1,364.80,3,2,2,"Loyal"
15949.0,"2011-11-23 09:09:00",2,364.72,1,2,2,"Lost"
15343.0,"2011-09-13 13:55:00",1,364.50,2,2,2,"At risk"
14528.0,"2011-11-02 17:09:00",1,364.22,2,2,2,"At risk"
16509.0,"2011-02-16 09:25:00",1,363.70,3,2,2,"Loyal"
14253.0,"2010-08-03 14:55:00",2,363.40,4,2,2,"Loyal"
16078.0,"2011-03-01 09:47:00",2,362.99,3,2,2,"Loyal"
16378.0,"2011-04-06 15:07:00",3,362.95,3,2,2,"Loyal"
13962.0,"2011-11-18 08:47:00",3,362.80,1,2,2,"Lost"
14840.0,"2011-03-17 12:00:00",2,362.71,3,2,2,"Loyal"
14122.0,"2010-10-29 15:11:00",3,362.42,4,2,2,"Loyal"
17339.0,"2011-09-06 13:29:00",3,362.36,2,2,2,"At risk"
18119.0,"2010-12-07 11:59:00",1,362.24,3,2,2,"Loyal"
16052.0,"2011-10-16 15:13:00",1,362.06,2,2,2,"At risk"
16259.0,"2010-10-25 14:27:00",3,361.94,4,2,2,"Loyal"
13844.0,"2011-11-28 13:21:00",1,361.62,1,2,2,"Lost"
16305.0,"2011-07-24 12:18:00",1,361.22,3,2,2,"Loyal"
13274.0,"2010-10-26 13:48:00",1,360.85,4,2,2,"Loyal"
18091.0,"2010-04-25 13:18:00",1,360.85,4,2,2,"Loyal"
17945.0,"2010-01-12 11:40:00",3,360.35,4,2,2,"Loyal"
18208.0,"2010-05-23 11:54:00",1,360.08,4,2,2,"Loyal"
15008.0,"2010-08-16 13:09:00",2,360.00,4,2,2,"Loyal"
13298.0,"2011-12-08 13:11:00",1,360.00,1,2,2,"Lost"
13181.0,"2010-11-23 15:05:00",1,359.69,4,2,2,"Loyal"
17660.0,"2011-07-21 13:37:00",2,359.47,3,2,2,"Loyal"
14926.0,"2010-11-23 07:13:00",2,359.40,4,2,2,"Loyal"
14919.0,"2010-06-18 13:06:00",1,359.35,4,2,2,"Loyal"
15120.0,"2011-07-29 09:48:00",1,358.82,3,2,2,"Loyal"
15863.0,"2011-11-14 12:49:00",5,358.70,1,3,2,"Lost"
18003.0,"2010-11-28 15:09:00",1,358.61,3,2,2,"Loyal"
17948.0,"2011-07-15 12:58:00",1,358.56,3,2,2,"Loyal"
16856.0,"2011-11-25 08:59:00",3,358.49,1,2,2,"Lost"
17748.0,"2010-06-30 13:49:00",1,358.15,4,2,2,"Loyal"
13228.0,"2011-09-19 14:28:00",1,358.00,2,2,2,"At risk"
16606.0,"2010-10-31 13:57:00",2,357.66,4,2,2,"Loyal"
15595.0,"2010-08-09 12:27:00",1,357.60,4,2,2,"Loyal"
12495.0,"2010-03-09 10:53:00",1,357.40,4,2,2,"Loyal"
17967.0,"2010-12-03 11:19:00",2,357.29,3,2,2,"Loyal"
16971.0,"2011-11-01 15:06:00",1,357.21,2,2,2,"At risk"
18040.0,"2011-11-20 14:20:00",2,357.20,1,2,2,"Lost"
18273.0,"2011-12-07 13:16:00",4,357.00,1,3,2,"Lost"
13234.0,"2010-02-05 11:41:00",2,356.95,4,2,2,"Loyal"
14500.0,"2011-09-12 16:45:00",3,356.85,2,2,2,"At risk"
17200.0,"2010-11-17 13:04:00",4,356.71,4,3,2,"Champion"
15840.0,"2011-10-12 09:08:00",2,355.56,2,2,2,"At risk"
12617.0,"2011-11-10 14:39:00",1,355.53,2,2,2,"At risk"
12996.0,"2010-11-29 09:27:00",1,355.50,3,2,2,"Loyal"
16920.0,"2010-10-24 14:07:00",1,355.45,4,2,2,"Loyal"
14268.0,"2010-08-26 10:45:00",1,354.85,4,2,2,"Loyal"
15986.0,"2011-11-09 15:17:00",2,354.42,2,2,2,"At risk"
12888.0,"2011-05-09 16:02:00",2,354.12,3,2,2,"Loyal"
12845.0,"2011-03-17 13:34:00",4,354.09,3,3,2,"Loyal"
17252.0,"2011-08-15 09:45:00",2,353.86,3,2,2,"Loyal"
12715.0,"2011-08-25 15:22:00",1,353.86,3,2,2,"Loyal"
16323.0,"2011-05-27 14:48:00",2,353.66,3,2,2,"Loyal"
13210.0,"2011-09-07 08:18:00",1,353.48,2,2,2,"At risk"
13343.0,"2011-06-15 12:24:00",1,353.43,3,2,2,"Loyal"
14804.0,"2011-12-01 11:20:00",1,353.27,1,2,2,"Lost"
16382.0,"2010-10-27 16:23:00",2,353.10,4,2,2,"Loyal"
16690.0,"2011-09-28 15:02:00",4,353.03,2,3,2,"At risk"
17780.0,"2010-02-10 13:43:00",3,352.91,4,2,2,"Loyal"
17196.0,"2010-10-08 11:31:00",1,352.90,4,2,2,"Loyal"
13765.0,"2010-02-24 13:46:00",1,352.82,4,2,2,"Loyal"
16857.0,"2010-09-23 10:49:00",1,352.80,4,2,2,"Loyal"
15334.0,"2011-07-06 11:22:00",3,351.67,3,2,2,"Loyal"
12566.0,"2011-09-14 14:30:00",1,351.65,2,2,2,"At risk"
16192.0,"2009-12-04 12:28:00",1,351.30,4,2,2,"Loyal"
13923.0,"2011-10-17 12:33:00",1,351.13,2,2,2,"At risk"
16263.0,"2010-10-12 14:52:00",1,351.01,4,2,2,"Loyal"
14252.0,"2010-11-23 13:36:00",1,350.99,4,2,2,"Loyal"
13332.0,"2011-11-25 13:30:00",1,350.90,1,2,2,"Lost"
13281.0,"2010-09-26 16:03:00",1,350.85,4,2,2,"Loyal"
17835.0,"2011-12-07 11:48:00",3,350.64,1,2,2,"Lost"
17795.0,"2011-06-13 12:36:00",2,350.39,3,2,2,"Loyal"
16476.0,"2010-10-04 10:29:00",1,350.35,4,2,2,"Loyal"
12532.0,"2011-11-09 13:47:00",1,349.83,2,2,2,"At risk"
13670.0,"2011-09-25 15:25:00",1,349.70,2,2,2,"At risk"
13887.0,"2011-05-19 17:22:00",1,349.55,3,2,2,"Loyal"
13550.0,"2010-11-21 15:24:00",1,349.51,4,2,2,"Loyal"
18090.0,"2010-10-14 12:32:00",1,349.40,4,2,2,"Loyal"
18250.0,"2011-02-02 13:16:00",1,349.27,3,2,2,"Loyal"
14545.0,"2010-02-03 15:23:00",1,349.25,4,2,2,"Loyal"
13790.0,"2011-12-05 15:48:00",1,348.80,1,2,2,"Lost"
17577.0,"2010-03-04 13:01:00",2,348.75,4,2,1,"Loyal"
15282.0,"2010-05-18 16:27:00",1,348.59,4,1,1,"At risk"
12760.0,"2010-09-10 08:50:00",1,347.80,4,1,1,"At risk"
17668.0,"2011-12-08 13:25:00",2,347.75,1,2,1,"Lost"
15085.0,"2009-12-10 11:47:00",1,347.54,4,1,1,"At risk"
16006.0,"2011-05-12 13:12:00",2,347.17,3,2,1,"Loyal"
12441.0,"2010-12-08 10:45:00",1,347.10,3,1,1,"At risk"
13062.0,"2011-06-01 15:12:00",1,346.98,3,1,1,"At risk"
12411.0,"2010-10-26 09:25:00",1,346.90,4,1,1,"At risk"
16423.0,"2011-11-15 09:21:00",1,346.12,1,1,1,"Lost"
15781.0,"2011-11-14 14:57:00",3,345.46,1,2,1,"Lost"
14724.0,"2010-04-28 13:26:00",1,345.25,4,1,1,"At risk"
13774.0,"2011-09-19 12:06:00",1,345.00,2,1,1,"At risk"
14633.0,"2011-03-18 17:07:00",1,344.90,3,1,1,"At risk"
18199.0,"2010-01-25 11:32:00",1,344.75,4,1,1,"At risk"
15519.0,"2010-11-21 14:35:00",2,344.61,4,2,1,"Loyal"
17569.0,"2011-01-11 14:15:00",1,344.14,3,1,1,"At risk"
16990.0,"2011-05-05 08:30:00",2,344.00,3,2,1,"Loyal"
13068.0,"2011-11-29 15:00:00",2,344.00,1,2,1,"Lost"
15047.0,"2011-03-15 10:49:00",1,343.62,3,1,1,"At risk"
15520.0,"2011-12-08 10:58:00",1,343.50,1,1,1,"Lost"
18081.0,"2011-11-03 16:30:00",3,343.45,2,2,1,"At risk"
13519.0,"2011-09-22 18:24:00",2,343.21,2,2,1,"At risk"
18047.0,"2010-11-23 13:11:00",2,342.69,4,2,1,"Loyal"
16851.0,"2011-12-05 13:32:00",3,342.45,1,2,1,"Lost"
14989.0,"2010-02-16 10:40:00",1,342.40,4,1,1,"At risk"
17833.0,"2009-12-16 13:40:00",1,342.36,4,1,1,"At risk"
17542.0,"2011-03-15 11:45:00",3,341.70,3,2,1,"Loyal"
16826.0,"2011-10-19 14:05:00",1,341.70,2,1,1,"At risk"
16585.0,"2010-04-25 10:34:00",2,341.59,4,2,1,"Loyal"
13347.0,"2011-09-30 13:28:00",1,341.36,2,1,1,"At risk"
17917.0,"2011-10-25 13:20:00",3,341.28,2,2,1,"At risk"
17928.0,"2011-10-25 13:52:00",3,341.24,2,2,1,"At risk"
16044.0,"2010-09-30 18:12:00",1,340.84,4,1,1,"At risk"
15818.0,"2010-04-30 12:58:00",1,340.50,4,1,1,"At risk"
12900.0,"2010-10-13 15:17:00",1,340.33,4,1,1,"At risk"
12698.0,"2010-04-28 15:51:00",1,339.75,4,1,1,"At risk"
13737.0,"2011-05-23 16:32:00",1,339.60,3,1,1,"At risk"
14203.0,"2010-11-07 13:35:00",1,339.34,4,1,1,"At risk"
17697.0,"2011-04-17 15:40:00",1,338.95,3,1,1,"At risk"
17839.0,"2011-10-28 17:27:00",1,338.80,2,1,1,"At risk"
14630.0,"2010-08-12 16:38:00",1,338.65,4,1,1,"At risk"
17776.0,"2010-11-18 12:14:00",2,338.56,4,2,1,"Loyal"
14799.0,"2011-10-19 16:16:00",2,338.15,2,2,1,"At risk"
17296.0,"2009-12-09 14:01:00",1,338.13,4,1,1,"At risk"
12869.0,"2010-01-27 12:10:00",1,337.67,4,1,1,"At risk"
15942.0,"2011-07-29 09:01:00",1,337.44,3,1,1,"At risk"
12780.0,"2010-04-20 09:40:00",1,337.40,4,1,1,"At risk"
13930.0,"2011-10-13 09:45:00",2,337.34,2,2,1,"At risk"
18269.0,"2010-12-08 13:53:00",1,337.20,3,1,1,"At risk"
17973.0,"2011-10-19 10:34:00",1,337.04,2,1,1,"At risk"
17488.0,"2010-03-08 14:07:00",1,336.50,4,1,1,"At risk"
17914.0,"2011-12-06 11:58:00",1,336.43,1,1,1,"Lost"
15619.0,"2011-11-29 08:14:00",1,336.40,1,1,1,"Lost"
13482.0,"2011-04-21 17:03:00",2,336.09,3,2,1,"Loyal"
16273.0,"2010-03-01 13:24:00",2,336.04,4,2,1,"Loyal"
14196.0,"2011-08-25 10:25:00",1,335.52,3,1,1,"At risk"
16063.0,"2011-03-24 14:56:00",1,335.32,3,1,1,"At risk"
14094.0,"2010-09-26 11:58:00",1,335.22,4,1,1,"At risk"
12489.0,"2011-01-07 13:13:00",1,334.93,3,1,1,"At risk"
17821.0,"2010-10-29 13:20:00",1,334.62,4,1,1,"At risk"
12350.0,"2011-02-02 16:01:00",1,334.40,3,1,1,"At risk"
17607.0,"2010-11-28 13:11:00",1,333.81,3,1,1,"At risk"
13216.0,"2011-03-17 12:18:00",1,333.74,3,1,1,"At risk"
14241.0,"2011-06-09 11:46:00",2,333.70,3,2,1,"Loyal"
14957.0,"2011-03-31 17:59:00",2,333.29,3,2,1,"Loyal"
16234.0,"2010-08-20 14:33:00",3,333.18,4,2,1,"Loyal"
14137.0,"2010-01-13 12:30:00",1,332.70,4,1,1,"At risk"
13904.0,"2011-11-02 13:41:00",2,332.64,2,2,1,"At risk"
16850.0,"2011-01-10 11:09:00",1,332.41,3,1,1,"At risk"
16803.0,"2011-10-05 14:28:00",1,332.30,2,1,1,"At risk"
16452.0,"2010-03-19 12:39:00",2,332.17,4,2,1,"Loyal"
17647.0,"2011-10-05 15:38:00",3,331.66,2,2,1,"At risk"
15512.0,"2011-07-07 10:20:00",4,331.58,3,3,1,"Loyal"
17435.0,"2010-10-24 13:55:00",1,331.35,4,1,1,"At risk"
16030.0,"2011-02-03 11:28:00",1,331.24,3,1,1,"At risk"
13981.0,"2010-10-20 10:03:00",1,331.14,4,1,1,"At risk"
16478.0,"2011-11-14 15:51:00",3,331.00,1,2,1,"Lost"
15878.0,"2010-05-27 12:17:00",2,330.77,4,2,1,"Loyal"
17309.0,"2011-09-05 15:20:00",3,330.59,2,2,1,"At risk"
14517.0,"2011-11-06 14:20:00",2,330.45,2,2,1,"At risk"
17301.0,"2011-11-18 13:43:00",2,330.43,1,2,1,"Lost"
12807.0,"2010-11-21 14:21:00",1,330.35,4,1,1,"At risk"
13010.0,"2010-11-30 15:09:00",2,330.12,3,2,1,"Loyal"
15130.0,"2011-06-23 10:15:00",1,330.11,3,1,1,"At risk"
12850.0,"2010-09-20 12:26:00",1,330.00,4,1,1,"At risk"
18186.0,"2009-12-17 10:22:00",1,329.58,4,1,1,"At risk"
17518.0,"2010-10-10 12:40:00",2,329.42,4,2,1,"Loyal"
17154.0,"2011-09-25 13:42:00",1,329.34,2,1,1,"At risk"
16436.0,"2010-02-09 13:19:00",3,329.34,4,2,1,"Loyal"
15153.0,"2011-11-08 17:09:00",1,329.25,2,1,1,"At risk"
15979.0,"2010-04-16 11:35:00",1,329.22,4,1,1,"At risk"
16286.0,"2010-08-19 14:48:00",2,328.95,4,2,1,"Loyal"
14012.0,"2011-03-07 12:26:00",1,328.80,3,1,1,"At risk"
16855.0,"2011-11-16 12:03:00",2,328.40,1,2,1,"Lost"
15213.0,"2011-01-25 12:21:00",2,328.35,3,2,1,"Loyal"
14747.0,"2011-04-04 14:09:00",1,328.20,3,1,1,"At risk"
16318.0,"2011-11-04 13:05:00",1,328.15,2,1,1,"At risk"
15709.0,"2011-03-01 10:38:00",2,327.85,3,2,1,"Loyal"
15735.0,"2010-10-14 13:38:00",1,327.68,4,1,1,"At risk"
13498.0,"2009-12-09 15:26:00",1,327.38,4,1,1,"At risk"
12804.0,"2010-08-31 11:58:00",2,327.02,4,2,1,"Loyal"
16322.0,"2011-12-08 15:41:00",2,326.75,1,2,1,"Lost"
12460.0,"2010-09-09 13:51:00",1,326.65,4,1,1,"At risk"
14070.0,"2010-01-24 12:27:00",1,326.55,4,1,1,"At risk"
13646.0,"2010-11-05 12:13:00",2,326.25,4,2,1,"Loyal"
17843.0,"2011-02-09 15:33:00",2,326.23,3,2,1,"Loyal"
17439.0,"2010-02-22 12:48:00",1,325.74,4,1,1,"At risk"
13661.0,"2010-04-15 14:58:00",1,325.24,4,1,1,"At risk"
15670.0,"2011-02-16 10:50:00",2,325.20,3,2,1,"Loyal"
13801.0,"2011-10-04 10:15:00",1,324.80,2,1,1,"At risk"
15982.0,"2010-04-13 15:47:00",1,324.51,4,1,1,"At risk"
12946.0,"2010-09-29 10:14:00",1,324.45,4,1,1,"At risk"
16685.0,"2011-10-09 13:58:00",2,324.24,2,2,1,"At risk"
18261.0,"2011-10-27 15:36:00",2,324.24,2,2,1,"At risk"
13834.0,"2010-05-12 10:27:00",2,324.19,4,2,1,"Loyal"
15869.0,"2011-03-07 17:23:00",3,323.66,3,2,1,"Loyal"
17440.0,"2011-07-06 11:54:00",4,323.58,3,3,1,"Loyal"
13025.0,"2009-12-08 10:02:00",1,323.39,4,1,1,"At risk"
16195.0,"2009-12-16 14:09:00",1,323.25,4,1,1,"At risk"
17793.0,"2011-11-14 14:24:00",1,323.04,1,1,1,"Lost"
14263.0,"2010-10-12 14:09:00",1,322.93,4,1,1,"At risk"
16627.0,"2011-09-21 14:38:00",1,322.80,2,1,1,"At risk"
14832.0,"2010-03-19 15:14:00",1,322.69,4,1,1,"At risk"
16342.0,"2011-09-25 14:36:00",4,322.41,2,3,1,"At risk"
14424.0,"2011-11-22 11:48:00",1,322.08,1,1,1,"Lost"
17326.0,"2010-10-27 15:38:00",2,321.95,4,2,1,"Loyal"
15726.0,"2010-11-14 16:12:00",1,321.91,4,1,1,"At risk"
13111.0,"2009-12-21 09:00:00",1,321.88,4,1,1,"At risk"
17471.0,"2010-08-22 11:53:00",1,321.65,4,1,1,"At risk"
15770.0,"2010-04-06 11:47:00",1,321.45,4,1,1,"At risk"
14823.0,"2011-06-12 13:12:00",3,321.43,3,2,1,"Loyal"
17182.0,"2010-10-13 10:09:00",2,321.30,4,2,1,"Loyal"
15236.0,"2011-02-14 10:52:00",1,321.05,3,1,1,"At risk"
15432.0,"2011-11-16 16:30:00",2,320.76,1,2,1,"Lost"
18117.0,"2011-11-14 12:47:00",1,320.72,1,1,1,"Lost"
14622.0,"2011-06-08 12:42:00",1,320.58,3,1,1,"At risk"
17991.0,"2011-04-28 15:58:00",3,320.55,3,2,1,"Loyal"
13986.0,"2011-11-22 15:00:00",1,320.46,1,1,1,"Lost"
16683.0,"2010-06-24 10:36:00",1,320.25,4,1,1,"At risk"
13942.0,"2010-06-23 12:35:00",1,320.00,4,1,1,"At risk"
13843.0,"2010-11-23 17:48:00",1,319.75,4,1,1,"At risk"
16674.0,"2011-10-16 11:31:00",2,319.61,2,2,1,"At risk"
16967.0,"2011-06-03 14:24:00",1,319.02,3,1,1,"At risk"
17229.0,"2011-09-04 13:56:00",2,318.76,3,2,1,"Loyal"
15682.0,"2010-04-19 15:30:00",2,318.24,4,2,1,"Loyal"
14703.0,"2011-11-25 09:23:00",1,318.17,1,1,1,"Lost"
18253.0,"2010-03-07 12:38:00",1,317.88,4,1,1,"At risk"
17267.0,"2011-08-04 17:22:00",2,317.62,3,2,1,"Loyal"
15616.0,"2010-09-27 13:10:00",1,317.11,4,1,1,"At risk"
17689.0,"2010-11-16 13:22:00",2,317.08,4,2,1,"Loyal"
16761.0,"2011-09-04 11:15:00",1,316.62,3,1,1,"At risk"
15204.0,"2010-12-17 13:49:00",1,316.58,3,1,1,"At risk"
12529.0,"2010-06-29 13:10:00",1,316.48,4,1,1,"At risk"
13494.0,"2011-02-01 11:58:00",1,316.26,3,1,1,"At risk"
15196.0,"2010-10-03 10:50:00",2,316.25,4,2,1,"Loyal"
17408.0,"2011-06-29 12:53:00",3,316.09,3,2,1,"Loyal"
12614.0,"2011-03-07 10:22:00",1,315.60,3,1,1,"At risk"
15042.0,"2011-05-24 16:25:00",2,315.45,3,2,1,"Loyal"
16091.0,"2011-07-08 08:45:00",2,315.06,3,2,1,"Loyal"
17121.0,"2010-11-02 11:47:00",1,314.74,4,1,1,"At risk"
14991.0,"2010-10-05 13:01:00",1,314.67,4,1,1,"At risk"
18206.0,"2010-06-04 13:47:00",1,314.66,4,1,1,"At risk"
13660.0,"2010-11-04 16:10:00",1,314.59,4,1,1,"At risk"
12650.0,"2011-12-06 16:34:00",1,314.44,1,1,1,"Lost"
18070.0,"2010-02-08 13:28:00",1,314.10,4,1,1,"At risk"
15873.0,"2010-07-28 12:41:00",4,313.92,4,3,1,"Champion"
13087.0,"2009-12-13 15:16:00",1,313.64,4,1,1,"At risk"
16582.0,"2011-08-18 17:02:00",1,313.62,3,1,1,"At risk"
12665.0,"2011-01-19 08:34:00",3,313.60,3,2,1,"Loyal"
17882.0,"2010-11-25 14:40:00",2,313.46,3,2,1,"Loyal"
13845.0,"2011-10-06 08:25:00",1,312.98,2,1,1,"At risk"
15162.0,"2009-12-08 13:14:00",1,312.90,4,1,1,"At risk"
13905.0,"2009-12-07 11:41:00",1,312.65,4,1,1,"At risk"
15318.0,"2011-12-06 11:30:00",1,312.62,1,1,1,"Lost"
13226.0,"2011-03-11 14:35:00",2,312.46,3,2,1,"Loyal"
12834.0,"2011-03-02 09:49:00",1,312.38,3,1,1,"At risk"
14951.0,"2011-09-21 15:15:00",1,311.69,2,1,1,"At risk"
12852.0,"2011-02-18 08:47:00",1,311.55,3,1,1,"At risk"
13990.0,"2011-05-10 15:19:00",1,311.30,3,1,1,"At risk"
12898.0,"2010-09-02 08:08:00",2,310.96,4,2,1,"Loyal"
15724.0,"2011-05-22 14:40:00",3,310.85,3,2,1,"Loyal"
16328.0,"2010-05-25 14:02:00",1,310.83,4,1,1,"At risk"
13400.0,"2010-05-06 09:00:00",1,310.83,4,1,1,"At risk"
13847.0,"2009-12-20 10:41:00",1,310.72,4,1,1,"At risk"
12738.0,"2010-12-02 18:27:00",1,310.70,3,1,1,"At risk"
16439.0,"2009-12-17 14:22:00",1,310.70,4,1,1,"At risk"
15185.0,"2011-09-30 14:06:00",1,310.62,2,1,1,"At risk"
14848.0,"2010-10-31 12:22:00",1,310.56,4,1,1,"At risk"
14181.0,"2010-10-25 08:27:00",2,310.55,4,2,1,"Loyal"
15308.0,"2011-03-10 13:08:00",1,310.47,3,1,1,"At risk"
15188.0,"2009-12-14 13:30:00",1,310.43,4,1,1,"At risk"
13315.0,"2010-01-19 15:34:00",1,310.26,4,1,1,"At risk"
14749.0,"2010-08-17 12:36:00",1,310.15,4,1,1,"At risk"
13628.0,"2010-02-01 14:44:00",1,310.14,4,1,1,"At risk"
17383.0,"2011-12-05 17:36:00",2,309.99,1,2,1,"Lost"
15699.0,"2011-11-22 08:26:00",1,309.65,1,1,1,"Lost"
16373.0,"2010-11-22 15:50:00",2,309.49,4,2,1,"Loyal"
12884.0,"2011-09-12 13:10:00",1,309.05,2,1,1,"At risk"
15010.0,"2011-11-04 12:42:00",1,308.94,2,1,1,"At risk"
16956.0,"2011-11-22 08:56:00",1,308.74,1,1,1,"Lost"
16194.0,"2010-11-29 13:28:00",1,308.60,3,1,1,"At risk"
14927.0,"2010-11-08 12:30:00",1,308.20,4,1,1,"At risk"
16524.0,"2010-09-19 13:37:00",2,308.14,4,2,1,"Loyal"
15302.0,"2009-12-09 13:11:00",1,308.00,4,1,1,"At risk"
13289.0,"2009-12-16 11:53:00",1,307.95,4,1,1,"At risk"
15778.0,"2010-10-04 15:10:00",1,307.95,4,1,1,"At risk"
16123.0,"2011-10-19 09:18:00",1,307.78,2,1,1,"At risk"
13529.0,"2011-09-22 09:15:00",2,307.76,2,2,1,"At risk"
15454.0,"2010-12-12 14:21:00",2,307.69,3,2,1,"Loyal"
14777.0,"2010-11-01 12:50:00",1,307.56,4,1,1,"At risk"
13060.0,"2011-03-31 11:37:00",1,307.53,3,1,1,"At risk"
17120.0,"2011-04-20 15:21:00",1,307.46,3,1,1,"At risk"
13932.0,"2011-02-18 12:02:00",1,307.40,3,1,1,"At risk"
15374.0,"2011-08-03 09:59:00",2,307.32,3,2,1,"Loyal"
14783.0,"2010-02-18 16:16:00",1,307.30,4,1,1,"At risk"
17721.0,"2010-02-18 15:18:00",1,307.21,4,1,1,"At risk"
13036.0,"2010-01-24 11:35:00",1,307.10,4,1,1,"At risk"
13142.0,"2011-11-20 16:07:00",1,307.09,1,1,1,"Lost"
15087.0,"2011-03-03 10:34:00",1,306.94,3,1,1,"At risk"
17551.0,"2010-12-15 14:12:00",1,306.84,3,1,1,"At risk"
16649.0,"2010-07-07 15:41:00",1,306.58,4,1,1,"At risk"
13718.0,"2011-04-07 13:24:00",2,306.55,3,2,1,"Loyal"
18059.0,"2011-11-16 16:49:00",3,306.46,1,2,1,"Lost"
17077.0,"2010-05-10 16:36:00",1,306.00,4,1,1,"At risk"
15135.0,"2011-04-14 19:16:00",2,305.68,3,2,1,"Loyal"
16796.0,"2011-09-11 14:01:00",1,305.62,2,1,1,"At risk"
16181.0,"2011-09-27 13:38:00",1,305.54,2,1,1,"At risk"
14990.0,"2010-04-06 13:54:00",2,305.42,4,2,1,"Loyal"
15893.0,"2010-08-15 11:12:00",1,305.28,4,1,1,"At risk"
13383.0,"2010-06-14 11:45:00",1,305.28,4,1,1,"At risk"
13667.0,"2011-07-13 15:42:00",1,305.02,3,1,1,"At risk"
15163.0,"2011-11-21 13:10:00",2,304.47,1,2,1,"Lost"
14043.0,"2010-08-05 18:18:00",2,304.25,4,2,1,"Loyal"
16217.0,"2011-04-18 13:31:00",2,304.25,3,2,1,"Loyal"
18185.0,"2011-04-04 13:42:00",1,304.25,3,1,1,"At risk"
17688.0,"2010-11-11 10:41:00",1,304.20,4,1,1,"At risk"
16489.0,"2010-11-24 14:40:00",2,303.70,4,2,1,"Loyal"
14791.0,"2010-04-12 10:24:00",1,303.63,4,1,1,"At risk"
14806.0,"2011-09-25 15:32:00",2,303.43,2,2,1,"At risk"
17207.0,"2010-02-25 19:08:00",1,303.22,4,1,1,"At risk"
18255.0,"2011-09-11 13:16:00",2,303.15,2,2,1,"At risk"
15060.0,"2011-12-01 13:47:00",4,303.09,1,3,1,"Lost"
16425.0,"2011-02-10 14:30:00",1,302.70,3,1,1,"At risk"
18165.0,"2011-06-15 13:23:00",1,302.46,3,1,1,"At risk"
17506.0,"2011-09-25 11:39:00",1,302.20,2,1,1,"At risk"
15054.0,"2011-11-27 15:02:00",2,302.10,1,2,1,"Lost"
15242.0,"2010-10-13 15:33:00",1,302.04,4,1,1,"At risk"
16297.0,"2011-03-16 08:29:00",1,301.90,3,1,1,"At risk"
13773.0,"2010-11-08 11:49:00",2,301.54,4,2,1,"Loyal"
15667.0,"2011-10-31 10:56:00",1,301.32,2,1,1,"At risk"
15148.0,"2011-11-29 08:21:00",1,301.29,1,1,1,"Lost"
13625.0,"2010-04-22 10:50:00",1,301.26,4,1,1,"At risk"
16437.0,"2010-11-23 16:59:00",2,301.25,4,2,1,"Loyal"
12351.0,"2010-11-29 15:23:00",1,300.93,3,1,1,"At risk"
16479.0,"2011-11-29 13:40:00",2,300.83,1,2,1,"Lost"
16050.0,"2011-06-19 11:44:00",3,300.70,3,2,1,"Loyal"
17556.0,"2011-05-18 10:48:00",2,300.67,3,2,1,"Loyal"
14797.0,"2010-07-20 14:07:00",1,300.31,4,1,1,"At risk"
17766.0,"2010-11-23 14:29:00",2,299.61,4,2,1,"Loyal"
12864.0,"2011-07-24 13:03:00",2,299.57,3,2,1,"Loyal"
13346.0,"2010-09-03 11:41:00",6,299.40,4,3,1,"Champion"
17898.0,"2011-09-15 14:56:00",4,299.18,2,3,1,"At risk"
12595.0,"2010-07-23 09:10:00",1,299.02,4,1,1,"At risk"
17124.0,"2011-06-07 14:02:00",1,298.89,3,1,1,"At risk"
15609.0,"2011-06-08 13:00:00",1,298.48,3,1,1,"At risk"
17824.0,"2011-10-19 14:14:00",1,298.40,2,1,1,"At risk"
12881.0,"2011-03-09 11:44:00",1,298.00,3,1,1,"At risk"
18018.0,"2011-08-23 17:37:00",4,297.99,3,3,1,"Loyal"
14835.0,"2010-06-29 10:08:00",2,297.00,4,2,1,"Loyal"
13708.0,"2011-03-13 13:46:00",1,296.88,3,1,1,"At risk"
14985.0,"2011-05-25 14:29:00",2,296.75,3,2,1,"Loyal"
17627.0,"2010-08-18 11:27:00",1,296.36,4,1,1,"At risk"
13751.0,"2011-02-24 15:56:00",1,296.25,3,1,1,"At risk"
13504.0,"2011-10-06 13:20:00",1,295.93,2,1,1,"At risk"
15962.0,"2010-09-16 13:48:00",1,295.83,4,1,1,"At risk"
14269.0,"2010-09-26 12:53:00",1,295.73,4,1,1,"At risk"
14614.0,"2010-11-18 13:04:00",1,295.13,4,1,1,"At risk"
16252.0,"2010-11-22 11:57:00",1,295.09,4,1,1,"At risk"
16579.0,"2010-10-10 11:58:00",1,295.05,4,1,1,"At risk"
17057.0,"2010-04-22 19:21:00",1,294.74,4,1,1,"At risk"
15041.0,"2011-06-22 16:16:00",2,294.02,3,2,1,"Loyal"
17927.0,"2009-12-18 11:03:00",1,294.00,4,1,1,"At risk"
15718.0,"2010-06-17 16:20:00",1,293.79,4,1,1,"At risk"
14192.0,"2010-11-16 17:44:00",1,293.74,4,1,1,"At risk"
15928.0,"2010-02-21 15:16:00",1,293.53,4,1,1,"At risk"
17710.0,"2010-10-12 07:49:00",1,293.50,4,1,1,"At risk"
17441.0,"2009-12-07 13:32:00",1,293.35,4,1,1,"At risk"
16721.0,"2011-03-22 16:08:00",1,292.47,3,1,1,"At risk"
16543.0,"2010-04-27 11:38:00",1,292.21,4,1,1,"At risk"
13739.0,"2011-11-21 13:35:00",2,292.20,1,2,1,"Lost"
13449.0,"2011-11-16 08:28:00",1,291.88,1,1,1,"Lost"
17907.0,"2010-03-09 12:33:00",1,291.76,4,1,1,"At risk"
16615.0,"2010-03-23 15:13:00",1,291.50,4,1,1,"At risk"
18182.0,"2010-09-02 14:25:00",1,291.13,4,1,1,"At risk"
15391.0,"2010-05-04 15:04:00",1,289.87,4,1,1,"At risk"
16897.0,"2011-02-13 15:02:00",2,289.78,3,2,1,"Loyal"
13796.0,"2010-07-28 14:45:00",1,289.70,4,1,1,"At risk"
14433.0,"2010-08-31 12:35:00",1,289.60,4,1,1,"At risk"
14162.0,"2011-06-19 11:36:00",2,289.36,3,2,1,"Loyal"
17501.0,"2011-05-03 09:47:00",2,288.60,3,2,1,"Loyal"
16808.0,"2011-09-01 19:34:00",2,288.42,3,2,1,"Loyal"
13616.0,"2010-05-20 12:59:00",2,288.10,4,2,1,"Loyal"
16432.0,"2011-10-06 13:59:00",1,287.40,2,1,1,"At risk"
17497.0,"2010-11-14 14:17:00",2,287.25,4,2,1,"Loyal"
13508.0,"2011-04-10 11:58:00",2,287.05,3,2,1,"Loyal"
13909.0,"2010-10-12 17:22:00",2,286.60,4,2,1,"Loyal"
14183.0,"2010-10-24 14:45:00",2,286.29,4,2,1,"Loyal"
14660.0,"2011-09-14 11:34:00",2,285.74,2,2,1,"At risk"
14402.0,"2010-02-25 13:20:00",1,285.60,4,1,1,"At risk"
17636.0,"2011-11-20 14:40:00",1,285.56,1,1,1,"Lost"
16890.0,"2010-08-20 11:23:00",3,285.41,4,2,1,"Loyal"
12487.0,"2009-12-09 11:36:00",1,285.30,4,1,1,"At risk"
17355.0,"2010-11-18 13:18:00",1,285.11,4,1,1,"At risk"
16429.0,"2011-08-25 13:54:00",1,284.55,3,1,1,"At risk"
15445.0,"2011-03-20 15:06:00",2,284.50,3,2,1,"Loyal"
17359.0,"2011-11-28 14:37:00",2,284.46,1,2,1,"Lost"
15354.0,"2010-04-15 16:24:00",3,284.40,4,2,1,"Loyal"
12851.0,"2011-09-04 12:41:00",2,284.13,3,2,1,"Loyal"
13121.0,"2011-03-15 16:47:00",1,283.73,3,1,1,"At risk"
15662.0,"2010-02-16 16:47:00",2,283.73,4,2,1,"Loyal"
15338.0,"2010-01-31 14:25:00",1,283.43,4,1,1,"At risk"
15936.0,"2010-11-25 16:39:00",2,282.79,3,2,1,"Loyal"
13511.0,"2010-02-01 12:10:00",1,282.76,4,1,1,"At risk"
12771.0,"2010-08-11 11:51:00",1,282.30,4,1,1,"At risk"
17247.0,"2011-11-24 15:21:00",1,282.19,1,1,1,"Lost"
17072.0,"2010-03-24 16:33:00",1,282.05,4,1,1,"At risk"
16557.0,"2011-11-15 14:04:00",2,281.85,1,2,1,"Lost"
13326.0,"2010-10-03 16:00:00",1,281.76,4,1,1,"At risk"
13679.0,"2010-08-03 12:13:00",3,281.26,4,2,1,"Loyal"
18042.0,"2011-10-17 11:49:00",2,281.15,2,2,1,"At risk"
15772.0,"2010-10-17 13:33:00",1,280.88,4,1,1,"At risk"
13080.0,"2011-06-13 14:59:00",4,280.73,3,3,1,"Loyal"
14242.0,"2011-04-19 11:46:00",2,280.55,3,2,1,"Loyal"
13606.0,"2011-11-10 17:46:00",3,280.54,2,3,1,"At risk"
13581.0,"2011-02-03 14:41:00",2,280.53,3,2,1,"Loyal"
15556.0,"2011-11-15 16:08:00",1,279.77,1,1,1,"Lost"
17264.0,"2010-10-11 12:52:00",1,279.59,4,1,1,"At risk"
17786.0,"2011-09-15 12:51:00",2,278.74,2,2,1,"At risk"
14764.0,"2011-10-24 11:54:00",1,278.30,2,1,1,"At risk"
14303.0,"2010-10-28 15:37:00",2,277.94,4,2,1,"Loyal"
16334.0,"2010-08-04 16:38:00",1,277.48,4,1,1,"At risk"
15355.0,"2011-11-10 13:44:00",2,277.05,2,2,1,"At risk"
13272.0,"2011-11-08 14:00:00",2,276.56,2,2,1,"At risk"
12750.0,"2011-08-03 09:13:00",1,275.88,3,1,1,"At risk"
13399.0,"2010-09-01 13:59:00",3,275.40,4,3,1,"Champion"
16313.0,"2011-12-06 13:02:00",2,274.15,1,2,1,"Lost"
12789.0,"2011-10-05 13:34:00",3,273.35,2,3,1,"At risk"
13307.0,"2011-08-11 17:14:00",3,273.34,3,3,1,"Loyal"
13861.0,"2010-10-06 14:20:00",2,273.26,4,2,1,"Loyal"
15964.0,"2010-02-14 15:30:00",1,272.96,4,1,1,"At risk"
17498.0,"2011-09-25 12:25:00",1,272.22,2,1,1,"At risk"
13917.0,"2011-10-21 09:56:00",2,272.04,2,2,1,"At risk"
14816.0,"2011-05-26 13:16:00",1,271.85,3,1,1,"At risk"
17292.0,"2010-08-24 17:14:00",2,271.75,4,2,1,"Loyal"
14436.0,"2011-09-02 10:13:00",2,271.70,3,2,1,"Loyal"
16089.0,"2010-11-18 13:51:00",2,271.44,4,2,1,"Loyal"
13058.0,"2011-11-15 12:43:00",3,271.40,1,3,1,"Lost"
15943.0,"2010-02-28 12:49:00",2,271.29,4,2,1,"Loyal"
13837.0,"2011-05-12 12:10:00",2,271.24,3,2,1,"Loyal"
17278.0,"2011-04-12 13:10:00",2,271.24,3,2,1,"Loyal"
18238.0,"2010-07-12 12:51:00",1,270.92,4,1,1,"At risk"
13533.0,"2011-06-10 11:54:00",3,270.79,3,3,1,"Loyal"
14520.0,"2011-12-08 09:46:00",2,270.60,1,2,1,"Lost"
16757.0,"2011-01-25 11:59:00",2,270.48,3,2,1,"Loyal"
12558.0,"2011-12-02 10:41:00",1,269.96,1,1,1,"Lost"
18267.0,"2010-02-05 08:43:00",1,269.37,4,1,1,"At risk"
12751.0,"2010-09-21 12:49:00",1,268.27,4,1,1,"At risk"
18254.0,"2010-05-07 14:37:00",1,267.90,4,1,1,"At risk"
14039.0,"2011-11-06 13:48:00",2,267.28,2,2,1,"At risk"
15408.0,"2011-03-20 15:02:00",1,267.18,3,1,1,"At risk"
15503.0,"2010-12-12 10:57:00",2,267.15,3,2,1,"Loyal"
15320.0,"2011-10-26 13:27:00",1,267.13,2,1,1,"At risk"
15517.0,"2011-04-20 14:02:00",1,267.03,3,1,1,"At risk"
15423.0,"2011-11-01 14:01:00",3,266.89,2,3,1,"At risk"
14863.0,"2011-11-10 15:04:00",1,266.76,2,1,1,"At risk"
16502.0,"2010-03-29 13:44:00",2,266.50,4,2,1,"Loyal"
14392.0,"2010-10-03 12:56:00",1,266.40,4,1,1,"At risk"
15119.0,"2011-04-08 09:08:00",1,266.40,3,1,1,"At risk"
12962.0,"2011-12-02 15:55:00",2,266.39,1,2,1,"Lost"
15019.0,"2011-03-18 12:35:00",1,266.00,3,1,1,"At risk"
16074.0,"2010-11-14 13:19:00",1,265.25,4,1,1,"At risk"
13973.0,"2011-02-25 15:21:00",1,264.70,3,1,1,"At risk"
13128.0,"2010-03-18 15:08:00",1,263.50,4,1,1,"At risk"
12892.0,"2010-11-08 09:51:00",1,263.38,4,1,1,"At risk"
17808.0,"2010-06-09 10:44:00",4,262.64,4,3,1,"Champion"
14526.0,"2010-11-15 13:32:00",1,262.40,4,1,1,"At risk"
13331.0,"2010-11-03 08:04:00",1,262.40,4,1,1,"At risk"
17910.0,"2009-12-13 16:04:00",1,261.70,4,1,1,"At risk"
12655.0,"2010-10-12 09:17:00",1,261.35,4,1,1,"At risk"
17385.0,"2011-11-25 11:02:00",1,261.11,1,1,1,"Lost"
13189.0,"2011-11-21 10:39:00",2,260.68,1,2,1,"Lost"
15014.0,"2011-10-27 20:07:00",2,260.17,2,2,1,"At risk"
17901.0,"2011-11-10 17:29:00",3,260.08,2,3,1,"At risk"
17022.0,"2011-11-08 17:09:00",2,260.00,2,2,1,"At risk"
16733.0,"2010-06-28 10:12:00",1,259.68,4,1,1,"At risk"
17125.0,"2011-10-20 14:41:00",1,259.35,2,1,1,"At risk"
13127.0,"2011-09-23 10:26:00",1,259.17,2,1,1,"At risk"
17558.0,"2010-11-11 14:36:00",1,259.17,4,1,1,"At risk"
17219.0,"2011-11-08 11:25:00",2,259.13,2,2,1,"At risk"
15536.0,"2010-10-26 16:31:00",1,259.09,4,1,1,"At risk"
16381.0,"2010-11-09 09:56:00",2,258.70,4,2,1,"Loyal"
13683.0,"2010-09-08 10:00:00",1,258.60,4,1,1,"At risk"
13227.0,"2011-05-22 11:47:00",1,257.70,3,1,1,"At risk"
16542.0,"2011-10-17 10:47:00",2,257.32,2,2,1,"At risk"
15852.0,"2011-06-06 11:22:00",3,257.26,3,3,1,"Loyal"
14483.0,"2011-03-03 10:26:00",2,257.10,3,2,1,"Loyal"
15404.0,"2010-11-29 11:03:00",1,257.06,3,1,1,"At risk"
14166.0,"2010-07-22 19:42:00",2,256.85,4,2,1,"Loyal"
14876.0,"2010-07-06 14:57:00",2,256.70,4,2,1,"Loyal"
14274.0,"2010-01-22 12:51:00",1,256.60,4,1,1,"At risk"
12430.0,"2011-10-27 15:09:00",1,256.40,2,1,1,"At risk"
13806.0,"2011-10-07 11:43:00",1,256.38,2,1,1,"At risk"
17896.0,"2011-11-16 13:59:00",1,256.32,1,1,1,"Lost"
13250.0,"2010-09-05 11:33:00",2,256.04,4,2,1,"Loyal"
13825.0,"2010-03-28 11:02:00",2,255.59,4,2,1,"Loyal"
14881.0,"2011-11-20 11:06:00",1,255.40,1,1,1,"Lost"
16911.0,"2010-03-14 12:18:00",2,255.25,4,2,1,"Loyal"
12746.0,"2010-06-17 10:41:00",1,254.55,4,1,1,"At risk"
12604.0,"2011-09-21 14:08:00",2,254.18,2,2,1,"At risk"
15923.0,"2010-12-02 12:16:00",1,254.16,3,1,1,"At risk"
17992.0,"2010-11-15 13:04:00",1,254.13,4,1,1,"At risk"
14765.0,"2011-11-10 19:53:00",3,254.11,2,3,1,"At risk"
17626.0,"2010-04-16 12:15:00",1,254.00,4,1,1,"At risk"
16845.0,"2010-03-31 13:09:00",1,253.88,4,1,1,"At risk"
17210.0,"2010-11-12 12:15:00",1,253.37,4,1,1,"At risk"
15035.0,"2011-09-11 11:08:00",1,252.73,2,1,1,"At risk"
13251.0,"2010-11-02 13:20:00",1,252.68,4,1,1,"At risk"
16908.0,"2009-12-17 13:35:00",1,252.59,4,1,1,"At risk"
15552.0,"2011-05-06 14:47:00",2,252.52,3,2,1,"Loyal"
13404.0,"2011-12-08 15:37:00",2,252.49,1,2,1,"Lost"
13645.0,"2011-08-11 16:11:00",1,252.10,3,1,1,"At risk"
16453.0,"2010-06-27 12:46:00",2,251.71,4,2,1,"Loyal"
16976.0,"2011-03-17 16:33:00",1,251.52,3,1,1,"At risk"
14501.0,"2011-06-09 12:02:00",2,251.21,3,2,1,"Loyal"
18266.0,"2010-10-01 15:33:00",1,251.10,4,1,1,"At risk"
16962.0,"2010-10-26 11:36:00",1,251.04,4,1,1,"At risk"
15231.0,"2010-03-28 15:12:00",1,250.26,4,1,1,"At risk"
17303.0,"2010-12-13 13:32:00",1,250.04,3,1,1,"At risk"
15510.0,"2011-01-13 12:10:00",1,250.00,3,1,1,"At risk"
18002.0,"2010-11-29 10:57:00",4,249.92,3,3,1,"Loyal"
18005.0,"2011-12-06 11:51:00",2,249.72,1,2,1,"Lost"
15884.0,"2010-10-03 15:55:00",2,249.70,4,2,1,"Loyal"
13747.0,"2010-12-01 10:37:00",2,249.40,3,2,1,"Loyal"
12563.0,"2010-10-27 09:52:00",1,249.24,4,1,1,"At risk"
16508.0,"2010-03-19 13:41:00",1,248.80,4,1,1,"At risk"
13061.0,"2011-09-28 16:04:00",1,248.61,2,1,1,"At risk"
13592.0,"2011-11-04 09:49:00",4,247.96,2,3,1,"At risk"
15293.0,"2010-02-12 11:54:00",1,247.50,4,1,1,"At risk"
18072.0,"2011-06-07 10:44:00",1,247.44,3,1,1,"At risk"
13349.0,"2011-11-29 08:07:00",1,247.32,1,1,1,"Lost"
14658.0,"2011-12-04 15:35:00",2,247.15,1,2,1,"Lost"
14654.0,"2009-12-01 12:57:00",1,246.86,4,1,1,"At risk"
15697.0,"2010-01-19 09:10:00",1,246.75,4,1,1,"At risk"
13943.0,"2010-05-11 11:30:00",1,246.54,4,1,1,"At risk"
15495.0,"2010-11-25 13:46:00",1,246.50,3,1,1,"At risk"
15378.0,"2010-09-03 11:30:00",2,246.50,4,2,1,"Loyal"
15783.0,"2011-11-29 09:50:00",1,246.30,1,1,1,"Lost"
18153.0,"2010-02-18 15:50:00",1,246.22,4,1,1,"At risk"
16778.0,"2011-09-26 13:48:00",2,245.94,2,2,1,"At risk"
14325.0,"2010-05-19 09:20:00",1,245.48,4,1,1,"At risk"
14281.0,"2010-10-27 14:45:00",1,245.15,4,1,1,"At risk"
12660.0,"2011-11-28 13:26:00",1,245.10,1,1,1,"Lost"
15118.0,"2011-07-28 14:54:00",1,244.80,3,1,1,"At risk"
16528.0,"2011-12-06 12:45:00",1,244.41,1,1,1,"Lost"
14694.0,"2010-04-01 19:46:00",1,244.31,4,1,1,"At risk"
13551.0,"2011-01-24 14:46:00",2,244.20,3,2,1,"Loyal"
17892.0,"2011-10-14 16:49:00",3,244.10,2,3,1,"At risk"
13676.0,"2010-06-18 17:30:00",2,243.90,4,2,1,"Loyal"
16793.0,"2011-10-13 15:08:00",1,243.84,2,1,1,"At risk"
13886.0,"2011-09-29 13:17:00",1,243.56,2,1,1,"At risk"
15543.0,"2011-02-24 15:26:00",2,242.84,3,2,1,"Loyal"
16215.0,"2011-09-20 10:18:00",1,242.35,2,1,1,"At risk"
17915.0,"2010-06-06 13:22:00",1,242.13,4,1,1,"At risk"
17009.0,"2010-06-06 16:01:00",1,242.06,4,1,1,"At risk"
13445.0,"2010-03-23 15:34:00",1,241.90,4,1,1,"At risk"
13582.0,"2010-11-15 11:34:00",2,241.68,4,2,1,"Loyal"
13275.0,"2010-11-21 12:09:00",2,241.66,4,2,1,"Loyal"
15776.0,"2011-07-29 13:46:00",1,241.62,3,1,1,"At risk"
14774.0,"2010-06-29 12:26:00",1,241.45,4,1,1,"At risk"
14523.0,"2011-08-23 13:13:00",1,241.09,3,1,1,"At risk"
16427.0,"2011-03-21 17:10:00",2,241.06,3,2,1,"Loyal"
13674.0,"2010-10-03 10:41:00",1,240.68,4,1,1,"At risk"
15286.0,"2011-10-21 11:08:00",1,240.55,2,1,1,"At risk"
15336.0,"2010-11-03 12:39:00",1,240.50,4,1,1,"At risk"
15931.0,"2010-10-07 16:46:00",1,239.90,4,1,1,"At risk"
15690.0,"2011-12-05 15:59:00",2,239.76,1,2,1,"Lost"
17055.0,"2010-09-20 12:21:00",1,239.55,4,1,1,"At risk"
13570.0,"2011-04-10 13:36:00",1,239.49,3,1,1,"At risk"
13789.0,"2010-11-16 15:31:00",1,239.46,4,1,1,"At risk"
17684.0,"2011-10-27 11:10:00",1,239.41,2,1,1,"At risk"
12663.0,"2010-03-25 09:40:00",2,239.40,4,2,1,"Loyal"
17981.0,"2010-10-25 10:40:00",1,239.12,4,1,1,"At risk"
12561.0,"2011-02-10 11:39:00",1,238.85,3,1,1,"At risk"
12718.0,"2011-09-29 16:38:00",1,238.25,2,1,1,"At risk"
16280.0,"2009-12-14 15:49:00",1,238.05,4,1,1,"At risk"
14982.0,"2010-05-16 15:52:00",1,237.78,4,1,1,"At risk"
17877.0,"2011-06-22 13:00:00",1,237.61,3,1,1,"At risk"
14458.0,"2010-11-24 12:43:00",1,237.42,4,1,1,"At risk"
14586.0,"2011-03-08 10:04:00",1,237.36,3,1,1,"At risk"
15457.0,"2011-03-22 15:31:00",1,237.07,3,1,1,"At risk"
16740.0,"2010-11-09 13:34:00",1,236.81,4,1,1,"At risk"
12732.0,"2011-06-13 11:33:00",1,236.26,3,1,1,"At risk"
13608.0,"2010-06-17 12:28:00",1,236.20,4,1,1,"At risk"
13088.0,"2010-10-18 15:35:00",1,236.11,4,1,1,"At risk"
16026.0,"2011-10-27 13:53:00",1,236.09,2,1,1,"At risk"
17093.0,"2010-04-26 10:22:00",1,235.88,4,1,1,"At risk"
17872.0,"2010-11-23 12:02:00",1,235.87,4,1,1,"At risk"
16046.0,"2010-05-26 13:18:00",1,235.78,4,1,1,"At risk"
17993.0,"2010-04-01 14:23:00",1,235.19,4,1,1,"At risk"
12392.0,"2010-04-27 14:04:00",1,234.75,4,1,1,"At risk"
17868.0,"2010-11-18 18:55:00",1,234.65,4,1,1,"At risk"
13114.0,"2009-12-09 09:56:00",1,234.38,4,1,1,"At risk"
14473.0,"2011-09-26 15:10:00",2,234.34,2,2,1,"At risk"
17060.0,"2011-03-18 13:27:00",1,234.24,3,1,1,"At risk"
12736.0,"2011-01-11 07:57:00",1,234.00,3,1,1,"At risk"
13009.0,"2010-02-05 12:22:00",1,234.00,4,1,1,"At risk"
13348.0,"2011-10-06 17:28:00",1,233.76,2,1,1,"At risk"
14153.0,"2010-08-13 14:35:00",1,233.40,4,1,1,"At risk"
15294.0,"2010-10-25 11:45:00",1,233.35,4,1,1,"At risk"
13129.0,"2010-09-13 13:47:00",2,233.25,4,2,1,"Loyal"
14995.0,"2011-11-01 11:39:00",2,233.23,2,2,1,"At risk"
16302.0,"2011-08-05 09:44:00",1,233.22,3,1,1,"At risk"
15451.0,"2010-10-01 13:40:00",2,233.21,4,2,1,"Loyal"
13678.0,"2011-07-11 10:14:00",1,232.60,3,1,1,"At risk"
18213.0,"2011-04-17 10:21:00",1,232.48,3,1,1,"At risk"
16408.0,"2010-04-27 14:08:00",1,231.93,4,1,1,"At risk"
17151.0,"2009-12-04 14:56:00",1,231.90,4,1,1,"At risk"
13619.0,"2010-06-13 11:39:00",2,231.69,4,2,1,"Loyal"
17136.0,"2010-02-15 13:13:00",1,231.68,4,1,1,"At risk"
18279.0,"2010-07-08 14:48:00",1,231.34,4,1,1,"At risk"
15487.0,"2010-01-29 12:07:00",1,231.32,4,1,1,"At risk"
15001.0,"2010-11-10 13:51:00",2,230.86,4,2,1,"Loyal"
18030.0,"2011-12-05 16:37:00",2,230.65,1,2,1,"Lost"
15866.0,"2011-08-30 14:09:00",1,230.53,3,1,1,"At risk"
17261.0,"2010-07-18 11:49:00",1,230.44,4,1,1,"At risk"
13960.0,"2011-11-18 15:27:00",2,230.22,1,2,1,"Lost"
18197.0,"2010-05-13 10:46:00",1,230.10,4,1,1,"At risk"
14069.0,"2010-07-13 12:12:00",2,230.06,4,2,1,"Loyal"
14314.0,"2011-08-25 10:39:00",2,229.80,3,2,1,"Loyal"
14017.0,"2010-05-17 14:52:00",1,229.75,4,1,1,"At risk"
12812.0,"2011-10-26 09:54:00",1,229.64,2,1,1,"At risk"
13403.0,"2011-11-22 08:28:00",3,229.50,1,3,1,"Lost"
14596.0,"2010-03-23 12:13:00",1,229.47,4,1,1,"At risk"
17185.0,"2010-04-27 12:15:00",3,229.46,4,3,1,"Champion"
15528.0,"2011-03-30 16:14:00",1,229.33,3,1,1,"At risk"
17743.0,"2010-09-17 14:54:00",1,229.20,4,1,1,"At risk"
15273.0,"2010-04-19 11:31:00",1,228.96,4,1,1,"At risk"
17347.0,"2011-09-14 13:12:00",1,228.96,2,1,1,"At risk"
13146.0,"2011-11-13 15:29:00",1,228.91,2,1,1,"At risk"
17989.0,"2010-11-25 13:49:00",1,228.83,3,1,1,"At risk"
17066.0,"2009-12-13 13:24:00",1,228.34,4,1,1,"At risk"
16760.0,"2010-10-05 15:55:00",1,228.00,4,1,1,"At risk"
15566.0,"2010-11-12 12:11:00",2,227.87,4,2,1,"Loyal"
14363.0,"2010-11-02 17:01:00",2,227.47,4,2,1,"Loyal"
18021.0,"2010-07-18 10:52:00",2,227.06,4,2,1,"Loyal"
18132.0,"2010-07-23 16:54:00",1,226.90,4,1,1,"At risk"
13651.0,"2011-11-04 14:59:00",3,226.85,2,3,1,"At risk"
16540.0,"2010-10-21 17:22:00",1,226.70,4,1,1,"At risk"
14718.0,"2010-10-25 13:07:00",1,226.42,4,1,1,"At risk"
16666.0,"2011-11-20 14:01:00",2,225.94,1,2,1,"Lost"
14357.0,"2011-10-27 16:23:00",1,225.77,2,1,1,"At risk"
16622.0,"2010-06-14 10:44:00",1,225.40,4,1,1,"At risk"
16587.0,"2011-04-21 15:51:00",1,225.15,3,1,1,"At risk"
16346.0,"2010-11-19 15:55:00",1,224.51,4,1,1,"At risk"
15175.0,"2011-09-29 11:31:00",1,224.14,2,1,1,"At risk"
12914.0,"2010-11-04 12:28:00",1,223.98,4,1,1,"At risk"
16753.0,"2011-10-12 13:14:00",1,223.92,2,1,1,"At risk"
14928.0,"2010-03-22 09:14:00",1,223.91,4,1,1,"At risk"
16562.0,"2010-08-20 11:45:00",1,223.86,4,1,1,"At risk"
13926.0,"2011-11-16 13:16:00",1,223.85,1,1,1,"Lost"
18131.0,"2010-03-18 08:48:00",1,222.96,4,1,1,"At risk"
12887.0,"2010-11-21 11:18:00",1,222.40,4,1,1,"At risk"
15897.0,"2011-05-29 13:50:00",2,222.05,3,2,1,"Loyal"
15788.0,"2010-07-19 12:48:00",1,221.83,4,1,1,"At risk"
14445.0,"2010-09-10 11:09:00",1,221.65,4,1,1,"At risk"
17087.0,"2009-12-02 10:41:00",1,221.53,4,1,1,"At risk"
14960.0,"2011-12-01 12:54:00",2,221.27,1,2,1,"Lost"
13419.0,"2011-10-07 12:49:00",1,221.06,2,1,1,"At risk"
15790.0,"2011-11-29 14:53:00",1,220.85,1,1,1,"Lost"
12821.0,"2011-05-09 15:51:00",2,220.80,3,2,1,"Loyal"
16482.0,"2011-11-24 12:33:00",1,220.62,1,1,1,"Lost"
13033.0,"2010-12-17 14:23:00",2,220.55,3,2,1,"Loyal"
18007.0,"2010-11-12 11:08:00",1,220.32,4,1,1,"At risk"
18114.0,"2011-02-22 13:20:00",1,220.10,3,1,1,"At risk"
13454.0,"2010-03-08 14:40:00",1,219.87,4,1,1,"At risk"
13992.0,"2011-11-09 15:23:00",3,219.50,2,3,1,"At risk"
14074.0,"2010-03-26 13:55:00",1,219.40,4,1,1,"At risk"
15096.0,"2011-10-28 10:27:00",1,219.39,2,1,1,"At risk"
12799.0,"2010-06-28 15:57:00",1,219.35,4,1,1,"At risk"
14271.0,"2011-04-28 12:47:00",2,219.13,3,2,1,"Loyal"
12702.0,"2011-11-20 10:36:00",1,219.00,1,1,1,"Lost"
15086.0,"2010-05-24 12:27:00",2,218.53,4,2,1,"Loyal"
17619.0,"2011-01-31 14:18:00",1,218.52,3,1,1,"At risk"
12574.0,"2011-01-28 09:20:00",1,218.45,3,1,1,"At risk"
17217.0,"2011-04-19 17:19:00",2,218.00,3,2,1,"Loyal"
15591.0,"2010-05-06 09:23:00",3,217.90,4,3,1,"Champion"
16874.0,"2010-11-25 13:08:00",1,217.74,3,1,1,"At risk"
16035.0,"2010-05-28 15:09:00",1,217.73,4,1,1,"At risk"
15490.0,"2010-10-05 13:11:00",1,217.60,4,1,1,"At risk"
13271.0,"2011-11-02 14:31:00",1,217.38,2,1,1,"At risk"
15295.0,"2010-02-23 13:03:00",1,217.24,4,1,1,"At risk"
15554.0,"2011-03-07 09:00:00",1,217.20,3,1,1,"At risk"
13423.0,"2010-10-07 09:02:00",1,217.03,4,1,1,"At risk"
15401.0,"2010-09-13 13:42:00",2,216.95,4,2,1,"Loyal"
15460.0,"2010-12-20 16:08:00",1,216.76,3,1,1,"At risk"
17902.0,"2010-06-11 12:25:00",1,216.40,4,1,1,"At risk"
15604.0,"2011-10-18 14:47:00",1,216.39,2,1,1,"At risk"
13858.0,"2011-10-13 16:17:00",1,216.17,2,1,1,"At risk"
16179.0,"2011-10-10 09:41:00",1,215.83,2,1,1,"At risk"
15052.0,"2011-01-24 15:52:00",1,215.78,3,1,1,"At risk"
14476.0,"2011-03-27 15:39:00",1,215.70,3,1,1,"At risk"
16189.0,"2011-11-24 11:47:00",2,215.48,1,2,1,"Lost"
14376.0,"2010-01-25 15:36:00",1,215.46,4,1,1,"At risk"
18157.0,"2010-05-17 14:09:00",1,215.35,4,1,1,"At risk"
14635.0,"2010-09-12 10:47:00",1,215.22,4,1,1,"At risk"
14106.0,"2009-12-02 14:09:00",1,214.80,4,1,1,"At risk"
16338.0,"2011-07-05 13:56:00",1,214.80,3,1,1,"At risk"
14361.0,"2010-05-10 12:29:00",1,214.71,4,1,1,"At risk"
15558.0,"2010-03-10 15:25:00",1,214.13,4,1,1,"At risk"
14601.0,"2011-11-29 09:48:00",1,213.96,1,1,1,"Lost"
13621.0,"2011-08-15 08:26:00",1,213.85,3,1,1,"At risk"
17153.0,"2011-11-15 13:42:00",1,213.78,1,1,1,"Lost"
13411.0,"2011-08-24 13:57:00",1,213.55,3,1,1,"At risk"
16591.0,"2011-10-02 10:43:00",1,213.50,2,1,1,"At risk"
13724.0,"2010-03-12 15:28:00",1,213.01,4,1,1,"At risk"
13691.0,"2010-11-08 17:34:00",1,212.78,4,1,1,"At risk"
12961.0,"2010-11-25 16:44:00",1,211.99,3,1,1,"At risk"
12470.0,"2010-01-19 11:01:00",1,211.95,4,1,1,"At risk"
14843.0,"2010-09-29 12:39:00",1,211.80,4,1,1,"At risk"
15703.0,"2011-03-20 10:51:00",1,211.50,3,1,1,"At risk"
12995.0,"2011-09-15 15:44:00",1,211.32,2,1,1,"At risk"
14992.0,"2010-09-23 17:48:00",1,210.50,4,1,1,"At risk"
17271.0,"2009-12-03 13:49:00",1,210.39,4,1,1,"At risk"
13532.0,"2011-11-06 12:25:00",1,210.31,2,1,1,"At risk"
17484.0,"2010-05-12 15:41:00",2,209.57,4,2,1,"Loyal"
13828.0,"2011-11-17 16:02:00",1,209.49,1,1,1,"Lost"
13056.0,"2010-06-06 14:10:00",1,209.48,4,1,1,"At risk"
14003.0,"2009-12-07 08:53:00",1,209.41,4,1,1,"At risk"
16487.0,"2010-05-11 13:38:00",2,209.40,4,2,1,"Loyal"
15112.0,"2010-04-07 14:17:00",1,209.40,4,1,1,"At risk"
17026.0,"2011-06-07 14:28:00",3,208.98,3,3,1,"Loyal"
15327.0,"2011-10-18 11:55:00",1,208.75,2,1,1,"At risk"
13290.0,"2010-09-27 16:29:00",1,208.63,4,1,1,"At risk"
15741.0,"2010-09-07 16:21:00",2,208.62,4,2,1,"Loyal"
16914.0,"2011-11-03 15:27:00",1,208.46,2,1,1,"At risk"
16457.0,"2011-05-05 13:19:00",1,208.36,3,1,1,"At risk"
15212.0,"2011-04-12 13:45:00",2,208.28,3,2,1,"Loyal"
12848.0,"2010-02-02 12:45:00",1,208.00,4,1,1,"At risk"
16964.0,"2009-12-06 12:53:00",2,207.85,4,2,1,"Loyal"
16866.0,"2011-07-22 10:06:00",3,207.74,3,3,1,"Loyal"
13099.0,"2011-09-01 17:40:00",1,207.36,3,1,1,"At risk"
15925.0,"2011-05-29 15:35:00",1,207.15,3,1,1,"At risk"
15820.0,"2011-01-24 12:00:00",1,206.98,3,1,1,"At risk"
18126.0,"2011-10-10 12:19:00",1,206.83,2,1,1,"At risk"
17166.0,"2011-11-01 09:46:00",2,206.34,2,2,1,"At risk"
14964.0,"2011-04-06 14:13:00",1,206.21,3,1,1,"At risk"
14519.0,"2010-01-25 11:18:00",2,206.09,4,2,1,"Loyal"
15914.0,"2010-11-26 16:10:00",2,205.99,3,2,1,"Loyal"
16090.0,"2010-03-25 13:05:00",1,205.91,4,1,1,"At risk"
14278.0,"2010-10-26 12:07:00",1,205.83,4,1,1,"At risk"
17670.0,"2011-04-26 09:12:00",1,205.70,3,1,1,"At risk"
16490.0,"2010-09-29 16:30:00",1,205.41,4,1,1,"At risk"
14602.0,"2010-02-21 15:47:00",1,205.36,4,1,1,"At risk"
15307.0,"2011-09-05 11:38:00",1,205.30,3,1,1,"At risk"
15758.0,"2011-11-15 10:48:00",1,205.25,1,1,1,"Lost"
12400.0,"2010-10-21 13:45:00",1,205.25,4,1,1,"At risk"
17112.0,"2010-07-25 11:14:00",1,205.17,4,1,1,"At risk"
15319.0,"2011-03-01 12:48:00",1,204.50,3,1,1,"At risk"
16901.0,"2009-12-10 16:30:00",1,204.26,4,1,1,"At risk"
14468.0,"2009-12-06 12:21:00",1,204.24,4,1,1,"At risk"
17206.0,"2011-10-17 13:25:00",1,204.24,2,1,1,"At risk"
13017.0,"2011-12-02 15:53:00",1,204.00,1,1,1,"Lost"
17394.0,"2011-05-04 13:22:00",1,203.87,3,1,1,"At risk"
17891.0,"2011-06-30 20:08:00",1,203.86,3,1,1,"At risk"
15020.0,"2010-11-25 13:29:00",1,203.42,3,1,1,"At risk"
17074.0,"2010-05-26 12:04:00",1,203.05,4,1,1,"At risk"
15459.0,"2010-10-18 15:25:00",2,202.83,4,2,1,"Loyal"
18169.0,"2011-10-10 12:18:00",1,202.65,2,1,1,"At risk"
12416.0,"2010-02-21 10:19:00",1,202.56,4,1,1,"At risk"
14892.0,"2010-01-18 08:58:00",1,202.35,4,1,1,"At risk"
14385.0,"2011-11-30 15:36:00",3,202.11,1,3,1,"Lost"
16937.0,"2010-07-28 17:56:00",1,202.10,4,1,1,"At risk"
16965.0,"2011-04-27 12:08:00",1,201.19,3,1,1,"At risk"
13284.0,"2011-01-13 09:23:00",1,201.19,3,1,1,"At risk"
18281.0,"2011-06-12 10:53:00",2,201.14,3,2,1,"Loyal"
13556.0,"2010-10-06 16:44:00",2,200.82,4,2,1,"Loyal"
14330.0,"2010-03-26 09:10:00",1,200.63,4,1,1,"At risk"
17693.0,"2011-07-25 15:48:00",1,200.47,3,1,1,"At risk"
13133.0,"2011-03-11 10:31:00",3,200.45,3,3,1,"Loyal"
13944.0,"2010-02-24 15:02:00",1,200.43,4,1,1,"At risk"
14782.0,"2011-01-24 11:12:00",1,200.10,3,1,1,"At risk"
15593.0,"2011-09-30 11:46:00",1,199.80,2,1,1,"At risk"
13322.0,"2011-11-22 14:21:00",1,199.48,1,1,1,"Lost"
14521.0,"2010-08-05 16:35:00",1,199.45,4,1,1,"At risk"
17184.0,"2010-05-19 14:24:00",2,198.41,4,2,1,"Loyal"
12581.0,"2011-10-31 08:56:00",1,197.71,2,1,1,"At risk"
17778.0,"2010-02-16 12:44:00",1,197.70,4,1,1,"At risk"
14185.0,"2011-01-12 13:52:00",1,197.65,3,1,1,"At risk"
14789.0,"2011-11-11 08:59:00",1,197.64,2,1,1,"At risk"
12927.0,"2010-11-10 10:02:00",1,197.31,4,1,1,"At risk"
14830.0,"2011-10-17 14:29:00",1,197.13,2,1,1,"At risk"
15234.0,"2011-03-08 08:53:00",1,197.00,3,1,1,"At risk"
13436.0,"2011-12-08 10:33:00",1,196.89,1,1,1,"Lost"
15746.0,"2011-07-28 15:21:00",1,196.88,3,1,1,"At risk"
13978.0,"2011-11-25 11:36:00",2,196.79,1,2,1,"Lost"
16112.0,"2011-07-19 14:28:00",4,195.74,3,3,1,"Loyal"
13757.0,"2010-02-03 12:37:00",1,195.55,4,1,1,"At risk"
17010.0,"2011-11-21 14:49:00",1,195.36,1,1,1,"Lost"
14666.0,"2011-11-15 12:57:00",1,195.25,1,1,1,"Lost"
15612.0,"2011-11-03 14:52:00",2,195.15,2,2,1,"At risk"
14405.0,"2010-11-18 11:40:00",1,195.00,4,1,1,"At risk"
13671.0,"2010-11-10 10:50:00",1,194.95,4,1,1,"At risk"
14100.0,"2011-07-25 11:01:00",1,194.90,3,1,1,"At risk"
17468.0,"2011-11-29 15:33:00",3,194.80,1,3,1,"Lost"
17065.0,"2010-03-12 11:41:00",2,194.70,4,2,1,"Loyal"
17475.0,"2011-09-21 14:55:00",1,194.37,2,1,1,"At risk"
16299.0,"2010-08-19 17:46:00",1,193.65,4,1,1,"At risk"
16695.0,"2010-05-27 12:36:00",2,193.15,4,2,1,"Loyal"
14801.0,"2011-10-09 15:24:00",1,193.14,2,1,1,"At risk"
13568.0,"2011-06-19 14:42:00",1,192.85,3,1,1,"At risk"
17257.0,"2010-09-29 12:51:00",2,192.73,4,2,1,"Loyal"
12522.0,"2011-10-31 15:30:00",2,192.72,2,2,1,"At risk"
14768.0,"2011-11-22 12:54:00",2,192.60,1,2,1,"Lost"
15729.0,"2011-05-11 12:36:00",3,192.55,3,3,1,"Loyal"
18028.0,"2010-05-05 13:28:00",1,192.05,4,1,1,"At risk"
15909.0,"2011-06-19 10:38:00",1,191.94,3,1,1,"At risk"
14279.0,"2010-07-07 08:42:00",2,191.86,4,2,1,"Loyal"
17904.0,"2011-11-18 12:57:00",1,191.67,1,1,1,"Lost"
15692.0,"2011-11-11 14:12:00",1,191.04,2,1,1,"At risk"
15954.0,"2010-04-29 13:35:00",1,190.75,4,1,1,"At risk"
14728.0,"2010-10-22 15:57:00",1,190.58,4,1,1,"At risk"
15688.0,"2010-10-17 12:06:00",1,190.57,4,1,1,"At risk"
15412.0,"2011-06-21 15:24:00",1,190.53,3,1,1,"At risk"
18020.0,"2010-06-14 12:31:00",1,190.48,4,1,1,"At risk"
14617.0,"2010-11-02 11:41:00",2,190.47,4,2,1,"Loyal"
13766.0,"2010-08-01 14:25:00",1,190.35,4,1,1,"At risk"
13972.0,"2011-09-30 11:54:00",2,190.25,2,2,1,"At risk"
17885.0,"2011-11-27 14:40:00",1,190.19,1,1,1,"Lost"
18046.0,"2010-02-28 11:36:00",1,189.63,4,1,1,"At risk"
13826.0,"2011-06-16 13:48:00",1,189.50,3,1,1,"At risk"
13387.0,"2010-10-18 14:07:00",1,189.44,4,1,1,"At risk"
18045.0,"2011-10-25 13:07:00",1,189.40,2,1,1,"At risk"
16673.0,"2010-01-29 14:22:00",1,188.83,4,1,1,"At risk"
16277.0,"2009-12-06 11:27:00",1,188.69,4,1,1,"At risk"
14697.0,"2011-05-05 15:39:00",2,188.61,3,2,1,"Loyal"
17283.0,"2010-11-26 11:53:00",1,188.46,3,1,1,"At risk"
16051.0,"2010-01-27 09:38:00",1,188.44,4,1,1,"At risk"
13063.0,"2010-08-16 12:27:00",1,188.40,4,1,1,"At risk"
12893.0,"2011-11-09 12:34:00",1,188.14,2,1,1,"At risk"
17781.0,"2011-07-03 16:00:00",2,188.02,3,2,1,"Loyal"
14131.0,"2010-03-01 11:59:00",1,187.87,4,1,1,"At risk"
17279.0,"2011-10-13 11:58:00",1,187.83,2,1,1,"At risk"
15072.0,"2010-08-17 15:46:00",1,187.52,4,1,1,"At risk"
13852.0,"2010-04-08 09:06:00",1,187.35,4,1,1,"At risk"
18013.0,"2011-07-07 14:11:00",2,187.29,3,2,1,"Loyal"
16267.0,"2010-04-27 14:10:00",1,186.66,4,1,1,"At risk"
18063.0,"2010-11-14 10:46:00",2,186.60,4,2,1,"Loyal"
17215.0,"2010-09-01 13:39:00",1,186.15,4,1,1,"At risk"
16388.0,"2010-02-24 10:20:00",1,186.05,4,1,1,"At risk"
15567.0,"2011-11-21 10:48:00",1,186.01,1,1,1,"Lost"
12641.0,"2011-08-16 13:26:00",1,185.90,3,1,1,"At risk"
14812.0,"2010-04-20 12:13:00",1,185.80,4,1,1,"At risk"
17840.0,"2010-09-22 12:24:00",1,185.72,4,1,1,"At risk"
17574.0,"2011-04-11 09:47:00",1,185.65,3,1,1,"At risk"
16559.0,"2010-11-07 13:52:00",1,185.20,4,1,1,"At risk"
14879.0,"2010-01-24 11:35:00",1,185.06,4,1,1,"At risk"
16097.0,"2011-04-13 13:47:00",1,185.05,3,1,1,"At risk"
14677.0,"2010-04-26 09:48:00",1,184.91,4,1,1,"At risk"
17803.0,"2010-11-12 13:53:00",1,184.66,4,1,1,"At risk"
14059.0,"2011-03-18 10:06:00",1,183.60,3,1,1,"At risk"
17820.0,"2010-11-30 17:43:00",1,183.56,3,1,1,"At risk"
13460.0,"2011-11-10 17:17:00",2,183.44,2,2,1,"At risk"
14119.0,"2010-11-29 10:33:00",2,183.37,3,2,1,"Loyal"
14983.0,"2010-01-19 17:32:00",1,183.20,4,1,1,"At risk"
17798.0,"2010-05-07 11:42:00",1,183.09,4,1,1,"At risk"
16819.0,"2010-08-31 17:37:00",2,182.59,4,2,1,"Loyal"
14941.0,"2010-05-10 11:30:00",1,182.10,4,1,1,"At risk"
17587.0,"2010-03-21 14:16:00",1,181.66,4,1,1,"At risk"
12934.0,"2009-12-03 10:51:00",1,181.65,4,1,1,"At risk"
16822.0,"2010-01-22 14:22:00",1,181.39,4,1,1,"At risk"
15359.0,"2010-02-15 10:47:00",8,181.35,4,4,1,"Champion"
16594.0,"2011-09-25 14:08:00",1,181.09,2,1,1,"At risk"
15292.0,"2011-05-22 15:00:00",1,180.94,3,1,1,"At risk"
14858.0,"2010-07-22 10:51:00",1,180.75,4,1,1,"At risk"
12622.0,"2011-04-21 16:39:00",1,180.10,3,1,1,"At risk"
18234.0,"2010-06-06 11:22:00",1,179.60,4,1,1,"At risk"
14945.0,"2010-10-22 11:26:00",1,179.40,4,1,1,"At risk"
16640.0,"2010-11-07 10:48:00",1,179.40,4,1,1,"At risk"
18147.0,"2011-10-25 11:46:00",2,179.34,2,2,1,"At risk"
15895.0,"2011-07-13 10:27:00",1,179.17,3,1,1,"At risk"
14705.0,"2011-05-25 12:39:00",1,179.00,3,1,1,"At risk"
15209.0,"2009-12-09 17:26:00",1,178.98,4,1,1,"At risk"
15139.0,"2011-04-14 11:39:00",2,178.96,3,2,1,"Loyal"
16691.0,"2010-10-17 15:03:00",2,178.83,4,2,1,"Loyal"
17170.0,"2010-11-30 15:55:00",2,178.68,3,2,1,"Loyal"
17879.0,"2011-06-19 12:36:00",1,178.52,3,1,1,"At risk"
12686.0,"2010-12-03 09:51:00",1,178.28,3,1,1,"At risk"
17253.0,"2011-11-21 12:59:00",1,178.26,1,1,1,"Lost"
18282.0,"2011-12-02 11:43:00",2,178.05,1,2,1,"Lost"
12858.0,"2010-11-21 12:55:00",1,177.92,4,1,1,"At risk"
16403.0,"2011-01-31 13:39:00",1,177.50,3,1,1,"At risk"
13618.0,"2011-06-19 11:09:00",1,177.34,3,1,1,"At risk"
12618.0,"2011-11-18 11:10:00",1,177.31,1,1,1,"Lost"
13072.0,"2011-03-18 08:12:00",1,177.15,3,1,1,"At risk"
17036.0,"2010-11-21 14:26:00",1,176.90,4,1,1,"At risk"
16285.0,"2010-03-03 16:03:00",1,176.90,4,1,1,"At risk"
13746.0,"2010-10-22 11:55:00",1,176.69,4,1,1,"At risk"
17947.0,"2011-11-02 13:05:00",1,176.68,2,1,1,"At risk"
14287.0,"2011-12-01 13:25:00",3,176.63,1,3,1,"Lost"
12509.0,"2011-02-28 14:45:00",1,176.50,3,1,1,"At risk"
18054.0,"2010-11-12 08:18:00",1,176.50,4,1,1,"At risk"
18175.0,"2010-02-02 10:25:00",1,176.10,4,1,1,"At risk"
18274.0,"2011-11-09 17:03:00",1,175.92,2,1,1,"At risk"
13547.0,"2010-10-27 14:14:00",1,175.53,4,1,1,"At risk"
18166.0,"2010-03-26 12:26:00",1,175.50,4,1,1,"At risk"
14486.0,"2010-07-16 09:42:00",2,175.50,4,2,1,"Loyal"
13007.0,"2010-05-09 10:38:00",1,175.25,4,1,1,"At risk"
17331.0,"2011-08-08 11:55:00",1,175.20,3,1,1,"At risk"
16144.0,"2011-04-07 10:09:00",1,175.20,3,1,1,"At risk"
17108.0,"2010-02-14 12:22:00",1,174.95,4,1,1,"At risk"
14495.0,"2011-10-20 12:28:00",3,174.80,2,3,1,"At risk"
18010.0,"2011-03-28 12:27:00",1,174.80,3,1,1,"At risk"
14518.0,"2011-10-06 14:43:00",1,174.37,2,1,1,"At risk"
13560.0,"2011-12-02 13:11:00",1,174.37,1,1,1,"Lost"
16731.0,"2010-03-01 15:05:00",1,174.05,4,1,1,"At risk"
15335.0,"2011-10-17 12:50:00",1,173.97,2,1,1,"At risk"
15684.0,"2010-06-10 18:51:00",3,173.95,4,3,1,"Champion"
14674.0,"2010-07-18 14:25:00",1,173.66,4,1,1,"At risk"
15565.0,"2011-10-20 14:33:00",2,173.16,2,2,1,"At risk"
16741.0,"2010-03-24 15:15:00",1,173.06,4,1,1,"At risk"
16599.0,"2010-11-19 12:45:00",1,172.80,4,1,1,"At risk"
13195.0,"2010-10-21 13:07:00",1,172.38,4,1,1,"At risk"
13690.0,"2011-10-11 15:03:00",1,172.25,2,1,1,"At risk"
12442.0,"2011-12-06 14:22:00",1,172.06,1,1,1,"Lost"
15515.0,"2010-11-17 13:39:00",1,171.81,4,1,1,"At risk"
14536.0,"2011-03-25 12:21:00",1,171.80,3,1,1,"At risk"
17983.0,"2010-11-09 13:24:00",1,171.71,4,1,1,"At risk"
17575.0,"2010-02-10 13:48:00",1,171.70,4,1,1,"At risk"
16312.0,"2010-10-03 14:15:00",1,171.15,4,1,1,"At risk"
15403.0,"2010-08-05 12:21:00",2,170.88,4,2,1,"Loyal"
14811.0,"2010-11-17 13:09:00",1,170.50,4,1,1,"At risk"
17922.0,"2010-06-14 16:32:00",1,170.40,4,1,1,"At risk"
15256.0,"2011-07-14 11:47:00",2,170.40,3,2,1,"Loyal"
14860.0,"2011-11-20 14:17:00",1,170.32,1,1,1,"Lost"
14218.0,"2011-10-28 10:00:00",1,169.48,2,1,1,"At risk"
18004.0,"2010-12-12 13:47:00",1,169.47,3,1,1,"At risk"
16002.0,"2010-03-24 13:08:00",1,169.21,4,1,1,"At risk"
15647.0,"2010-10-20 15:09:00",1,169.00,4,1,1,"At risk"
12367.0,"2011-12-05 16:48:00",1,168.90,1,1,1,"Lost"
12768.0,"2010-09-15 12:08:00",1,168.69,4,1,1,"At risk"
14578.0,"2011-12-06 17:18:00",1,168.63,1,1,1,"Lost"
17367.0,"2011-04-15 14:21:00",1,168.40,3,1,1,"At risk"
18099.0,"2011-08-04 15:52:00",1,168.31,3,1,1,"At risk"
17737.0,"2011-11-30 15:16:00",2,168.24,1,2,1,"Lost"
12551.0,"2010-12-17 11:23:00",1,168.00,3,1,1,"At risk"
18088.0,"2011-10-09 13:41:00",1,167.67,2,1,1,"At risk"
17559.0,"2010-07-15 12:02:00",1,167.62,4,1,1,"At risk"
18037.0,"2011-07-08 13:39:00",15,167.42,3,4,1,"Loyal"
17586.0,"2010-03-30 13:12:00",1,167.40,4,1,1,"At risk"
13609.0,"2010-04-25 13:26:00",1,167.35,4,1,1,"At risk"
16405.0,"2011-02-10 15:24:00",2,167.25,3,2,1,"Loyal"
15166.0,"2010-08-29 12:31:00",1,167.16,4,1,1,"At risk"
18107.0,"2010-09-23 13:03:00",1,167.13,4,1,1,"At risk"
17875.0,"2010-01-20 15:30:00",1,167.10,4,1,1,"At risk"
15509.0,"2010-11-24 14:48:00",1,166.51,4,1,1,"At risk"
18014.0,"2011-11-11 15:28:00",1,166.42,2,1,1,"At risk"
13967.0,"2011-07-17 12:02:00",2,166.30,3,2,1,"Loyal"
17650.0,"2011-11-18 14:52:00",1,166.08,1,1,1,"Lost"
14485.0,"2011-11-01 12:25:00",1,165.75,2,1,1,"At risk"
13903.0,"2010-11-04 17:44:00",1,165.45,4,1,1,"At risk"
13470.0,"2011-09-01 14:57:00",2,165.00,3,2,1,"Loyal"
15316.0,"2011-01-17 11:34:00",1,165.00,3,1,1,"At risk"
16663.0,"2009-12-10 13:12:00",1,165.00,4,1,1,"At risk"
13191.0,"2010-02-19 17:02:00",1,164.69,4,1,1,"At risk"
15904.0,"2011-12-01 14:50:00",1,164.68,1,1,1,"Lost"
17535.0,"2011-03-04 15:20:00",1,164.40,3,1,1,"At risk"
13603.0,"2011-11-13 15:57:00",1,164.34,2,1,1,"At risk"
17318.0,"2009-12-14 13:11:00",1,164.28,4,1,1,"At risk"
17417.0,"2010-06-09 10:00:00",1,164.18,4,1,1,"At risk"
14516.0,"2010-07-11 14:07:00",1,163.92,4,1,1,"At risk"
18200.0,"2011-08-25 18:45:00",1,163.80,3,1,1,"At risk"
16662.0,"2010-11-10 16:56:00",1,163.80,4,1,1,"At risk"
14955.0,"2009-12-07 11:35:00",1,163.77,4,1,1,"At risk"
14354.0,"2011-12-04 11:32:00",2,163.62,1,2,1,"Lost"
15474.0,"2010-04-23 11:14:00",1,163.10,4,1,1,"At risk"
16517.0,"2011-03-07 13:50:00",1,162.70,3,1,1,"At risk"
18174.0,"2011-12-02 16:56:00",2,162.50,1,2,1,"Lost"
12954.0,"2010-03-11 10:16:00",1,162.45,4,1,1,"At risk"
15733.0,"2011-03-02 09:05:00",1,162.30,3,1,1,"At risk"
15534.0,"2009-12-14 12:48:00",1,162.25,4,1,1,"At risk"
16443.0,"2010-07-07 11:57:00",1,162.24,4,1,1,"At risk"
12661.0,"2010-09-29 16:46:00",1,162.00,4,1,1,"At risk"
17971.0,"2010-06-09 14:04:00",1,161.94,4,1,1,"At risk"
17600.0,"2011-11-22 09:43:00",1,161.67,1,1,1,"Lost"
14571.0,"2010-10-10 15:06:00",1,161.65,4,1,1,"At risk"
15499.0,"2009-12-16 12:17:00",1,161.60,4,1,1,"At risk"
16113.0,"2011-06-09 16:16:00",1,161.38,3,1,1,"At risk"
13714.0,"2010-08-31 13:57:00",1,161.35,4,1,1,"At risk"
14362.0,"2011-11-17 15:08:00",1,161.20,1,1,1,"Lost"
13779.0,"2010-07-12 11:24:00",1,161.13,4,1,1,"At risk"
14089.0,"2011-10-14 10:38:00",1,161.00,2,1,1,"At risk"
13701.0,"2010-09-19 12:39:00",1,161.00,4,1,1,"At risk"
13229.0,"2011-04-28 12:07:00",1,160.95,3,1,1,"At risk"
17953.0,"2010-06-17 15:08:00",1,160.82,4,1,1,"At risk"
17605.0,"2010-04-28 14:45:00",1,160.75,4,1,1,"At risk"
17202.0,"2010-10-15 11:25:00",1,160.65,4,1,1,"At risk"
17487.0,"2009-12-11 15:06:00",1,160.55,4,1,1,"At risk"
15229.0,"2010-05-02 13:50:00",1,160.50,4,1,1,"At risk"
14814.0,"2010-05-07 14:10:00",1,160.46,4,1,1,"At risk"
16645.0,"2009-12-04 09:49:00",1,160.39,4,1,1,"At risk"
18146.0,"2011-07-22 12:08:00",2,160.35,3,2,1,"Loyal"
12966.0,"2011-11-30 12:38:00",1,160.18,1,1,1,"Lost"
13420.0,"2011-07-13 08:48:00",2,159.85,3,2,1,"Loyal"
13302.0,"2011-07-07 17:56:00",2,159.20,3,2,1,"Loyal"
16213.0,"2011-09-22 10:03:00",1,159.00,2,1,1,"At risk"
18224.0,"2011-03-21 10:30:00",1,158.95,3,1,1,"At risk"
13125.0,"2010-07-04 11:58:00",1,158.57,4,1,1,"At risk"
15548.0,"2010-04-23 12:20:00",1,158.09,4,1,1,"At risk"
15348.0,"2011-09-28 13:17:00",1,158.04,2,1,1,"At risk"
14318.0,"2010-09-05 15:32:00",1,158.02,4,1,1,"At risk"
17751.0,"2010-10-14 13:57:00",1,157.86,4,1,1,"At risk"
14207.0,"2010-01-21 09:33:00",1,157.80,4,1,1,"At risk"
14822.0,"2010-08-11 12:52:00",1,157.70,4,1,1,"At risk"
16687.0,"2010-11-14 11:46:00",1,157.63,4,1,1,"At risk"
12894.0,"2010-05-13 14:47:00",1,157.35,4,1,1,"At risk"
16371.0,"2010-09-17 12:09:00",1,157.20,4,1,1,"At risk"
17128.0,"2011-01-09 12:02:00",1,157.09,3,1,1,"At risk"
17118.0,"2011-01-26 12:19:00",1,157.02,3,1,1,"At risk"
15007.0,"2011-07-03 16:00:00",1,156.91,3,1,1,"At risk"
15742.0,"2010-03-30 15:25:00",1,156.87,4,1,1,"At risk"
13830.0,"2010-05-07 12:24:00",1,156.85,4,1,1,"At risk"
14406.0,"2011-08-12 16:54:00",1,156.75,3,1,1,"At risk"
16578.0,"2010-03-23 15:11:00",1,156.60,4,1,1,"At risk"
15438.0,"2011-07-31 14:19:00",1,156.58,3,1,1,"At risk"
15263.0,"2011-08-25 10:26:00",1,156.51,3,1,1,"At risk"
17899.0,"2011-07-03 14:58:00",1,155.80,3,1,1,"At risk"
13051.0,"2010-05-10 09:14:00",2,155.80,4,2,1,"Loyal"
17832.0,"2011-10-21 11:43:00",1,155.37,2,1,1,"At risk"
14368.0,"2011-01-24 09:52:00",1,155.00,3,1,1,"At risk"
14046.0,"2011-02-28 14:48:00",1,154.99,3,1,1,"At risk"
17698.0,"2011-03-24 11:34:00",1,154.95,3,1,1,"At risk"
15740.0,"2011-10-21 14:29:00",1,154.88,2,1,1,"At risk"
15226.0,"2011-02-02 11:41:00",1,154.41,3,1,1,"At risk"
13490.0,"2010-02-23 14:48:00",1,154.25,4,1,1,"At risk"
17517.0,"2011-02-04 11:48:00",1,153.94,3,1,1,"At risk"
15560.0,"2010-11-07 10:15:00",2,153.52,4,2,1,"Loyal"
15431.0,"2010-07-25 12:44:00",1,153.24,4,1,1,"At risk"
12602.0,"2011-10-12 11:22:00",1,153.12,2,1,1,"At risk"
16248.0,"2011-10-09 11:32:00",1,152.94,2,1,1,"At risk"
16507.0,"2010-05-16 12:56:00",1,152.76,4,1,1,"At risk"
18138.0,"2011-02-17 14:51:00",1,152.65,3,1,1,"At risk"
18113.0,"2010-12-06 12:31:00",1,152.64,3,1,1,"At risk"
14066.0,"2011-03-18 12:21:00",1,152.55,3,1,1,"At risk"
17327.0,"2010-10-26 09:54:00",2,152.35,4,2,1,"Loyal"
13653.0,"2010-08-09 08:19:00",1,152.20,4,1,1,"At risk"
16617.0,"2011-04-18 10:35:00",1,151.85,3,1,1,"At risk"
18076.0,"2010-11-24 14:02:00",1,151.49,4,1,1,"At risk"
13697.0,"2011-11-01 09:14:00",1,151.30,2,1,1,"At risk"
16337.0,"2011-11-03 10:03:00",1,151.05,2,1,1,"At risk"
14073.0,"2011-11-07 15:49:00",1,151.04,2,1,1,"At risk"
12959.0,"2010-08-12 17:20:00",1,150.95,4,1,1,"At risk"
14980.0,"2009-12-02 14:09:00",1,150.68,4,1,1,"At risk"
15991.0,"2010-06-23 15:50:00",1,150.55,4,1,1,"At risk"
14084.0,"2010-07-15 14:36:00",1,150.50,4,1,1,"At risk"
15775.0,"2011-04-08 12:56:00",2,150.50,3,2,1,"Loyal"
14845.0,"2010-04-19 10:19:00",1,150.00,4,1,1,"At risk"
17234.0,"2011-06-10 11:20:00",1,149.89,3,1,1,"At risk"
13257.0,"2010-09-29 14:58:00",1,149.75,4,1,1,"At risk"
17946.0,"2011-04-20 17:00:00",2,149.58,3,2,1,"Loyal"
18038.0,"2010-06-01 15:59:00",1,149.41,4,1,1,"At risk"
17390.0,"2010-10-15 11:29:00",1,149.30,4,1,1,"At risk"
15435.0,"2011-11-17 16:39:00",1,149.29,1,1,1,"Lost"
13003.0,"2011-08-26 10:50:00",3,149.05,3,3,1,"Loyal"
17549.0,"2011-11-16 09:59:00",2,148.86,1,2,1,"Lost"
15526.0,"2011-11-06 15:04:00",2,148.44,2,2,1,"At risk"
15283.0,"2010-11-14 14:54:00",3,148.33,4,3,1,"Champion"
17592.0,"2009-12-01 10:49:00",1,148.30,4,1,1,"At risk"
13457.0,"2010-01-20 08:48:00",2,148.22,4,2,1,"Loyal"
17859.0,"2011-02-08 10:32:00",1,148.21,3,1,1,"At risk"
13578.0,"2010-10-26 13:44:00",1,147.66,4,1,1,"At risk"
15479.0,"2009-12-06 15:08:00",1,147.40,4,1,1,"At risk"
16724.0,"2010-10-31 11:40:00",1,147.35,4,1,1,"At risk"
14098.0,"2011-11-03 10:13:00",1,147.35,2,1,1,"At risk"
17794.0,"2010-01-22 10:18:00",2,147.30,4,2,1,"Loyal"
17030.0,"2011-10-07 08:49:00",1,146.87,2,1,1,"At risk"
14683.0,"2010-04-30 17:18:00",1,146.56,4,1,1,"At risk"
15496.0,"2010-03-18 13:16:00",1,146.14,4,1,1,"At risk"
18137.0,"2010-06-06 14:18:00",2,145.99,4,2,1,"Loyal"
12565.0,"2011-02-24 10:34:00",1,145.92,3,1,1,"At risk"
13866.0,"2011-09-26 14:54:00",1,145.67,2,1,1,"At risk"
15937.0,"2011-10-06 15:48:00",1,145.35,2,1,1,"At risk"
17199.0,"2010-05-06 13:53:00",1,145.12,4,1,1,"At risk"
14972.0,"2011-08-03 14:54:00",2,145.07,3,2,1,"Loyal"
16598.0,"2011-02-27 11:42:00",1,145.05,3,1,1,"At risk"
15902.0,"2010-11-24 16:57:00",1,145.01,4,1,1,"At risk"
16852.0,"2011-11-29 13:22:00",2,144.91,1,2,1,"Lost"
17938.0,"2010-10-15 14:27:00",1,144.29,4,1,1,"At risk"
14109.0,"2011-09-28 10:18:00",1,144.20,2,1,1,"At risk"
15816.0,"2010-06-15 13:36:00",2,144.15,4,2,1,"Loyal"
17186.0,"2011-10-24 10:20:00",2,144.00,2,2,1,"At risk"
12587.0,"2011-12-02 12:47:00",1,144.00,1,1,1,"Lost"
12387.0,"2010-10-20 16:27:00",1,143.94,4,1,1,"At risk"
14604.0,"2010-03-16 13:00:00",1,143.86,4,1,1,"At risk"
14574.0,"2009-12-07 12:42:00",1,143.70,4,1,1,"At risk"
17149.0,"2010-09-14 14:56:00",1,143.10,4,1,1,"At risk"
15705.0,"2011-05-22 15:37:00",1,143.10,3,1,1,"At risk"
15761.0,"2010-09-23 09:33:00",1,143.05,4,1,1,"At risk"
14386.0,"2011-02-16 09:45:00",1,142.40,3,1,1,"At risk"
14041.0,"2011-03-18 13:25:00",1,141.41,3,1,1,"At risk"
17273.0,"2010-10-11 15:57:00",1,141.12,4,1,1,"At risk"
12636.0,"2009-12-01 09:55:00",1,141.00,4,1,1,"At risk"
17959.0,"2010-04-26 14:12:00",1,140.75,4,1,1,"At risk"
14773.0,"2010-04-26 10:29:00",1,140.55,4,1,1,"At risk"
15388.0,"2011-03-14 13:53:00",1,140.54,3,1,1,"At risk"
15702.0,"2010-08-20 14:50:00",2,140.39,4,2,1,"Loyal"
13483.0,"2011-10-05 11:53:00",1,140.34,2,1,1,"At risk"
15324.0,"2010-01-07 14:37:00",1,140.22,4,1,1,"At risk"
13839.0,"2010-08-10 13:52:00",1,139.95,4,1,1,"At risk"
15848.0,"2010-03-28 10:54:00",1,139.94,4,1,1,"At risk"
16840.0,"2010-04-15 15:48:00",2,139.85,4,2,1,"Loyal"
16483.0,"2011-05-31 13:08:00",1,139.35,3,1,1,"At risk"
14772.0,"2011-08-19 15:04:00",1,139.26,3,1,1,"At risk"
14707.0,"2010-09-30 11:37:00",2,139.20,4,2,1,"Loyal"
18209.0,"2011-11-11 12:07:00",1,139.10,2,1,1,"At risk"
13273.0,"2011-08-18 14:02:00",1,138.98,3,1,1,"At risk"
12902.0,"2011-03-20 12:06:00",1,138.68,3,1,1,"At risk"
13716.0,"2011-03-15 13:49:00",1,138.28,3,1,1,"At risk"
17982.0,"2010-01-28 09:38:00",1,138.18,4,1,1,"At risk"
15663.0,"2011-08-25 15:50:00",1,138.14,3,1,1,"At risk"
12512.0,"2011-10-04 14:55:00",2,138.03,2,2,1,"At risk"
16396.0,"2010-08-20 14:17:00",1,137.80,4,1,1,"At risk"
13279.0,"2011-09-22 17:24:00",1,137.75,2,1,1,"At risk"
15836.0,"2011-10-20 17:13:00",1,137.37,2,1,1,"At risk"
13907.0,"2010-01-17 12:22:00",1,136.80,4,1,1,"At risk"
16237.0,"2010-09-28 17:02:00",1,136.65,4,1,1,"At risk"
16289.0,"2010-09-03 14:02:00",1,136.31,4,1,1,"At risk"
16651.0,"2010-05-02 11:46:00",1,136.20,4,1,1,"At risk"
17972.0,"2011-04-12 12:16:00",1,136.04,3,1,1,"At risk"
16876.0,"2010-11-01 11:59:00",1,136.01,4,1,1,"At risk"
16462.0,"2011-09-27 10:24:00",3,136.00,2,3,1,"At risk"
14366.0,"2010-07-02 17:23:00",1,136.00,4,1,1,"At risk"
17583.0,"2010-05-28 14:24:00",1,135.95,4,1,1,"At risk"
12968.0,"2011-08-19 15:44:00",1,135.95,3,1,1,"At risk"
14889.0,"2011-01-07 15:19:00",1,135.90,3,1,1,"At risk"
15419.0,"2011-11-15 09:23:00",1,135.86,1,1,1,"Lost"
16114.0,"2011-06-22 10:13:00",1,135.75,3,1,1,"At risk"
14391.0,"2010-05-12 09:42:00",1,135.60,4,1,1,"At risk"
16665.0,"2010-12-12 14:03:00",1,135.40,3,1,1,"At risk"
13076.0,"2010-09-08 10:27:00",1,135.40,4,1,1,"At risk"
14588.0,"2010-05-10 15:08:00",1,135.39,4,1,1,"At risk"
13144.0,"2011-01-11 11:15:00",2,135.35,3,2,1,"Loyal"
13702.0,"2010-09-20 11:40:00",1,135.18,4,1,1,"At risk"
17960.0,"2011-06-21 14:15:00",3,135.08,3,3,1,"Loyal"
13364.0,"2011-09-29 18:13:00",1,134.96,2,1,1,"At risk"
13119.0,"2010-02-09 08:38:00",1,134.90,4,1,1,"At risk"
16055.0,"2011-05-03 09:26:00",1,134.80,3,1,1,"At risk"
14340.0,"2011-05-05 09:44:00",1,134.70,3,1,1,"At risk"
17826.0,"2010-11-30 13:23:00",1,134.59,3,1,1,"At risk"
14174.0,"2011-11-06 13:17:00",1,134.46,2,1,1,"At risk"
15926.0,"2010-06-15 15:23:00",1,134.44,4,1,1,"At risk"
16486.0,"2010-06-20 12:16:00",1,134.36,4,1,1,"At risk"
14280.0,"2011-05-27 10:37:00",1,134.04,3,1,1,"At risk"
16886.0,"2010-09-09 15:08:00",1,134.00,4,1,1,"At risk"
14349.0,"2011-11-29 15:39:00",1,133.50,1,1,1,"Lost"
15056.0,"2010-07-07 15:58:00",1,133.45,4,1,1,"At risk"
17881.0,"2011-02-08 17:16:00",1,133.35,3,1,1,"At risk"
12467.0,"2010-10-12 15:41:00",1,132.80,4,1,1,"At risk"
17909.0,"2009-12-02 13:10:00",1,132.55,4,1,1,"At risk"
12964.0,"2010-09-28 17:47:00",1,132.24,4,1,1,"At risk"
14444.0,"2010-09-09 18:56:00",1,132.04,4,1,1,"At risk"
14438.0,"2011-02-06 14:56:00",1,131.90,3,1,1,"At risk"
17565.0,"2010-05-02 11:54:00",1,131.83,4,1,1,"At risk"
17297.0,"2011-11-22 14:43:00",1,131.78,1,1,1,"Lost"
17455.0,"2011-05-20 12:31:00",1,131.70,3,1,1,"At risk"
13586.0,"2010-06-16 13:47:00",1,131.53,4,1,1,"At risk"
14795.0,"2011-06-26 13:04:00",1,131.45,3,1,1,"At risk"
14378.0,"2010-03-28 12:22:00",1,131.25,4,1,1,"At risk"
15409.0,"2009-12-18 15:35:00",1,131.25,4,1,1,"At risk"
17225.0,"2010-05-07 11:38:00",1,131.15,4,1,1,"At risk"
16865.0,"2010-11-03 11:34:00",1,130.95,4,1,1,"At risk"
15844.0,"2011-10-24 15:19:00",1,130.74,2,1,1,"At risk"
17240.0,"2010-04-22 15:44:00",1,130.60,4,1,1,"At risk"
16410.0,"2009-12-05 14:51:00",1,130.32,4,1,1,"At risk"
17818.0,"2009-12-02 11:34:00",1,130.18,4,1,1,"At risk"
16288.0,"2010-08-26 14:45:00",1,129.85,4,1,1,"At risk"
17762.0,"2010-09-09 17:40:00",1,129.75,4,1,1,"At risk"
15317.0,"2010-01-31 15:55:00",1,129.75,4,1,1,"At risk"
14865.0,"2011-12-02 16:25:00",4,129.72,1,3,1,"Lost"
17847.0,"2010-07-12 10:00:00",2,129.69,4,2,1,"Loyal"
14999.0,"2010-04-26 10:47:00",1,129.48,4,1,1,"At risk"
12555.0,"2010-01-26 16:26:00",1,129.23,4,1,1,"At risk"
13071.0,"2010-04-06 13:37:00",1,129.22,4,1,1,"At risk"
17056.0,"2009-12-01 12:55:00",1,128.60,4,1,1,"At risk"
16828.0,"2011-09-07 15:10:00",2,128.50,2,2,1,"At risk"
17089.0,"2010-11-18 15:33:00",1,128.45,4,1,1,"At risk"
16251.0,"2010-07-15 14:55:00",1,128.31,4,1,1,"At risk"
15892.0,"2010-02-08 16:23:00",1,128.20,4,1,1,"At risk"
13666.0,"2011-10-10 15:39:00",5,127.90,2,3,1,"At risk"
16397.0,"2010-03-21 15:36:00",1,127.88,4,1,1,"At risk"
13053.0,"2010-03-28 11:28:00",1,127.65,4,1,1,"At risk"
15578.0,"2011-06-30 13:03:00",1,127.10,3,1,1,"At risk"
16973.0,"2010-11-18 13:56:00",1,127.00,4,1,1,"At risk"
14751.0,"2010-01-24 13:37:00",2,126.45,4,2,1,"Loyal"
15463.0,"2011-11-10 12:57:00",1,126.14,2,1,1,"At risk"
16294.0,"2010-08-20 12:01:00",1,126.05,4,1,1,"At risk"
13794.0,"2010-06-11 12:30:00",1,126.03,4,1,1,"At risk"
17657.0,"2010-10-05 14:52:00",1,126.00,4,1,1,"At risk"
12814.0,"2011-08-30 12:11:00",1,125.92,3,1,1,"At risk"
13522.0,"2011-11-09 15:11:00",1,125.80,2,1,1,"At risk"
16925.0,"2010-06-17 15:03:00",1,125.65,4,1,1,"At risk"
15017.0,"2011-11-06 10:33:00",1,125.58,2,1,1,"At risk"
15731.0,"2010-06-04 10:10:00",1,125.30,4,1,1,"At risk"
13912.0,"2010-10-12 08:43:00",1,124.95,4,1,1,"At risk"
17148.0,"2011-10-19 09:59:00",1,124.88,2,1,1,"At risk"
14726.0,"2010-02-23 12:35:00",1,124.75,4,1,1,"At risk"
13312.0,"2010-09-14 14:36:00",1,124.75,4,1,1,"At risk"
16849.0,"2011-06-06 09:16:00",1,124.57,3,1,1,"At risk"
17541.0,"2010-07-18 11:36:00",1,124.46,4,1,1,"At risk"
17316.0,"2010-10-15 14:35:00",1,124.45,4,1,1,"At risk"
18000.0,"2010-05-24 17:34:00",1,124.25,4,1,1,"At risk"
12773.0,"2010-05-24 17:30:00",1,124.25,4,1,1,"At risk"
15779.0,"2010-09-02 16:40:00",2,124.08,4,2,1,"Loyal"
13968.0,"2010-10-12 13:22:00",1,123.66,4,1,1,"At risk"
14187.0,"2010-08-23 12:06:00",1,123.50,4,1,1,"At risk"
15927.0,"2010-03-02 13:25:00",1,123.39,4,1,1,"At risk"
16068.0,"2010-04-25 11:52:00",1,122.93,4,1,1,"At risk"
13876.0,"2011-10-07 10:22:00",1,122.70,2,1,1,"At risk"
13638.0,"2011-11-24 10:38:00",1,122.64,1,1,1,"Lost"
14165.0,"2011-03-09 12:39:00",1,122.54,3,1,1,"At risk"
14076.0,"2011-08-02 15:19:00",1,122.47,3,1,1,"At risk"
12969.0,"2010-04-16 10:50:00",1,122.45,4,1,1,"At risk"
16073.0,"2011-02-15 15:41:00",1,122.40,3,1,1,"At risk"
13084.0,"2010-08-05 08:49:00",1,122.40,4,1,1,"At risk"
13244.0,"2011-09-08 11:46:00",1,121.74,2,1,1,"At risk"
13182.0,"2011-10-25 13:46:00",1,121.18,2,1,1,"At risk"
15049.0,"2011-03-11 12:13:00",1,121.17,3,1,1,"At risk"
17260.0,"2010-10-24 13:21:00",1,120.95,4,1,1,"At risk"
17446.0,"2011-06-16 10:42:00",2,120.90,3,2,1,"Loyal"
14884.0,"2010-02-08 12:56:00",1,120.60,4,1,1,"At risk"
17543.0,"2010-06-08 12:41:00",1,120.05,4,1,1,"At risk"
18015.0,"2011-12-05 14:49:00",1,120.03,1,1,1,"Lost"
14259.0,"2011-07-21 10:44:00",1,120.00,3,1,1,"At risk"
14453.0,"2011-06-02 14:15:00",1,119.93,3,1,1,"At risk"
15161.0,"2010-11-16 16:08:00",1,119.92,4,1,1,"At risk"
17177.0,"2010-07-22 14:53:00",1,119.50,4,1,1,"At risk"
15843.0,"2011-02-09 10:19:00",1,118.95,3,1,1,"At risk"
17280.0,"2010-09-27 16:46:00",1,118.86,4,1,1,"At risk"
17079.0,"2011-09-22 15:34:00",1,118.80,2,1,1,"At risk"
14155.0,"2011-03-18 14:13:00",1,118.75,3,1,1,"At risk"
13193.0,"2011-10-09 14:30:00",1,117.88,2,1,1,"At risk"
12929.0,"2011-02-01 12:08:00",1,117.85,3,1,1,"At risk"
16291.0,"2010-01-26 16:26:00",1,117.72,4,1,1,"At risk"
17654.0,"2011-03-07 13:17:00",1,117.55,3,1,1,"At risk"
16959.0,"2011-09-13 15:03:00",1,117.35,2,1,1,"At risk"
17117.0,"2011-02-24 13:54:00",1,116.20,3,1,1,"At risk"
14874.0,"2010-06-22 14:58:00",1,116.18,4,1,1,"At risk"
13170.0,"2011-11-13 12:19:00",1,116.01,2,1,1,"At risk"
14143.0,"2011-07-29 09:48:00",1,115.80,3,1,1,"At risk"
14721.0,"2010-11-25 13:08:00",1,115.77,3,1,1,"At risk"
13241.0,"2010-10-24 11:17:00",1,115.58,4,1,1,"At risk"
17208.0,"2010-11-09 12:50:00",1,115.35,4,1,1,"At risk"
18027.0,"2011-09-02 10:38:00",1,115.31,3,1,1,"At risk"
18012.0,"2009-12-16 13:16:00",1,115.30,4,1,1,"At risk"
15352.0,"2010-06-09 11:28:00",1,114.95,4,1,1,"At risk"
17401.0,"2010-06-16 16:54:00",1,114.85,4,1,1,"At risk"
17933.0,"2010-03-17 15:11:00",1,114.69,4,1,1,"At risk"
15905.0,"2010-06-14 16:00:00",1,114.69,4,1,1,"At risk"
13188.0,"2011-11-28 15:28:00",1,114.60,1,1,1,"Lost"
14632.0,"2011-03-22 08:49:00",1,114.56,3,1,1,"At risk"
16247.0,"2011-06-22 14:23:00",1,114.56,3,1,1,"At risk"
17275.0,"2010-11-21 13:26:00",1,114.52,4,1,1,"At risk"
14974.0,"2011-11-02 13:01:00",1,114.39,2,1,1,"At risk"
14652.0,"2011-09-23 14:21:00",1,114.18,2,1,1,"At risk"
12938.0,"2011-11-14 11:21:00",1,114.14,2,1,1,"At risk"
14582.0,"2011-10-30 11:56:00",1,114.11,2,1,1,"At risk"
18148.0,"2010-03-03 11:40:00",1,114.10,4,1,1,"At risk"
14457.0,"2011-02-02 09:39:00",1,113.64,3,2,1,"Loyal"
18105.0,"2011-11-02 12:04:00",1,113.48,2,2,1,"At risk"
16821.0,"2010-11-23 10:04:00",1,113.35,4,2,1,"Loyal"
17784.0,"2010-06-07 16:08:00",1,112.86,4,2,1,"Loyal"
14689.0,"2011-05-15 11:22:00",1,112.80,3,2,1,"Loyal"
16697.0,"2011-04-12 17:12:00",1,112.75,3,2,1,"Loyal"
18129.0,"2011-04-10 14:16:00",1,112.55,3,2,1,"Loyal"
15899.0,"2010-12-06 10:36:00",1,112.50,3,2,1,"Loyal"
15610.0,"2011-10-19 10:36:00",1,112.46,2,2,1,"At risk"
13620.0,"2010-06-29 15:02:00",1,112.34,4,2,1,"Loyal"
17816.0,"2011-11-03 11:34:00",6,112.32,2,3,1,"At risk"
17893.0,"2011-04-28 13:50:00",1,112.25,3,2,1,"Loyal"
17900.0,"2011-06-02 14:38:00",2,112.20,3,2,1,"Loyal"
12756.0,"2011-09-14 09:31:00",1,112.08,2,2,1,"At risk"
14750.0,"2009-12-03 17:57:00",1,112.03,4,2,1,"Loyal"
15875.0,"2010-03-03 16:51:00",1,111.72,4,2,1,"Loyal"
16547.0,"2010-06-11 13:02:00",1,111.71,4,2,1,"Loyal"
17957.0,"2011-10-04 14:58:00",1,111.68,2,2,1,"At risk"
14668.0,"2010-09-20 15:03:00",1,111.63,4,2,1,"Loyal"
18124.0,"2010-08-24 17:21:00",1,111.53,4,2,1,"Loyal"
17304.0,"2010-06-23 16:23:00",1,111.50,4,2,1,"Loyal"
17887.0,"2011-08-02 17:29:00",1,111.35,3,2,1,"Loyal"
18120.0,"2011-05-09 13:45:00",1,111.15,3,2,1,"Loyal"
16064.0,"2009-12-14 16:11:00",1,111.00,4,2,1,"Loyal"
14464.0,"2010-05-20 18:00:00",2,111.00,4,2,1,"Loyal"
14509.0,"2010-06-23 13:21:00",1,110.95,4,2,1,"Loyal"
12692.0,"2010-03-12 14:02:00",1,110.95,4,2,1,"Loyal"
15537.0,"2011-06-29 13:10:00",1,110.92,3,2,1,"Loyal"
15853.0,"2011-10-19 10:38:00",1,110.80,2,2,1,"At risk"
18256.0,"2010-11-17 08:53:00",1,110.70,4,2,1,"Loyal"
14787.0,"2010-08-25 14:38:00",1,110.65,4,2,1,"Loyal"
16963.0,"2011-06-05 13:48:00",1,110.55,3,2,1,"Loyal"
14641.0,"2011-11-18 10:42:00",1,110.46,1,2,1,"Lost"
17836.0,"2011-10-23 16:13:00",1,110.21,2,2,1,"At risk"
16339.0,"2011-02-28 13:41:00",1,109.95,3,2,1,"Loyal"
15851.0,"2010-07-01 12:34:00",1,109.73,4,2,1,"Loyal"
14033.0,"2010-06-02 15:10:00",1,109.44,4,2,1,"Loyal"
16363.0,"2011-10-17 14:14:00",1,109.36,2,2,1,"At risk"
16664.0,"2010-05-19 17:11:00",1,109.20,4,2,1,"Loyal"
14345.0,"2011-11-01 09:51:00",1,108.98,2,1,1,"At risk"
16106.0,"2011-10-05 10:37:00",1,108.38,2,1,1,"At risk"
14374.0,"2010-06-16 14:25:00",1,108.00,4,1,1,"At risk"
14661.0,"2011-11-13 11:51:00",1,107.95,2,1,1,"At risk"
15583.0,"2010-11-28 15:04:00",1,107.86,3,1,1,"At risk"
13580.0,"2010-10-29 15:01:00",1,107.75,4,1,1,"At risk"
14943.0,"2010-02-14 16:04:00",1,107.62,4,1,1,"At risk"
15395.0,"2011-01-18 12:40:00",1,107.45,3,1,1,"At risk"
16301.0,"2009-12-03 10:20:00",1,107.33,4,1,1,"At risk"
15328.0,"2010-10-28 09:05:00",1,107.24,4,1,1,"At risk"
16047.0,"2010-01-26 16:34:00",1,107.14,4,1,1,"At risk"
15846.0,"2010-11-19 14:40:00",1,107.01,4,1,1,"At risk"
16630.0,"2010-10-28 14:30:00",1,106.80,4,1,1,"At risk"
16082.0,"2010-02-07 15:16:00",1,106.75,4,1,1,"At risk"
14637.0,"2010-01-31 15:52:00",1,106.68,4,1,1,"At risk"
15168.0,"2011-11-14 11:26:00",1,106.56,2,1,1,"At risk"
17791.0,"2011-11-10 12:09:00",1,106.10,2,1,1,"At risk"
16581.0,"2011-06-10 10:05:00",1,105.84,3,1,1,"At risk"
18103.0,"2010-06-08 13:36:00",1,105.80,4,1,1,"At risk"
15642.0,"2009-12-10 11:51:00",1,105.78,4,1,1,"At risk"
14579.0,"2010-10-03 14:36:00",1,105.56,4,1,1,"At risk"
15340.0,"2010-05-27 10:27:00",1,105.50,4,1,1,"At risk"
14027.0,"2011-10-10 09:01:00",1,104.82,2,1,1,"At risk"
17328.0,"2010-02-04 17:11:00",1,104.70,4,1,1,"At risk"
16375.0,"2010-08-26 14:25:00",2,104.00,4,2,1,"Loyal"
16896.0,"2010-06-02 15:40:00",1,103.95,4,1,1,"At risk"
14542.0,"2011-06-07 08:19:00",1,103.25,3,1,1,"At risk"
15924.0,"2009-12-08 15:00:00",1,102.82,4,1,1,"At risk"
17467.0,"2010-11-09 12:58:00",1,102.60,4,1,1,"At risk"
14836.0,"2011-11-29 16:45:00",3,102.45,1,2,1,"Lost"
15486.0,"2010-06-30 13:15:00",1,102.00,4,1,1,"At risk"
13829.0,"2010-10-14 18:19:00",1,102.00,4,1,1,"At risk"
18068.0,"2011-02-23 14:50:00",1,101.70,3,1,1,"At risk"
16516.0,"2011-11-09 14:59:00",1,101.70,2,1,1,"At risk"
16944.0,"2010-04-09 11:03:00",1,101.36,4,1,1,"At risk"
18086.0,"2011-03-10 13:34:00",1,101.34,3,1,1,"At risk"
18195.0,"2010-11-17 15:03:00",1,101.16,4,1,1,"At risk"
17741.0,"2010-10-29 11:59:00",2,101.10,4,2,1,"Loyal"
13011.0,"2010-12-02 17:22:00",1,101.10,3,1,1,"At risk"
16498.0,"2011-07-01 15:07:00",2,100.97,3,2,1,"Loyal"
17493.0,"2010-11-19 16:57:00",1,100.91,4,1,1,"At risk"
14946.0,"2011-11-25 13:33:00",1,100.90,1,1,1,"Lost"
17224.0,"2010-07-26 13:30:00",1,100.86,4,1,1,"At risk"
17427.0,"2011-09-29 11:29:00",1,100.80,2,1,1,"At risk"
14371.0,"2011-02-17 16:35:00",1,100.50,3,1,1,"At risk"
15635.0,"2010-11-09 08:58:00",1,100.35,4,1,1,"At risk"
17570.0,"2010-11-23 11:56:00",1,100.00,4,1,1,"At risk"
17939.0,"2011-07-03 12:27:00",1,99.14,3,1,1,"At risk"
12774.0,"2010-06-22 10:38:00",1,98.70,4,1,1,"At risk"
17538.0,"2011-11-14 12:12:00",1,98.42,1,1,1,"Lost"
16694.0,"2009-12-16 15:45:00",1,98.30,4,1,1,"At risk"
17895.0,"2011-10-26 17:00:00",1,98.00,2,1,1,"At risk"
18033.0,"2011-10-05 17:28:00",1,97.97,2,1,1,"At risk"
12984.0,"2011-11-21 12:37:00",1,97.50,1,1,1,"Lost"
17395.0,"2010-07-19 15:34:00",1,97.50,4,1,1,"At risk"
14642.0,"2011-10-12 11:08:00",1,96.12,2,1,1,"At risk"
13793.0,"2010-03-03 08:25:00",1,96.00,4,1,1,"At risk"
17024.0,"2011-10-25 13:47:00",3,95.85,2,2,1,"At risk"
18249.0,"2011-11-22 15:07:00",1,95.34,1,1,1,"Lost"
12548.0,"2011-06-26 15:35:00",1,95.20,3,1,1,"At risk"
15285.0,"2010-10-28 09:46:00",1,94.92,4,1,1,"At risk"
14833.0,"2010-07-29 10:06:00",1,94.80,4,1,1,"At risk"
15868.0,"2010-05-05 14:11:00",1,94.53,4,1,1,"At risk"
15397.0,"2011-02-23 09:25:00",1,94.00,3,1,1,"At risk"
14394.0,"2010-05-24 10:43:00",1,93.80,4,1,1,"At risk"
15305.0,"2010-06-02 13:50:00",1,93.60,4,1,1,"At risk"
15082.0,"2010-02-09 10:23:00",1,93.35,4,1,1,"At risk"
12992.0,"2009-12-14 16:46:00",1,93.35,4,1,1,"At risk"
16196.0,"2010-08-08 11:40:00",1,93.30,4,1,1,"At risk"
14054.0,"2011-10-05 15:49:00",1,92.46,2,1,1,"At risk"
16831.0,"2010-05-24 09:08:00",1,91.80,4,1,1,"At risk"
13160.0,"2011-11-17 13:07:00",1,91.80,1,1,1,"Lost"
12659.0,"2011-11-10 11:53:00",1,91.68,2,1,1,"At risk"
13392.0,"2010-01-31 13:34:00",1,91.14,4,1,1,"At risk"
14786.0,"2010-06-07 13:42:00",1,90.96,4,1,1,"At risk"
13947.0,"2011-10-05 14:42:00",1,90.60,2,1,1,"At risk"
14435.0,"2010-07-26 12:33:00",1,90.42,4,1,1,"At risk"
16506.0,"2011-11-20 12:17:00",2,90.30,1,2,1,"Lost"
16597.0,"2011-12-05 15:44:00",1,90.04,1,1,1,"Lost"
15686.0,"2010-10-15 13:50:00",1,90.00,4,1,1,"At risk"
14117.0,"2011-07-19 09:49:00",1,90.00,3,1,1,"At risk"
16061.0,"2010-10-04 15:29:00",1,89.65,4,1,1,"At risk"
13535.0,"2010-11-02 11:49:00",1,89.50,4,1,1,"At risk"
14760.0,"2011-02-15 16:27:00",1,89.20,3,1,1,"At risk"
13222.0,"2010-05-11 13:54:00",1,88.50,4,1,1,"At risk"
15603.0,"2011-09-22 10:04:00",2,88.48,2,2,1,"At risk"
15083.0,"2011-03-28 12:18:00",1,88.20,3,1,1,"At risk"
16564.0,"2010-05-19 14:41:00",1,87.80,4,1,1,"At risk"
17606.0,"2009-12-02 13:32:00",1,87.30,4,1,1,"At risk"
17763.0,"2011-03-21 14:25:00",4,86.15,3,3,1,"Loyal"
13180.0,"2010-04-11 13:37:00",1,86.10,4,1,1,"At risk"
15541.0,"2011-08-17 14:58:00",1,85.13,3,1,1,"At risk"
13841.0,"2011-04-01 12:10:00",1,85.00,3,1,1,"At risk"
12401.0,"2011-02-09 13:50:00",1,84.30,3,1,1,"At risk"
15094.0,"2010-09-02 16:55:00",2,83.00,4,2,1,"Loyal"
14347.0,"2009-12-03 10:49:00",1,82.60,4,1,1,"At risk"
13469.0,"2010-02-24 15:03:00",1,82.40,4,1,1,"At risk"
16028.0,"2010-04-23 11:45:00",1,82.20,4,1,1,"At risk"
13215.0,"2010-11-02 18:26:00",1,81.60,4,1,1,"At risk"
13006.0,"2011-10-14 13:49:00",1,81.57,2,1,1,"At risk"
17620.0,"2011-10-11 12:08:00",1,81.44,2,1,1,"At risk"
17008.0,"2010-10-06 15:19:00",1,81.36,4,1,1,"At risk"
14717.0,"2009-12-06 13:05:00",1,81.30,4,1,1,"At risk"
15170.0,"2010-10-29 10:34:00",1,81.15,4,1,1,"At risk"
17336.0,"2010-08-24 15:37:00",1,81.12,4,1,1,"At risk"
16789.0,"2011-12-01 15:12:00",1,80.80,1,1,1,"Lost"
17752.0,"2010-12-15 16:19:00",1,80.64,3,1,1,"At risk"
15833.0,"2009-12-02 11:59:00",1,80.40,4,1,1,"At risk"
15131.0,"2010-11-10 12:07:00",1,80.28,4,1,1,"At risk"
14190.0,"2010-02-11 14:27:00",1,79.90,4,1,1,"At risk"
16165.0,"2010-07-22 14:17:00",1,79.90,4,1,1,"At risk"
14589.0,"2010-12-03 11:42:00",1,79.50,3,1,1,"At risk"
14007.0,"2010-07-15 09:06:00",1,79.48,4,1,1,"At risk"
15753.0,"2011-02-08 12:41:00",1,79.20,3,1,1,"At risk"
17192.0,"2010-06-21 16:07:00",1,77.83,4,1,1,"At risk"
12570.0,"2010-01-26 17:28:00",1,77.52,4,1,1,"At risk"
17942.0,"2011-12-02 10:45:00",1,77.50,1,1,1,"Lost"
14785.0,"2011-11-29 13:21:00",2,77.40,1,2,1,"Lost"
13132.0,"2011-03-23 12:44:00",1,77.30,3,1,1,"At risk"
16867.0,"2010-01-19 09:11:00",1,76.74,4,1,1,"At risk"
14373.0,"2010-12-16 15:40:00",1,76.55,3,1,1,"At risk"
15668.0,"2011-05-06 10:39:00",1,76.32,3,1,1,"At risk"
14613.0,"2010-01-28 13:02:00",1,76.32,4,1,1,"At risk"
14090.0,"2011-01-19 10:51:00",1,76.32,3,1,1,"At risk"
13219.0,"2010-03-31 14:18:00",1,76.23,4,1,1,"At risk"
17628.0,"2011-09-19 15:21:00",1,75.75,2,1,1,"At risk"
16610.0,"2011-05-04 13:13:00",1,75.66,3,1,1,"At risk"
14559.0,"2010-11-14 16:05:00",1,75.60,4,1,1,"At risk"
17944.0,"2010-10-12 16:25:00",1,75.41,4,1,1,"At risk"
16420.0,"2010-11-08 15:15:00",1,75.00,4,1,1,"At risk"
13095.0,"2011-09-30 12:03:00",1,74.40,2,1,1,"At risk"
12506.0,"2011-04-21 08:54:00",1,73.50,3,1,1,"At risk"
18032.0,"2011-01-09 15:32:00",1,73.50,3,1,1,"At risk"
16171.0,"2011-10-11 14:51:00",1,73.20,2,1,1,"At risk"
17906.0,"2011-04-06 17:25:00",1,72.90,3,1,1,"At risk"
13105.0,"2010-09-29 13:41:00",1,72.00,4,1,1,"At risk"
16459.0,"2009-12-10 12:42:00",1,71.79,4,1,1,"At risk"
13938.0,"2011-11-04 14:37:00",1,71.66,2,1,1,"At risk"
16970.0,"2010-03-23 13:50:00",1,71.40,4,1,1,"At risk"
13185.0,"2011-03-17 11:56:00",1,71.40,3,1,1,"At risk"
17747.0,"2011-08-19 08:13:00",1,71.40,3,1,1,"At risk"
14576.0,"2010-12-02 17:51:00",1,70.80,3,1,1,"At risk"
13915.0,"2010-11-10 15:17:00",1,70.80,4,1,1,"At risk"
15564.0,"2010-09-02 15:52:00",2,70.74,4,2,1,"Loyal"
12568.0,"2010-03-05 09:15:00",1,70.00,4,1,1,"At risk"
13172.0,"2010-11-04 15:10:00",1,69.60,4,1,1,"At risk"
14906.0,"2010-09-20 16:30:00",1,68.44,4,1,1,"At risk"
12861.0,"2010-03-30 11:39:00",1,68.25,4,1,1,"At risk"
17249.0,"2010-10-07 11:33:00",1,68.03,4,1,1,"At risk"
14393.0,"2011-05-05 18:16:00",1,67.95,3,1,1,"At risk"
17532.0,"2010-11-19 08:13:00",1,65.34,4,1,1,"At risk"
13022.0,"2010-10-06 10:50:00",1,65.30,4,1,1,"At risk"
17216.0,"2010-06-03 13:03:00",1,65.05,4,1,1,"At risk"
13130.0,"2011-09-06 15:30:00",1,64.00,2,1,1,"At risk"
16238.0,"2010-10-13 12:36:00",1,63.66,4,1,1,"At risk"
17263.0,"2011-05-15 14:32:00",1,63.44,3,1,1,"At risk"
15470.0,"2010-05-13 09:35:00",1,63.42,4,1,1,"At risk"
12404.0,"2010-01-26 16:25:00",1,63.24,4,1,1,"At risk"
16058.0,"2010-10-29 16:48:00",1,62.70,4,1,1,"At risk"
13218.0,"2011-08-04 16:59:00",1,62.64,3,1,1,"At risk"
14650.0,"2010-04-29 20:27:00",1,62.50,4,1,1,"At risk"
15516.0,"2011-10-26 10:51:00",3,62.43,2,3,1,"At risk"
13380.0,"2010-10-03 10:18:00",1,62.40,4,1,1,"At risk"
13303.0,"2010-11-04 14:55:00",1,61.72,4,1,1,"At risk"
13818.0,"2010-10-06 12:35:00",1,61.28,4,1,1,"At risk"
15375.0,"2010-01-18 15:38:00",1,60.96,4,1,1,"At risk"
16605.0,"2009-12-15 19:03:00",1,60.48,4,1,1,"At risk"
15250.0,"2010-03-09 07:35:00",1,60.00,4,1,1,"At risk"
17174.0,"2011-05-06 11:47:00",1,59.90,3,1,1,"At risk"
13391.0,"2011-05-20 10:50:00",1,59.80,3,1,1,"At risk"
13682.0,"2011-06-05 14:06:00",1,59.50,3,1,1,"At risk"
15371.0,"2010-02-15 13:14:00",1,59.40,4,1,1,"At risk"
15233.0,"2010-11-03 13:36:00",1,59.40,4,1,1,"At risk"
14384.0,"2010-07-27 09:53:00",1,58.50,4,1,1,"At risk"
12466.0,"2010-01-26 16:26:00",1,56.73,4,1,1,"At risk"
17775.0,"2011-03-30 10:50:00",1,56.40,3,1,1,"At risk"
13366.0,"2011-10-20 13:37:00",1,56.16,2,1,1,"At risk"
15685.0,"2010-09-15 13:43:00",1,55.98,4,1,1,"At risk"
12776.0,"2010-02-10 12:11:00",1,55.50,4,1,1,"At risk"
12860.0,"2010-01-15 15:22:00",1,55.47,4,1,1,"At risk"
17494.0,"2010-07-26 10:06:00",1,54.70,4,1,1,"At risk"
12496.0,"2010-03-29 14:06:00",2,54.09,4,2,1,"Loyal"
13306.0,"2010-10-05 14:55:00",1,53.65,4,1,1,"At risk"
16349.0,"2011-02-22 12:40:00",1,53.50,3,1,1,"At risk"
17599.0,"2010-08-19 12:50:00",1,52.05,4,1,1,"At risk"
15313.0,"2011-08-21 16:02:00",1,52.00,3,1,1,"At risk"
16786.0,"2010-11-11 08:25:00",1,51.84,4,1,1,"At risk"
17844.0,"2011-08-25 11:27:00",1,51.56,3,1,1,"At risk"
13254.0,"2010-11-28 15:42:00",1,51.41,3,1,1,"At risk"
14351.0,"2011-06-28 11:56:00",1,51.00,3,1,1,"At risk"
14743.0,"2010-04-26 10:26:00",1,50.48,4,1,1,"At risk"
18184.0,"2011-11-24 15:28:00",1,49.80,1,1,1,"Lost"
14380.0,"2010-01-26 17:11:00",1,48.96,4,1,1,"At risk"
16530.0,"2010-02-09 15:30:00",1,48.35,4,1,1,"At risk"
16257.0,"2011-06-16 10:11:00",1,46.95,3,1,1,"At risk"
13438.0,"2010-06-10 18:46:00",1,46.50,4,1,1,"At risk"
15698.0,"2010-03-25 17:38:00",1,46.20,4,1,1,"At risk"
15672.0,"2009-12-14 16:52:00",1,45.30,4,1,1,"At risk"
17916.0,"2010-03-21 12:26:00",2,43.87,4,2,1,"Loyal"
14300.0,"2011-11-21 08:57:00",1,43.20,1,1,1,"Lost"
13913.0,"2010-07-21 10:11:00",1,42.22,4,1,1,"At risk"
13906.0,"2010-10-26 15:00:00",1,42.00,4,1,1,"At risk"
16219.0,"2010-07-27 11:44:00",1,40.80,4,1,1,"At risk"
14266.0,"2010-10-07 13:32:00",1,40.56,4,1,1,"At risk"
15178.0,"2011-03-24 15:12:00",1,40.50,3,1,1,"At risk"
14086.0,"2010-09-03 10:52:00",1,39.95,4,1,1,"At risk"
16659.0,"2011-06-03 15:03:00",1,39.12,3,1,1,"At risk"
17246.0,"2010-06-11 12:36:00",2,38.92,4,2,1,"Loyal"
18019.0,"2011-10-19 12:10:00",1,38.45,2,1,1,"At risk"
15455.0,"2010-04-21 12:43:00",1,38.25,4,1,1,"At risk"
15693.0,"2010-02-18 14:37:00",1,37.50,4,1,1,"At risk"
16162.0,"2011-04-01 15:03:00",1,37.40,3,1,1,"At risk"
17352.0,"2010-01-12 16:13:00",1,36.25,4,1,1,"At risk"
14993.0,"2010-05-25 12:47:00",1,36.13,4,1,1,"At risk"
15940.0,"2011-02-01 16:18:00",1,35.80,3,1,1,"At risk"
16417.0,"2010-08-04 09:08:00",1,35.70,4,1,1,"At risk"
17831.0,"2011-11-06 15:09:00",1,35.40,2,1,1,"At risk"
17533.0,"2010-10-01 09:14:00",1,34.80,4,1,1,"At risk"
15744.0,"2011-09-23 09:52:00",1,34.80,2,1,1,"At risk"
15871.0,"2010-09-28 14:16:00",1,33.10,4,1,1,"At risk"
16941.0,"2010-04-07 11:13:00",1,33.00,4,1,1,"At risk"
14977.0,"2009-12-14 10:37:00",1,31.93,4,1,1,"At risk"
17129.0,"2010-07-07 13:46:00",1,31.85,4,1,1,"At risk"
16454.0,"2011-10-26 11:40:00",4,30.95,2,3,1,"At risk"
13120.0,"2011-04-15 10:19:00",1,30.60,3,1,1,"At risk"
14144.0,"2010-08-10 15:17:00",1,30.60,4,1,1,"At risk"
16548.0,"2010-04-19 16:15:00",1,30.15,4,1,1,"At risk"
15575.0,"2010-03-30 12:50:00",1,30.10,4,1,1,"At risk"
15657.0,"2011-11-17 12:19:00",1,30.00,1,1,1,"Lost"
17319.0,"2010-02-08 15:47:00",1,29.10,4,1,1,"At risk"
17102.0,"2011-03-23 10:08:00",1,25.50,3,1,1,"At risk"
15284.0,"2010-07-27 13:25:00",1,24.75,4,1,1,"At risk"
14610.0,"2010-11-09 10:58:00",2,24.35,4,2,1,"Loyal"
16537.0,"2010-03-08 13:41:00",1,23.35,4,1,1,"At risk"
12606.0,"2010-01-26 16:23:00",1,21.00,4,1,1,"At risk"
16953.0,"2011-11-09 15:54:00",1,20.80,2,1,1,"At risk"
17986.0,"2011-10-14 14:22:00",1,20.80,2,1,1,"At risk"
13112.0,"2010-06-16 17:03:00",1,20.60,4,1,1,"At risk"
15999.0,"2009-12-04 12:31:00",1,20.40,4,1,1,"At risk"
13163.0,"2010-04-08 16:21:00",1,17.65,4,2,1,"Loyal"
16093.0,"2011-08-25 11:09:00",1,17.00,3,2,1,"Loyal"
12846.0,"2010-01-26 16:29:00",1,15.58,4,1,1,"At risk"
14580.0,"2010-07-09 15:20:00",1,14.85,4,1,1,"At risk"
14900.0,"2010-07-05 15:09:00",1,13.92,4,1,1,"At risk"
16878.0,"2011-09-16 17:39:00",1,13.30,2,1,1,"At risk"
17956.0,"2011-04-04 13:47:00",1,12.75,3,1,1,"At risk"
17378.0,"2010-11-30 18:46:00",1,10.95,3,1,1,"At risk"
18115.0,"2010-01-11 11:57:00",1,9.70,4,1,1,"At risk"
15040.0,"2010-06-16 11:40:00",1,7.49,4,1,1,"At risk"
15913.0,"2010-06-23 16:31:00",1,6.30,4,1,1,"At risk"
14792.0,"2011-10-07 09:19:00",1,6.20,2,1,1,"At risk"
16738.0,"2011-02-15 09:46:00",1,3.75,3,1,1,"At risk"
13788.0,"2010-07-22 15:50:00",1,3.75,4,1,1,"At risk"
14095.0,"2009-12-17 12:49:00",1,2.95,4,1,1,"At risk"
